# Blender 5.0.1
# www.blender.org
mtllib mesh_lowpoly.mtl
o mesh_lowpoly
v -0.031156 -0.238796 1.050397
v 0.038437 -0.061582 1.058207
v -0.005201 -0.110658 1.062670
v 0.067826 -0.227705 1.044479
v 0.038032 -0.046889 1.041266
v -0.107204 -0.347883 1.057306
v -0.055775 -0.061821 1.030638
v 0.096288 -0.047020 1.036454
v 0.012975 -0.285291 1.047727
v 0.130712 -0.068355 1.021263
v 0.113992 -0.319000 1.014709
v -0.060582 -0.292808 1.039531
v -0.233989 -0.333575 1.019804
v -0.026844 -0.340026 1.044156
v -0.217839 -0.309675 1.009307
v -0.072616 -0.044012 0.990467
v 0.183815 -0.303652 0.991429
v -0.096865 0.217649 0.978885
v -0.174141 -0.307512 0.979037
v 0.142041 -0.290347 0.995496
v 0.156198 -0.046746 0.989835
v -0.098651 0.040196 0.972492
v -0.124812 0.063153 0.983244
v -0.077060 0.244018 0.964478
v -0.298740 -0.313864 0.972101
v -0.248335 -0.314350 0.979326
v 0.176966 -0.300069 0.976267
v 0.230992 -0.333502 0.969858
v -0.307370 -0.305929 0.969871
v 0.174267 -0.064547 0.984297
v -0.181152 0.054209 0.946558
v -0.162344 -0.301238 0.964275
v -0.283126 -0.324090 0.970187
v -0.153004 -0.281114 0.969860
v 0.167920 -0.149214 0.977327
v -0.274053 -0.339919 0.964490
v -0.141947 -0.040629 0.945850
v -0.182318 -0.250326 0.935494
v 0.156727 -0.303209 0.953092
v -0.171858 0.209362 0.952935
v -0.037858 0.009264 0.929506
v -0.021380 0.234536 0.945346
v 0.008507 0.186323 0.926669
v -0.199814 -0.330557 0.930189
v -0.174361 -0.277881 0.930634
v -0.174643 -0.315666 0.940777
v -0.206209 0.197948 0.940816
v -0.034981 0.254321 0.926277
v -0.162228 -0.055623 0.944449
v 0.222184 -0.320134 0.942528
v 0.323027 -0.337092 0.935747
v 0.217028 -0.062793 0.917236
v -0.120790 -0.014730 0.917325
v -0.165280 -0.297976 0.919425
v -0.333184 -0.310029 0.932089
v -0.159188 -0.018889 0.920994
v -0.238464 0.029116 0.879236
v 0.209871 -0.299039 0.880622
v 0.419113 -0.320000 0.893461
v -0.032037 -0.032270 0.878941
v -0.275598 0.201132 0.871436
v -0.018977 -0.039964 0.878874
v -0.205081 -0.331184 0.877337
v 0.242473 -0.254686 0.882370
v 0.020009 0.346989 0.853913
v -0.230070 0.008772 0.869786
v -0.195903 -0.304707 0.882532
v -0.416185 -0.311249 0.873009
v -0.049564 0.378509 0.845635
v 0.175041 0.365941 0.852059
v 0.146322 0.348646 0.849651
v -0.417324 -0.306528 0.869582
v -0.053803 -0.051289 0.859553
v -0.101747 0.354909 0.842829
v -0.461370 -0.304215 0.848968
v 0.467047 -0.357221 0.857170
v 0.466901 -0.315794 0.851031
v -0.085813 -0.032594 0.879984
v -0.048360 -0.050927 0.865920
v 0.191439 0.614815 0.809146
v 0.308158 -0.084943 0.828027
v -0.210784 -0.312463 0.845290
v 0.087406 0.229561 0.839470
v 0.113761 0.652611 0.813158
v -0.234319 0.255948 0.820537
v 0.284231 0.354771 0.812650
v -0.047605 0.627650 0.806365
v -0.199826 0.369475 0.796996
v -0.336642 0.042555 0.795431
v 0.460761 -0.323462 0.793659
v 0.074491 0.295298 0.812149
v 0.095665 0.269789 0.813670
v -0.033580 0.301094 0.812033
v 0.526837 -0.316285 0.797243
v 0.127635 0.311874 0.817609
v -0.028483 0.282425 0.810323
v 0.307945 0.628331 0.800087
v 0.371556 0.372595 0.788532
v -0.197460 0.646861 0.779905
v -0.193477 0.638623 0.786201
v -0.178663 0.266694 0.802708
v 0.075436 -0.028422 0.807569
v 0.296001 0.606909 0.786028
v 0.113191 0.417869 0.782665
v -0.502067 -0.312715 0.803743
v 0.178745 0.273494 0.784040
v 0.270056 0.659599 0.772252
v 0.441797 0.370175 0.753590
v 0.013159 0.294781 0.807053
v 0.383988 0.630340 0.763773
v 0.170889 0.234545 0.767146
v 0.240717 0.333440 0.781120
v 0.210815 -0.039974 0.780609
v -0.289857 -0.292957 0.766952
v 0.187298 0.251590 0.762788
v -0.002476 0.432660 0.751739
v -0.189964 0.312731 0.780245
v 0.165709 0.550248 0.743818
v -0.232285 0.282435 0.761086
v 0.353998 -0.064144 0.753792
v -0.352035 -0.323670 0.747888
v -0.595278 -0.302814 0.748734
v 0.549442 -0.311368 0.751983
v -0.317658 0.017568 0.768802
v -0.347158 -0.040183 0.753727
v 0.033428 0.549272 0.736614
v -0.112334 0.684396 0.734273
v -0.290078 0.631830 0.714705
v 0.197764 0.547870 0.738881
v 0.319796 -0.340691 0.737578
v -0.592490 -0.296999 0.751024
v 0.119392 0.537297 0.718438
v 0.423267 -0.155754 0.707677
v -0.590972 -0.299444 0.741354
v 0.338735 -0.325858 0.731185
v -0.356829 0.364139 0.704669
v 0.373616 0.576791 0.716258
v -0.577828 -0.308304 0.739574
v -0.304949 0.275869 0.721063
v -0.334307 0.009183 0.736602
v -0.359735 0.267121 0.691385
v -0.365808 0.015240 0.715851
v -0.154143 0.436577 0.704689
v -0.462275 0.212739 0.690083
v 0.307777 0.547252 0.710723
v 0.193165 0.014971 0.711810
v -0.425088 -0.195314 0.705325
v -0.413688 -0.259015 0.701912
v -0.124133 0.553067 0.696895
v -0.461626 0.082275 0.718432
v 0.507136 0.353467 0.692415
v 0.533699 0.628208 0.672306
v 0.170987 -0.026219 0.718200
v 0.230569 0.006617 0.679815
v -0.699447 -0.298838 0.681907
v 0.326158 -0.052574 0.687557
v -0.644310 -0.317012 0.702635
v 0.342288 0.285086 0.685311
v 0.389138 0.326381 0.695947
v 0.150482 0.454872 0.668050
v 0.434789 -0.168407 0.681036
v -0.346083 0.304431 0.686439
v -0.343440 0.286027 0.687552
v 0.243933 0.243692 0.684367
v -0.396738 0.635102 0.649098
v 0.461353 -0.077019 0.655573
v 0.412854 0.426566 0.654940
v 0.281448 -0.041180 0.667862
v -0.231856 0.710572 0.637008
v 0.164009 0.530219 0.659532
v -0.435573 0.011137 0.647076
v 0.285438 0.261849 0.660692
v -0.445093 -0.273373 0.627601
v 0.475835 -0.252904 0.638580
v 0.404924 -0.340053 0.660060
v 0.423358 -0.342871 0.665952
v -0.277064 0.429641 0.659710
v -0.718056 -0.294022 0.666057
v -0.258923 0.544521 0.625916
v -0.531921 0.237950 0.614996
v 0.220543 -0.023700 0.662806
v 0.459028 -0.151478 0.655355
v -0.404198 0.651755 0.646515
v 0.235119 0.462051 0.645640
v 0.462328 -0.181218 0.656759
v -0.795503 -0.289392 0.636403
v 0.482486 -0.108292 0.648603
v 0.075339 0.463850 0.620368
v -0.042542 0.529055 0.626364
v -0.814189 -0.299545 0.626591
v -0.779759 -0.310558 0.632044
v -0.520763 0.037434 0.628459
v -0.730434 -0.309760 0.650158
v -0.492578 0.371720 0.578984
v 0.071020 0.517418 0.613779
v -0.461737 0.019140 0.614274
v -0.454063 -0.014984 0.625286
v 0.611283 0.366692 0.595708
v 0.305725 0.014117 0.598851
v 0.085786 0.735132 0.619894
v 0.627216 0.614526 0.591201
v -0.354259 0.565610 0.589572
v 0.049522 0.530064 0.608836
v 0.203089 0.525856 0.599062
v -0.811672 -0.291162 0.610950
v 0.518048 -0.127501 0.611556
v 0.511718 0.533028 0.596128
v 0.367695 0.268569 0.596381
v 0.441666 -0.052848 0.586391
v 0.522738 0.666448 0.612021
v -0.002950 0.525038 0.610858
v -0.455045 0.011622 0.615013
v -0.035142 0.518192 0.611598
v 0.438774 0.288953 0.616549
v -0.136685 0.524888 0.597748
v 0.082449 0.522630 0.596505
v -0.414182 0.273959 0.619323
v -0.215706 0.528311 0.584068
v 0.195614 0.497296 0.583562
v -0.061901 0.480609 0.598452
v -0.870989 -0.287627 0.580648
v -0.853591 -0.281260 0.590984
v 0.484507 0.282585 0.557103
v 0.345820 0.156421 0.592794
v 0.504635 -0.341539 0.590090
v 0.091391 0.497655 0.598492
v 0.048554 0.513311 0.600505
v 0.131518 0.501839 0.589995
v 0.352719 0.256959 0.592903
v -0.017093 0.497032 0.602028
v 0.062780 0.482243 0.603330
v 0.587028 0.592856 0.608197
v -0.072868 0.502195 0.589421
v -0.269808 0.542100 0.578820
v 0.432983 0.513358 0.579626
v 0.518427 0.336221 0.593549
v 0.264095 0.506002 0.584776
v 0.223683 0.513477 0.583887
v 0.296757 -0.026156 0.585524
v 0.253879 0.476551 0.587545
v 0.609194 0.560250 0.573192
v 0.368009 0.222451 0.583188
v 0.489473 -0.321082 0.573779
v 0.621250 -0.316152 0.583397
v 0.030238 0.528184 0.597651
v 0.144976 0.529875 0.585756
v 0.174664 0.472507 0.588200
v 0.628530 0.593681 0.571348
v 0.301547 0.275742 0.552038
v 0.356702 0.264784 0.567916
v -0.873326 -0.304854 0.568541
v 0.600150 0.540614 0.559762
v 0.360337 0.466024 0.569401
v 0.497744 -0.335206 0.564259
v 0.476376 -0.337745 0.584415
v 0.065149 0.526510 0.591515
v 0.211372 0.514312 0.576971
v 0.151085 0.526362 0.560975
v -0.477634 0.640549 0.552027
v -0.320633 0.550196 0.553977
v 0.344087 0.269602 0.555631
v 0.088827 0.476698 0.590365
v 0.431199 0.502511 0.546506
v -0.395919 0.695128 0.546236
v -0.427376 0.592715 0.552309
v -0.375577 0.443558 0.534518
v 0.361962 0.261527 0.549952
v 0.390248 -0.024913 0.541030
v 0.325207 0.277503 0.545827
v -0.485026 0.301250 0.552880
v -0.654155 0.214064 0.543473
v 0.354207 0.490882 0.553910
v 0.350987 0.479266 0.555244
v -0.552961 0.361340 0.520505
v -0.158683 0.480310 0.549740
v 0.158119 0.535537 0.544178
v -0.605205 -0.234306 0.533334
v -0.490433 0.279624 0.548129
v 0.159825 0.536541 0.551784
v 0.268945 0.277389 0.534521
v 0.262333 0.273209 0.533526
v 0.521887 -0.343811 0.540921
v -0.266116 0.550252 0.519110
v -0.555344 0.256511 0.516121
v 0.529245 0.442083 0.500625
v 0.264904 0.271557 0.528381
v 0.286523 0.276265 0.529953
v 0.657385 0.551313 0.509572
v 0.673429 0.345153 0.516234
v -0.180598 0.500885 0.539916
v 0.662864 0.579884 0.522321
v -0.600830 -0.262924 0.526105
v 0.684438 -0.320064 0.505801
v -0.570237 0.010808 0.505502
v -0.265181 0.484343 0.497922
v 0.410608 0.274995 0.500460
v -0.132903 0.775081 0.495981
v 0.405178 -0.002868 0.506357
v -0.657569 0.233353 0.514165
v 0.701258 0.606235 0.502267
v 0.519454 0.509277 0.515936
v 0.417096 0.471043 0.518690
v 0.394934 -0.004153 0.509475
v -0.390292 0.549173 0.487648
v -0.533032 0.280867 0.494116
v 0.405915 0.270719 0.499467
v 0.453993 0.489943 0.502371
v 0.384465 -0.027071 0.497751
v 0.690097 -0.351617 0.478794
v -0.548843 0.329630 0.495903
v -0.609308 -0.060017 0.499146
v -0.551797 0.006975 0.518677
v 0.709078 0.349110 0.489489
v -0.067169 0.472353 0.465201
v -0.546570 0.386336 0.481179
v 0.451508 0.233177 0.476430
v -0.540511 0.649149 0.461212
v 0.501656 0.464207 0.475274
v -0.940097 -0.279705 0.486628
v -0.930788 -0.285438 0.492902
v 0.646583 0.530211 0.474259
v -0.566137 -0.295484 0.462136
v 0.642248 -0.110824 0.473379
v 0.541694 -0.351792 0.481235
v -0.253084 0.504816 0.495077
v 0.415844 0.490886 0.511797
v -0.587490 -0.022234 0.492942
v 0.405784 -0.010218 0.489500
v -0.724739 0.217512 0.463637
v -0.736527 0.039903 0.459362
v -0.452420 0.568149 0.481840
v -0.285331 0.545931 0.459683
v -0.029855 0.781567 0.460308
v -0.321037 0.561100 0.476955
v 0.424164 0.013895 0.471879
v 0.624046 0.287397 0.459064
v 0.670276 -0.329440 0.468644
v -0.108721 0.473254 0.460107
v 0.486545 0.721902 0.489253
v -0.731894 0.062251 0.473227
v -0.675503 -0.045961 0.442851
v -0.105160 0.469987 0.457632
v -0.070468 0.476301 0.459584
v -0.270866 0.505368 0.463921
v 0.382975 -0.022941 0.478769
v 0.503147 0.222927 0.432335
v 0.542908 0.507981 0.452358
v 0.583598 -0.059717 0.446431
v 0.673248 -0.351442 0.458118
v 0.538798 -0.340305 0.464887
v 0.682239 -0.345073 0.456085
v 0.500954 0.478942 0.469132
v 0.449066 -0.021742 0.468860
v -0.592694 0.357147 0.437177
v 0.727508 0.621678 0.433525
v -0.234769 0.773595 0.422251
v -0.556045 0.270314 0.439612
v 0.592725 0.698834 0.437542
v 0.661725 0.323473 0.448463
v -0.079524 0.473065 0.454062
v -0.617105 -0.023531 0.451395
v 0.699271 0.558406 0.441206
v 0.634972 -0.071397 0.450280
v 0.453432 0.266753 0.428375
v -0.579986 0.259493 0.434190
v -1.016066 -0.292006 0.423928
v 0.674262 -0.306541 0.434708
v -0.102993 0.475171 0.452806
v -0.623184 -0.013596 0.436049
v 0.185289 0.775564 0.420839
v -0.642417 -0.286974 0.434203
v -0.751252 0.209965 0.419575
v -0.678572 -0.001246 0.421430
v 0.100205 0.783255 0.411113
v -1.034721 -0.278857 0.408208
v 0.734418 0.348789 0.431477
v 0.671747 -0.313995 0.415302
v 0.693982 -0.282798 0.427437
v 0.578787 -0.326718 0.416262
v 0.702958 -0.355388 0.436305
v -0.169556 0.791140 0.411799
v -0.361945 0.481846 0.380420
v 0.530636 0.471490 0.415448
v -0.572931 0.322816 0.403739
v 0.642606 0.273729 0.387632
v 0.618723 -0.070234 0.395840
v 0.577340 -0.350418 0.409442
v -0.547682 0.411313 0.412164
v -1.008324 -0.293013 0.411381
v 0.181671 0.778742 0.389991
v -0.004116 0.801357 0.390698
v -0.733857 0.012851 0.397599
v 0.552519 0.487996 0.393886
v -0.626583 -0.023113 0.393313
v 0.494717 0.262656 0.406317
v 0.740621 -0.348411 0.395393
v -0.624399 0.363350 0.363418
v -0.639156 -0.016529 0.385739
v -0.099545 0.798542 0.386570
v -0.357840 0.549197 0.386562
v -0.584616 0.631567 0.380302
v 0.564753 0.464153 0.377497
v 0.403852 -0.051622 0.362953
v 0.533679 0.257898 0.385155
v -1.034301 -0.271173 0.384437
v -0.755691 0.063186 0.395677
v 0.148824 0.775689 0.393780
v -0.722832 -0.249399 0.384904
v -0.731668 0.241444 0.372985
v 0.466667 0.279666 0.363583
v -0.300166 0.500546 0.388136
v 0.738918 0.585718 0.382081
v 0.729595 -0.077277 0.350226
v -1.032812 -0.273646 0.377735
v 0.177228 0.797726 0.363373
v -0.740420 0.195570 0.345701
v -0.757260 -0.063223 0.362505
v -0.601330 0.386511 0.367410
v -0.727306 0.020614 0.351129
v 0.482973 0.282316 0.358056
v 0.476521 0.273103 0.361162
v 0.637683 0.510810 0.376534
v 0.468124 -0.034107 0.371022
v 0.386120 -0.053351 0.353105
v 0.410704 -0.052010 0.356472
v -0.532048 -0.327556 0.377754
v -0.669184 -0.313996 0.358447
v -0.171586 0.794963 0.361323
v 0.718870 0.543267 0.356453
v -1.085307 -0.281353 0.354282
v -0.754920 -0.054212 0.338432
v -0.585851 0.310916 0.330433
v 0.467411 0.749956 0.347570
v -0.681845 0.268214 0.342174
v 0.598149 0.496615 0.342423
v 0.487972 -0.040474 0.339714
v 0.547705 -0.039638 0.359982
v 0.595280 -0.332668 0.357937
v 0.691243 -0.318962 0.359596
v 0.262795 0.783667 0.345134
v -0.596467 -0.320860 0.363464
v 0.203368 0.808102 0.321276
v 0.502941 0.280341 0.327575
v 0.579593 0.252641 0.333224
v 0.385927 -0.054834 0.349360
v 0.763765 0.353745 0.326684
v 0.583176 0.487066 0.333267
v 0.654930 -0.341028 0.342198
v 0.685380 -0.330521 0.351497
v 0.552950 0.260902 0.358708
v -0.329978 0.514512 0.315176
v -0.546596 0.698084 0.313136
v -0.501382 0.564791 0.328188
v -0.524392 0.439637 0.329593
v 0.472609 0.302736 0.316223
v 0.574090 0.247100 0.331914
v -0.775131 -0.217052 0.319985
v 0.607378 -0.317144 0.347408
v -0.336952 0.501521 0.307673
v -0.608099 0.645315 0.309766
v -0.604039 0.279818 0.310957
v 0.491933 0.304206 0.308359
v 0.687674 0.515863 0.317479
v 0.793254 -0.295133 0.305641
v 0.690876 0.684922 0.274764
v -0.710465 0.203457 0.295972
v -0.066508 0.819118 0.280296
v 0.498796 0.297534 0.303335
v -0.165013 0.806856 0.285137
v 0.493342 0.282605 0.302695
v 0.808432 -0.310229 0.283972
v -0.591748 0.288462 0.316574
v 0.462589 0.287866 0.315680
v 0.477650 0.274588 0.311937
v -0.725248 0.123563 0.311985
v -1.120799 -0.265037 0.296910
v -0.362183 0.544699 0.291476
v 0.295515 0.794837 0.277715
v -0.770071 -0.072435 0.274471
v 0.659627 -0.074863 0.293386
v -0.194306 0.796865 0.291587
v 0.483316 0.301681 0.300480
v 0.595696 -0.054418 0.295028
v -0.686874 0.016618 0.272930
v 0.611190 0.502747 0.275054
v 0.806652 0.610245 0.268354
v 0.361939 0.775164 0.259539
v -0.265343 0.792639 0.260167
v -0.654364 -0.031834 0.262503
v -0.653486 -0.017107 0.278205
v 0.580200 -0.000713 0.265419
v -1.125394 -0.256555 0.270756
v -0.765317 -0.244120 0.271424
v 0.835079 -0.077417 0.247294
v -1.131652 -0.280033 0.271245
v -0.728398 -0.322504 0.256553
v 0.730025 0.284079 0.257109
v 0.821076 -0.344419 0.283568
v 0.806004 -0.218992 0.304542
v -0.676321 0.030081 0.257362
v -0.356262 0.526392 0.249232
v -0.404238 0.761957 0.257468
v 0.566058 -0.041496 0.252014
v -1.124964 -0.262209 0.250782
v 0.848036 -0.257421 0.250983
v 0.803579 -0.304101 0.273646
v 0.753476 0.314486 0.268275
v 0.613118 0.069575 0.253887
v 0.818395 -0.297492 0.269039
v -0.212640 0.804838 0.248851
v -0.433453 0.547369 0.256331
v 0.665190 0.507378 0.245622
v -0.716240 -0.303890 0.264546
v -0.776425 -0.173393 0.262797
v 0.867542 -0.086492 0.227128
v -1.131958 -0.282871 0.243669
v 0.851347 -0.295921 0.238029
v -0.623414 0.331694 0.259082
v -1.150188 -0.255693 0.239986
v -0.537703 0.717830 0.190435
v -0.670343 0.382711 0.215597
v 0.717975 0.517567 0.212060
v 0.633565 0.250368 0.255643
v 0.618180 -0.061400 0.209515
v 0.880520 -0.315906 0.211702
v -0.631850 0.268909 0.242592
v 0.792644 0.130054 0.199647
v 0.792404 0.103837 0.210531
v 0.812864 0.103438 0.212979
v -0.626582 0.654147 0.192105
v 0.036555 0.827233 0.199327
v -0.350018 0.513556 0.233213
v 0.819665 0.608427 0.195534
v 0.701922 0.419430 0.211551
v 0.134012 0.821495 0.200552
v -0.623666 0.297843 0.214841
v 0.805972 0.585737 0.223030
v 0.613259 0.495416 0.218104
v 0.800665 0.088374 0.202626
v 0.567550 -0.048488 0.210016
v -1.154349 -0.268743 0.195931
v -0.627507 0.255292 0.215302
v 0.822511 0.094447 0.199607
v -0.674985 0.367839 0.201086
v -0.611076 0.268066 0.187646
v 0.592769 -0.029151 0.193458
v 0.635361 0.013623 0.193742
v -0.014795 -0.313927 0.204711
v 0.861769 -0.309284 0.193571
v -0.624937 0.132540 0.196034
v 0.811216 0.354512 0.183018
v -0.716396 -0.067746 0.193619
v -0.524413 0.561027 0.173232
v -0.311243 0.792209 0.180018
v -1.171894 -0.254106 0.180364
v 0.807811 0.345288 0.184022
v 0.726543 -0.066971 0.215129
v 0.872669 -0.279103 0.184920
v 0.805095 -0.336774 0.173207
v 0.806369 -0.344207 0.167153
v -0.614888 0.193406 0.191326
v 0.822987 0.130781 0.184245
v -0.691482 -0.299850 0.182176
v 0.664846 0.510253 0.179033
v 0.883205 -0.169863 0.175313
v -0.589330 0.240632 0.180922
v 0.877801 -0.074259 0.166192
v -0.384024 0.510505 0.183868
v -0.736558 -0.173821 0.154865
v -0.225818 0.807056 0.162165
v -0.713025 -0.122557 0.143673
v 0.683407 0.095027 0.156647
v 0.554600 -0.052313 0.153641
v 0.846443 0.096818 0.154189
v 0.641978 0.475850 0.160389
v -0.170717 0.820745 0.137359
v -0.190731 0.811111 0.154607
v 0.795875 0.140850 0.144131
v 0.847240 0.111839 0.144130
v 0.714528 0.082088 0.142346
v -1.182943 -0.250289 0.142714
v 0.707002 0.102248 0.156916
v -0.729561 -0.137620 0.127184
v -0.251430 0.796423 0.118404
v 0.559385 -0.038858 0.127307
v 0.691374 0.060347 0.133472
v 0.649455 0.491846 0.133754
v 0.816631 0.070709 0.136536
v 0.802213 0.569567 0.126613
v 0.882517 -0.094789 0.136124
v 0.799674 -0.324301 0.132004
v -0.542008 -0.026085 0.135594
v -0.642250 0.666756 0.129658
v -0.514870 0.253611 0.111761
v -0.640310 0.323287 0.116704
v 0.417507 0.770108 0.119850
v 0.881002 0.080834 0.108206
v 0.778716 0.381047 0.112189
v -0.697106 -0.213262 0.103189
v 0.718505 0.155757 0.134002
v 0.807743 0.074018 0.119236
v 0.707365 0.229506 0.143925
v -0.405228 0.523204 0.108617
v -0.542990 0.134791 0.106683
v -0.507836 0.474919 0.099502
v -0.509067 0.267594 0.086730
v -1.171534 -0.237159 0.116429
v 0.390802 -0.057861 0.097826
v 0.787756 -0.346902 0.108896
v 0.855261 -0.263533 0.114342
v 0.547939 -0.045773 0.121912
v 0.801770 0.106425 0.111775
v 0.823042 0.111255 0.119535
v 0.511931 0.761237 0.121199
v 0.378286 0.790675 0.106986
v 0.559933 -0.041771 0.109055
v 0.754571 0.163535 0.107922
v 0.696289 0.505939 0.118640
v 0.761490 0.100887 0.098540
v 0.856688 0.061046 0.105722
v -1.177184 -0.249711 0.095896
v 0.585240 -0.052245 0.096624
v 0.768961 0.138840 0.103812
v 0.584511 -0.043047 0.099511
v -0.469706 0.238561 0.075808
v -0.538638 0.176649 0.103125
v 0.402313 -0.063347 0.089913
v -0.636878 -0.091484 0.082544
v -0.587210 0.284810 0.083346
v 0.421117 0.777750 0.077105
v 0.747754 0.239347 0.065387
v 0.399690 -0.060647 0.089636
v 0.440929 -0.061562 0.070466
v -0.625237 -0.279231 0.099644
v -1.167898 -0.243853 0.092066
v -0.665640 -0.138772 0.078873
v 0.024138 0.834505 0.101621
v -0.490510 0.017391 0.081678
v -0.812967 -0.145007 0.059238
v -0.817910 -0.163259 0.065238
v -0.520207 0.083602 0.078717
v -0.636796 -0.156662 0.061403
v 0.888025 0.082197 0.080230
v 0.705272 -0.006905 0.083020
v -1.185018 -0.232220 0.079088
v 0.764561 0.113504 0.075283
v 0.851522 -0.094605 0.079431
v -0.675110 -0.191527 0.063042
v -0.511056 0.206434 0.085735
v 0.689161 -0.027525 0.066051
v 0.723101 -0.347291 0.080347
v -0.398672 0.519819 0.052059
v -0.653015 -0.184356 0.056716
v -0.223377 0.794046 0.046150
v 0.798232 0.344245 0.056668
v -0.488036 0.044529 0.053550
v 0.445456 -0.069255 0.059507
v 0.609627 -0.050770 0.054843
v 0.891450 0.069491 0.062108
v 0.746614 0.010574 0.055412
v 0.913247 0.059805 0.053432
v 0.631531 -0.067857 0.051513
v -0.793913 -0.187786 0.053330
v -0.669303 -0.175337 0.061255
v -0.455796 -0.016484 0.051025
v 0.721057 0.053689 0.086237
v -0.630973 -0.162222 0.043238
v -0.362202 0.521306 0.035628
v -0.668165 0.361577 0.035736
v 0.629568 0.491073 0.045944
v -0.454157 -0.029770 0.048902
v 0.751187 0.278073 0.065185
v -0.594231 -0.101857 0.041106
v -0.580689 -0.126174 0.037142
v 0.900280 0.044866 0.049768
v -0.606770 -0.142567 0.033811
v 0.721791 -0.323377 0.060178
v 0.234064 0.821757 0.086451
v -0.215952 0.805431 0.076039
v -0.292241 0.510087 0.033346
v -0.487229 0.030127 0.044827
v 0.822014 -0.132973 0.042946
v 0.826646 -0.242100 0.048599
v -0.831991 -0.157179 0.033801
v -0.287927 0.516720 0.023468
v 0.728407 0.678529 0.023652
v -0.488237 0.045671 0.034936
v 0.630882 0.503227 0.023752
v -0.621440 0.319363 0.032874
v -1.171595 -0.219560 0.037757
v 0.745815 -0.021560 0.024002
v -1.160034 -0.229585 0.036852
v -0.641475 -0.193169 0.032049
v -0.488023 0.026937 0.029040
v -0.181291 0.486312 0.002409
v -0.377575 0.508879 0.024497
v -0.811025 -0.143024 0.020906
v 0.358071 0.801221 0.019183
v 0.776738 -0.163777 0.013377
v 0.932720 0.017656 0.005895
v 0.943231 0.028904 0.022252
v -0.560465 -0.130823 0.014762
v 0.457915 -0.050060 0.031295
v 0.536480 -0.047318 0.014361
v -0.175724 0.496650 0.002229
v 0.602978 -0.043091 0.022659
v -1.174524 -0.225764 0.034999
v 0.788759 -0.196204 0.015776
v -0.362384 0.774182 0.025766
v -0.271602 0.504218 0.009010
v -0.369360 0.532530 0.013272
v -0.226194 0.784039 -0.004995
v -0.428959 0.176120 -0.006746
v 0.723010 0.513783 0.031267
v -0.831471 -0.179579 0.009136
v -0.290295 0.498914 0.010495
v 0.695056 -0.059728 0.000661
v 0.542024 -0.053315 0.010097
v 0.581951 -0.054623 0.015551
v -0.372263 0.272855 -0.005299
v -0.803798 -0.151927 -0.002247
v -0.434392 0.191370 0.000623
v -0.230191 0.787118 0.007003
v -0.765019 -0.150539 0.015410
v -0.161259 0.819062 -0.004668
v 0.622367 0.497093 -0.013154
v 0.461693 -0.056149 0.024407
v -0.533490 -0.056693 0.017803
v 0.636754 -0.035915 -0.003248
v 0.574747 -0.045344 0.000262
v 0.709921 -0.039840 -0.001503
v 0.616501 -0.329979 -0.002980
v -0.573695 -0.233566 -0.012657
v -0.661360 0.388188 0.019523
v -0.801878 -0.170954 -0.003073
v -0.447929 0.146594 0.004345
v -0.756374 -0.182915 0.019697
v -0.479316 0.482695 -0.021290
v -0.574270 0.584079 -0.011558
v 0.493657 0.770397 -0.010847
v -0.154539 0.501105 -0.021660
v 0.940444 0.023394 -0.002471
v 0.666100 -0.074844 -0.016867
v 0.758737 0.273991 -0.016099
v 0.734519 -0.164658 -0.019613
v -0.658714 -0.149940 -0.008005
v 0.686311 -0.050404 -0.011575
v -0.395017 -0.203073 -0.024940
v -0.378314 -0.198303 -0.027113
v -0.284145 0.511227 -0.029562
v -0.334676 0.282891 -0.042316
v 0.404377 0.789080 -0.008876
v -0.192293 0.504758 -0.025165
v 0.823112 -0.010773 -0.035755
v 0.632527 -0.079553 -0.018390
v -0.154152 0.492268 -0.027810
v -1.100219 -0.198726 -0.032384
v 0.965951 -0.002929 -0.023061
v -0.551982 -0.141462 -0.030443
v 0.688440 0.439593 0.014026
v -0.391007 -0.203617 -0.032677
v -0.324376 0.260028 -0.029411
v -0.850671 -0.178821 -0.020074
v -0.288602 0.272512 -0.043758
v -0.631522 0.654119 -0.032610
v -1.120049 -0.190149 -0.036475
v 0.749935 -0.047534 -0.038518
v -0.536254 -0.120566 -0.026026
v 0.755882 -0.069699 -0.015501
v 0.657151 -0.041851 -0.043576
v -0.166930 0.486859 -0.035119
v 0.980235 -0.006669 -0.045554
v -0.564567 -0.184481 -0.043936
v 0.649608 -0.064462 -0.047594
v -0.533212 -0.202963 -0.044696
v -0.505801 -0.268373 -0.039362
v 0.810729 0.617169 -0.032724
v -0.872636 -0.147049 -0.024576
v -0.188320 0.521819 -0.042848
v 0.679061 -0.173403 -0.043846
v -1.067817 -0.175906 -0.054878
v -0.181813 0.789158 -0.042094
v -0.409105 0.123002 -0.054676
v 0.662140 -0.050950 -0.045592
v -0.657668 -0.197040 -0.062319
v -0.419290 -0.319393 -0.063763
v -0.436489 -0.189920 -0.057945
v 0.720111 -0.280235 -0.035887
v -0.297373 0.505286 -0.044403
v -0.443423 -0.173503 -0.051898
v -0.358642 -0.028859 -0.063716
v 0.676771 -0.148707 -0.052478
v -1.110901 -0.202400 -0.038527
v -0.952980 -0.159124 -0.050455
v -0.931228 -0.167309 -0.042527
v -0.375863 -0.195462 -0.037776
v -0.147958 0.810294 -0.071022
v -0.674568 -0.149842 -0.061912
v -0.221176 0.518376 -0.067069
v -0.459327 0.281791 -0.088759
v -0.478533 -0.174695 -0.063957
v -1.036302 -0.184373 -0.060340
v 0.849909 0.225282 -0.073044
v 0.850851 -0.019303 -0.072801
v -0.686797 -0.181896 -0.068326
v -0.422061 -0.306918 -0.066969
v -0.430325 0.061265 -0.045003
v -0.400829 0.165540 -0.056602
v 0.722697 -0.253672 -0.053117
v -0.270913 0.516479 -0.076817
v -1.003275 -0.159133 -0.071556
v -0.935562 -0.163076 -0.063010
v -0.294339 0.529036 -0.077224
v -0.183860 0.543984 -0.071603
v -0.366920 0.165458 -0.085044
v -0.485159 -0.094780 -0.076395
v -0.416803 -0.159073 -0.076155
v -0.172471 0.531517 -0.062289
v 0.624750 -0.049122 -0.070596
v 0.856451 0.163592 -0.065864
v 0.602967 0.510898 -0.075030
v 0.593308 0.506099 -0.084693
v 0.642858 -0.164395 -0.076869
v 0.712368 -0.085774 -0.071042
v 0.661413 -0.051962 -0.079828
v -0.414785 -0.189822 -0.078826
v -0.425992 -0.336171 -0.077645
v 0.694884 -0.208223 -0.060525
v -0.365638 0.201358 -0.074221
v -0.399839 0.188911 -0.060685
v -0.496781 -0.130232 -0.060671
v 0.577750 -0.053691 -0.094966
v 0.648797 -0.176524 -0.070909
v -0.500380 -0.191411 -0.065095
v -0.495242 -0.234049 -0.068591
v -0.239119 0.518669 -0.092321
v -0.556881 0.277835 -0.074424
v -0.374235 0.185023 -0.078955
v 0.611020 -0.174031 -0.103266
v -0.218683 0.268803 -0.109776
v 0.768689 0.331699 -0.093093
v -0.405743 -0.180283 -0.085493
v 0.710209 -0.048983 -0.094437
v -0.439482 -0.197195 -0.087739
v -1.069280 -0.182247 -0.066923
v -1.014740 -0.170108 -0.078695
v -0.228281 0.536907 -0.081559
v -0.284941 -0.028417 -0.107573
v -0.212282 0.528327 -0.082433
v -0.610057 -0.150410 -0.071516
v -0.982143 -0.178909 -0.068505
v -0.466098 -0.207459 -0.084877
v -0.665370 -0.152463 -0.104629
v -0.641441 0.373375 -0.104193
v 0.742551 0.274574 -0.124326
v 0.584733 -0.055775 -0.105534
v 0.844977 0.236846 -0.094653
v -0.382706 -0.314252 -0.109998
v 0.516481 -0.332081 -0.105957
v -0.384141 0.283423 -0.079050
v -0.646323 -0.179378 -0.088961
v 0.859418 0.217267 -0.100522
v 0.611556 -0.051042 -0.101598
v -0.583882 0.683518 -0.095661
v -0.341312 0.291543 -0.119069
v 0.683451 0.508645 -0.111947
v -0.423741 0.746115 -0.132544
v 0.828966 -0.021478 -0.107655
v 0.564891 -0.058793 -0.118693
v 0.857291 0.004800 -0.098701
v 0.661973 -0.089195 -0.106641
v -0.300923 0.286936 -0.138643
v -0.229923 0.282971 -0.120118
v 0.201498 0.820177 -0.106899
v -0.296740 0.533380 -0.131093
v -0.297206 0.512515 -0.137758
v -0.330813 0.115576 -0.134552
v -0.348544 0.085428 -0.129925
v 0.551763 -0.071753 -0.133201
v 0.483391 -0.352722 -0.133850
v -0.417398 -0.189928 -0.120468
v -0.255518 0.539086 -0.139986
v -0.257611 0.519109 -0.139873
v -0.518782 0.454521 -0.151736
v -0.174324 0.277499 -0.160045
v -0.395589 -0.064083 -0.139833
v 0.711991 0.523231 -0.137629
v 0.538162 -0.058428 -0.150190
v -0.276584 -0.020574 -0.142977
v -0.606405 0.408785 -0.137529
v -0.087627 0.812982 -0.126519
v -0.364893 0.299511 -0.131575
v -0.276371 -0.030553 -0.140063
v -0.121498 0.785438 -0.138433
v -0.423594 0.488428 -0.159493
v -0.363367 0.539809 -0.148880
v 0.834817 0.226632 -0.139031
v -0.424996 -0.108739 -0.141165
v 0.576452 -0.176443 -0.152388
v -0.426035 -0.087659 -0.141858
v -0.586012 0.632418 -0.181901
v -0.516657 0.281255 -0.146006
v -0.375264 0.302144 -0.168314
v -0.317731 0.132501 -0.159241
v 0.735313 0.376151 -0.139700
v -0.310430 -0.181333 -0.186942
v -0.348166 -0.335575 -0.168643
v 0.588218 -0.203629 -0.155443
v -0.319038 -0.184446 -0.177398
v 0.535821 -0.069518 -0.151631
v 0.606243 -0.136068 -0.137083
v -0.336104 0.291720 -0.171084
v -0.240292 0.533860 -0.181406
v -0.191452 0.292924 -0.182539
v -0.310185 0.100222 -0.174320
v -0.051303 -0.038008 -0.197309
v 0.850745 0.149246 -0.168100
v -0.402813 -0.135856 -0.165106
v 0.554436 -0.096040 -0.168030
v 0.844333 0.026350 -0.170695
v 0.536771 -0.155994 -0.188458
v 0.790273 0.596087 -0.161768
v 0.031842 -0.026932 -0.191256
v -0.325545 -0.318347 -0.175768
v -0.461109 0.300537 -0.189473
v -0.025325 0.780309 -0.215250
v 0.721630 0.658266 -0.175513
v -0.545921 0.309662 -0.183146
v 0.013067 0.811241 -0.181859
v -0.309670 0.019990 -0.164284
v -0.279247 0.176906 -0.186006
v 0.539737 -0.064924 -0.189481
v 0.597675 0.501007 -0.181953
v 0.570975 0.483177 -0.188529
v -0.390289 -0.187949 -0.186594
v 0.562130 -0.281268 -0.174252
v 0.596002 0.444874 -0.205095
v -0.000961 -0.030446 -0.196216
v -0.397117 -0.248210 -0.160327
v 0.012648 0.794678 -0.205440
v -0.285590 0.551270 -0.186921
v 0.777744 0.614557 -0.200596
v -0.044218 -0.052269 -0.214217
v 0.549710 -0.047967 -0.207167
v -0.200763 0.205061 -0.182558
v -0.384609 -0.087335 -0.185573
v -0.286756 -0.325619 -0.212959
v -0.349195 -0.154749 -0.191313
v -0.355934 -0.173614 -0.196702
v 0.607226 0.707321 -0.209800
v -0.237394 0.521418 -0.212149
v -0.232359 -0.020183 -0.225199
v -0.148622 0.286793 -0.206626
v 0.665270 -0.029675 -0.187634
v -0.064155 -0.021950 -0.217178
v 0.001042 -0.027545 -0.215257
v -0.002700 -0.036890 -0.215094
v 0.453986 -0.327902 -0.214989
v -0.002343 0.792671 -0.203269
v 0.029166 -0.028414 -0.200713
v 0.459568 -0.343233 -0.210756
v -0.516817 0.315669 -0.232455
v -0.143381 0.206786 -0.236901
v 0.678610 0.371927 -0.246796
v 0.495738 -0.173596 -0.236758
v 0.803218 0.059111 -0.228199
v 0.646668 0.514854 -0.225677
v -0.318337 -0.201331 -0.219821
v 0.475211 -0.353534 -0.217315
v -0.347554 -0.204240 -0.218042
v 0.268113 0.800952 -0.194323
v 0.087828 -0.135294 -0.239460
v -0.272426 0.550391 -0.245605
v -0.558365 0.420131 -0.228095
v -0.238411 0.530119 -0.232677
v 0.066216 0.800584 -0.237308
v -0.463591 0.560651 -0.220335
v -0.124806 -0.055315 -0.253515
v 0.090600 -0.143045 -0.244845
v 0.519367 -0.094357 -0.229959
v 0.128301 -0.153055 -0.252625
v 0.773700 0.200209 -0.237001
v -0.014157 -0.051857 -0.241497
v -0.226980 0.109280 -0.247699
v -0.330956 -0.090038 -0.231964
v -0.292628 -0.275355 -0.242462
v -0.856516 -0.140321 -0.245248
v 0.096182 -0.135185 -0.247339
v -0.574691 0.372968 -0.241937
v -0.067776 -0.021739 -0.257301
v 0.754599 0.006061 -0.239130
v -0.006208 -0.044127 -0.250025
v -0.196537 0.185298 -0.241657
v 0.518721 0.504879 -0.258235
v -0.523568 0.282866 -0.263655
v -0.113267 0.277758 -0.266355
v -0.507990 0.307775 -0.262338
v -0.223561 0.103702 -0.266440
v 0.141385 -0.150310 -0.266909
v -0.502522 0.282700 -0.267913
v -0.169214 -0.034247 -0.265590
v -0.148540 -0.029788 -0.267328
v -0.300176 -0.213404 -0.248421
v -0.555482 0.286163 -0.280893
v -0.244010 0.143369 -0.247421
v -0.236288 0.039548 -0.273966
v 0.130931 -0.154444 -0.276891
v 0.471077 0.497704 -0.277587
v 0.742649 0.596759 -0.265801
v 0.396857 0.761358 -0.275902
v 0.144230 -0.157764 -0.268118
v -0.214171 0.171695 -0.266317
v 0.177886 -0.159949 -0.282647
v -0.005833 -0.057817 -0.276643
v -0.246692 0.525494 -0.282327
v -0.558731 0.657412 -0.265886
v -0.276430 -0.189892 -0.285937
v -0.494143 0.307270 -0.289565
v -0.037698 -0.066384 -0.284989
v 0.307449 -0.067491 -0.309161
v 0.694690 0.342043 -0.270479
v 0.454563 0.475863 -0.296223
v 0.652573 0.277181 -0.296634
v 0.464855 -0.156953 -0.286624
v 0.337030 -0.348858 -0.297257
v -0.231873 -0.327237 -0.298937
v 0.488046 -0.195533 -0.266323
v -0.905849 -0.155135 -0.285669
v -0.518695 0.327566 -0.277719
v -0.246077 0.532569 -0.298882
v -0.727842 0.140175 -0.310006
v -0.315421 0.491251 -0.301589
v 0.297416 -0.066438 -0.307913
v 0.694093 0.569359 -0.283779
v -0.167483 -0.022411 -0.292616
v 0.182989 -0.159309 -0.292666
v 0.492292 -0.044965 -0.316332
v -0.901794 -0.175012 -0.303107
v -0.547211 0.288154 -0.283044
v -0.012068 -0.033364 -0.304668
v -0.274337 -0.110282 -0.297970
v -0.793455 0.135524 -0.300696
v -0.737531 0.148399 -0.306670
v -0.919763 -0.146674 -0.316332
v -0.784161 0.150795 -0.309194
v -0.860673 0.133299 -0.318623
v -0.875794 -0.174017 -0.311078
v -0.003491 0.782814 -0.293393
v -0.105522 0.204885 -0.326817
v -0.137522 -0.066262 -0.312734
v -0.244694 -0.059985 -0.298858
v -0.214682 0.099266 -0.314067
v -0.245767 -0.179672 -0.313821
v -0.218884 0.072609 -0.325827
v 0.297124 -0.072571 -0.314506
v -0.207332 0.120845 -0.319571
v -0.191040 -0.054700 -0.311217
v -0.173003 -0.201306 -0.338231
v -0.869366 0.141583 -0.317062
v -0.044273 -0.057540 -0.307904
v 0.174901 -0.167349 -0.295448
v -0.926749 -0.166374 -0.326906
v -0.888155 -0.146333 -0.322150
v -0.476499 0.332100 -0.330781
v 0.251718 0.770390 -0.340988
v -0.188273 0.138945 -0.330641
v 0.136815 -0.150759 -0.312000
v -0.229843 0.279012 -0.310508
v 0.133190 -0.154270 -0.315097
v -0.084026 0.268405 -0.341070
v -0.005447 -0.037960 -0.327735
v -0.081030 -0.044214 -0.316726
v 0.673024 0.233809 -0.318519
v 0.311635 -0.051184 -0.323001
v 0.322190 -0.051288 -0.327016
v -0.240888 0.543335 -0.332022
v -0.399541 0.271287 -0.323746
v -0.844327 0.141527 -0.319354
v 0.615959 0.269377 -0.333576
v 0.106818 -0.030986 -0.340669
v 0.695493 0.194565 -0.321983
v -0.664236 0.163340 -0.339750
v -0.624405 0.153516 -0.348053
v -0.124399 0.282290 -0.322805
v 0.323346 -0.061942 -0.328924
v 0.312154 -0.068026 -0.328712
v 0.087196 -0.043324 -0.349729
v -0.481465 0.610114 -0.338273
v -0.738396 0.153875 -0.316872
v -0.090359 -0.064632 -0.332502
v -0.875022 -0.155896 -0.321385
v -0.182737 -0.175012 -0.338894
v -0.224770 -0.224766 -0.334317
v -0.512578 0.647160 -0.339493
v -0.452883 0.425839 -0.330758
v -0.620870 0.163168 -0.351328
v 0.588384 0.675021 -0.355295
v 0.359046 0.513698 -0.357257
v 0.559351 0.405434 -0.348743
v 0.555325 0.521992 -0.341017
v 0.416473 0.522560 -0.344098
v 0.279703 -0.345019 -0.355665
v -0.951949 0.150323 -0.362197
v -0.193096 0.053074 -0.361530
v -0.187169 0.520607 -0.346945
v -0.910474 -0.168335 -0.338722
v -0.076487 -0.048268 -0.347562
v 0.338584 0.476171 -0.356519
v 0.679550 0.153289 -0.332175
v -0.398907 0.567457 -0.377100
v -0.635269 0.285671 -0.354471
v -0.129195 0.207900 -0.373792
v -0.047180 0.250268 -0.366378
v 0.427920 -0.066742 -0.358402
v -0.047051 0.235453 -0.369041
v -0.161801 -0.064543 -0.366375
v 0.635909 0.361980 -0.356801
v -0.176388 -0.145559 -0.365458
v -0.013971 -0.154556 -0.385339
v -0.168133 -0.178399 -0.356077
v 0.281499 -0.328419 -0.369967
v 0.397521 -0.264708 -0.364360
v 0.420942 -0.240560 -0.351191
v -0.676413 0.277780 -0.364843
v -0.047068 -0.030445 -0.358264
v -0.220669 0.131674 -0.357540
v 0.268356 0.507199 -0.372226
v -0.079373 -0.055527 -0.360454
v 0.621589 0.212740 -0.360267
v -0.044254 -0.043485 -0.360088
v 0.208801 0.479648 -0.377919
v -0.944481 0.150009 -0.369071
v -0.483335 0.360875 -0.364819
v 0.677738 0.623307 -0.359853
v -0.097645 0.223073 -0.371879
v -0.968251 0.155303 -0.384458
v -0.562443 0.162323 -0.388557
v 0.135454 -0.025602 -0.368649
v -0.019946 -0.158409 -0.389273
v -0.968225 -0.179553 -0.387331
v -0.133496 0.188248 -0.372059
v 0.115233 -0.018184 -0.376011
v 0.211338 0.469619 -0.386598
v -0.211570 -0.265708 -0.352037
v -0.973784 0.146957 -0.392798
v -0.367664 0.703815 -0.380826
v -0.196220 0.750920 -0.345345
v -0.031938 0.502300 -0.401276
v -0.039346 -0.021302 -0.386991
v 0.267779 0.466476 -0.392760
v -0.179004 -0.084071 -0.389561
v 0.368824 -0.166174 -0.391848
v 0.663041 0.591617 -0.370971
v -0.099044 0.239308 -0.382590
v -0.677980 0.276498 -0.377608
v 0.123873 -0.024987 -0.391358
v -0.065003 0.231103 -0.382404
v -0.386357 0.290126 -0.395287
v 0.150412 0.513676 -0.413315
v -0.055107 0.247571 -0.390848
v 0.007749 -0.153034 -0.415393
v -0.140373 0.017809 -0.387325
v 0.487147 0.527609 -0.406945
v -0.091274 0.169422 -0.410444
v -0.005015 0.513434 -0.408489
v -0.100077 0.057840 -0.413009
v 0.543573 0.260327 -0.403622
v 0.003907 -0.048389 -0.392062
v -0.101084 0.144989 -0.405011
v 0.638880 0.062028 -0.373782
v -0.162129 -0.272371 -0.402375
v -0.156729 -0.192088 -0.397662
v -0.062990 0.513461 -0.400682
v -0.423094 0.328214 -0.390182
v -0.686745 0.286357 -0.379166
v -0.144718 0.051061 -0.398597
v 0.142073 0.505338 -0.405687
v -0.149789 0.209473 -0.400224
v -0.027354 -0.037765 -0.397110
v -0.175328 -0.115126 -0.390230
v 0.495315 -0.036620 -0.394670
v -0.169000 -0.223423 -0.391234
v -0.141168 0.492410 -0.404280
v 0.000746 0.761544 -0.392127
v -0.136481 0.230787 -0.408005
v 0.150107 0.481202 -0.416376
v 0.251788 0.524281 -0.406316
v -0.099623 0.075694 -0.417258
v -0.016635 0.252559 -0.416285
v -0.012459 0.249209 -0.416975
v -0.068814 -0.012753 -0.410271
v -0.108982 0.125782 -0.427706
v 0.533775 -0.018883 -0.402718
v -0.133962 0.113325 -0.407736
v 0.367962 -0.101898 -0.408353
v -0.172051 0.075280 -0.407505
v -0.799274 0.248023 -0.432341
v 0.003952 0.514583 -0.424322
v -0.097402 0.051827 -0.428570
v -0.106126 0.031071 -0.422461
v -0.146863 -0.175932 -0.438864
v 0.078653 -0.031153 -0.412956
v -0.156147 0.254564 -0.414704
v 0.588504 0.342839 -0.404583
v 0.207087 -0.052294 -0.434008
v 0.193897 -0.064745 -0.432566
v 0.010109 -0.168544 -0.420253
v 0.534888 0.212654 -0.434312
v 0.074511 -0.021448 -0.413023
v 0.371957 0.445401 -0.407506
v -0.056325 -0.042285 -0.422275
v -0.298432 0.093132 -0.442014
v -0.356217 0.323489 -0.445150
v -0.796922 0.259335 -0.437915
v -0.012863 0.486970 -0.437129
v 0.393067 0.710332 -0.439854
v -0.805420 0.234554 -0.444818
v -0.047567 -0.030176 -0.435848
v -0.097722 0.242719 -0.456211
v 0.166314 -0.037944 -0.435897
v 0.494105 0.289484 -0.442435
v 0.210915 -0.058958 -0.436463
v -0.981905 0.150976 -0.417449
v -0.135554 0.240511 -0.428026
v -0.504296 0.165107 -0.449172
v 0.112984 -0.025248 -0.418731
v 0.001776 -0.163455 -0.432730
v 0.294668 -0.051351 -0.457728
v -0.550690 0.171509 -0.429522
v 0.311438 -0.133670 -0.437424
v -0.437939 0.649588 -0.421492
v 0.153278 -0.043859 -0.439530
v 0.002739 -0.150240 -0.435891
v -0.276214 0.078153 -0.443957
v 0.201362 -0.047431 -0.442761
v 0.371522 -0.050164 -0.442202
v 0.196871 -0.067774 -0.441261
v -1.007110 0.160182 -0.465438
v -0.288030 0.119118 -0.434652
v -0.150008 -0.124167 -0.432172
v -0.055484 0.155426 -0.450442
v 0.281461 -0.051028 -0.456430
v -0.231080 0.710044 -0.473082
v -0.289733 0.269826 -0.452507
v -0.816156 0.231369 -0.464534
v -0.120310 -0.071681 -0.463896
v -0.089993 0.205987 -0.456127
v -0.517419 0.176622 -0.454601
v -0.259531 0.125858 -0.456914
v -0.120347 -0.142012 -0.468653
v -0.112024 -0.056257 -0.452597
v -0.504229 0.160458 -0.457011
v -0.022734 0.242234 -0.431144
v -0.012163 0.244080 -0.438207
v -0.109056 -0.123446 -0.463190
v 0.242095 0.445307 -0.465236
v 0.100631 0.493432 -0.456836
v 0.463044 0.265038 -0.463962
v 0.290767 -0.074370 -0.455838
v -0.069014 -0.135941 -0.485227
v 0.088307 0.520754 -0.473142
v -0.828211 0.242839 -0.470215
v -0.377563 0.351926 -0.471474
v 0.015417 -0.153270 -0.450731
v 0.418330 0.542645 -0.496791
v -0.097594 -0.107739 -0.476918
v 0.499586 0.373225 -0.468090
v -0.856533 0.211119 -0.482251
v -0.350872 0.122642 -0.481889
v 0.060709 0.494909 -0.463226
v -0.247009 0.109644 -0.467610
v 0.062179 -0.025345 -0.498989
v -0.264216 0.082960 -0.465226
v -0.151547 -0.210545 -0.472749
v 0.566752 0.600242 -0.470023
v -0.104568 0.057946 -0.501491
v -0.080869 -0.054992 -0.477553
v -0.031967 0.175864 -0.493038
v -0.026852 -0.025620 -0.491411
v 0.275582 -0.062271 -0.481139
v 0.247074 -0.137771 -0.491795
v -0.115683 -0.245008 -0.483324
v 0.112786 0.462954 -0.474845
v -0.061101 0.533724 -0.477316
v -0.259276 0.548731 -0.441683
v 0.057835 0.144613 -0.505080
v 0.322313 0.436063 -0.464516
v -0.870090 0.219657 -0.497674
v -1.005195 0.158124 -0.482417
v -0.056665 0.236837 -0.504176
v -0.174082 -0.150845 -0.510009
v -0.024942 -0.035675 -0.501305
v 0.081271 0.146316 -0.508901
v 0.031386 -0.027390 -0.506660
v -0.269478 0.282183 -0.477568
v 0.044643 0.448110 -0.498455
v -0.065620 0.207894 -0.499948
v -0.360018 0.373875 -0.497542
v -0.470908 0.167620 -0.512678
v -0.482622 0.172305 -0.512957
v 0.042839 -0.006878 -0.519448
v -0.073864 0.018368 -0.497052
v 0.055843 -0.007455 -0.516515
v -0.122897 0.066812 -0.523830
v 0.032513 -0.039912 -0.517994
v -0.333129 0.389764 -0.493389
v -0.865792 0.215721 -0.505951
v 0.476411 0.353037 -0.496684
v 0.387973 0.291074 -0.518155
v -0.040472 0.204380 -0.509136
v 0.056783 -0.047195 -0.517996
v 0.080276 0.539171 -0.522683
v -0.167143 0.129809 -0.541126
v 0.069159 0.144435 -0.530588
v -0.198613 -0.177525 -0.522843
v 0.361894 0.401510 -0.510740
v 0.408547 -0.010610 -0.524470
v -0.060790 -0.264340 -0.521763
v -0.268756 0.328045 -0.517546
v -0.003334 0.147129 -0.523174
v 0.164219 0.072099 -0.531933
v 0.017380 0.168852 -0.521117
v -1.018349 0.170552 -0.548251
v -0.882029 0.177040 -0.539067
v -0.318987 0.639724 -0.511664
v -0.069395 0.133512 -0.542958
v -0.039680 -0.053963 -0.529983
v -0.062923 -0.110807 -0.526493
v 0.076977 -0.042169 -0.541926
v 0.148117 0.056591 -0.539188
v 0.021724 -0.025761 -0.539950
v 0.218389 -0.146376 -0.532147
v -0.115908 -0.223389 -0.535343
v -0.077335 -0.211024 -0.544315
v -0.042711 -0.192104 -0.544490
v -0.090445 0.416016 -0.531466
v -0.005719 0.237425 -0.530697
v -0.170860 0.096485 -0.523447
v 0.151541 0.071067 -0.538281
v -0.143106 0.269633 -0.514439
v 0.479803 0.038575 -0.507317
v -0.060042 -0.240764 -0.536906
v -0.900870 0.161433 -0.554748
v -0.181305 0.311783 -0.549644
v -0.466759 0.173609 -0.548806
v 0.505320 0.638064 -0.514055
v -1.004944 0.163920 -0.550790
v -0.231909 -0.164206 -0.550253
v 0.067393 -0.049094 -0.554738
v 0.037350 0.574407 -0.574561
v 0.160793 0.529785 -0.537177
v 0.140320 0.056349 -0.543902
v -0.054337 -0.132390 -0.543200
v 0.152246 0.058801 -0.542699
v -0.175299 -0.118755 -0.555238
v -0.015904 -0.018509 -0.542507
v 0.357162 0.254413 -0.558002
v 0.004275 -0.024733 -0.554659
v -0.232780 -0.188853 -0.552846
v 0.216835 -0.242250 -0.545356
v -0.447540 0.153083 -0.549487
v -0.139843 -0.128407 -0.537922
v -0.131953 -0.098509 -0.548917
v 0.227503 -0.109672 -0.540023
v 0.049889 -0.010307 -0.533726
v -0.910386 0.174333 -0.562907
v -0.184119 0.065985 -0.564627
v 0.035065 0.193636 -0.558154
v 0.303364 0.681109 -0.552305
v 0.028129 0.547905 -0.567689
v -0.027189 0.012671 -0.570622
v 0.055738 0.165827 -0.552361
v -0.105902 -0.053608 -0.568348
v -0.391065 0.089167 -0.573551
v -0.146889 -0.121243 -0.559979
v 0.057804 -0.035006 -0.558788
v -0.282615 -0.214762 -0.570568
v -0.207226 -0.196299 -0.549790
v -0.157360 -0.207072 -0.561628
v -0.058961 0.549600 -0.555523
v 0.165720 0.690871 -0.559245
v -0.076120 0.083678 -0.560730
v 0.243554 0.535185 -0.535409
v -0.026627 -0.064805 -0.547501
v -0.067114 0.091418 -0.568339
v -0.071293 0.128533 -0.567228
v -0.062394 -0.148352 -0.547675
v 0.027669 -0.025116 -0.551187
v -0.007879 -0.182981 -0.561054
v 0.202372 -0.273051 -0.546009
v -0.081063 0.556430 -0.577610
v -0.169590 0.580583 -0.570076
v -0.469113 0.167370 -0.570399
v -0.286272 -0.203263 -0.578269
v -0.054067 -0.013980 -0.578238
v 0.109659 0.300468 -0.585867
v -0.145799 0.124169 -0.589532
v -0.040477 -0.024311 -0.579994
v -0.418506 0.152827 -0.568015
v 0.074131 0.153045 -0.581877
v 0.028369 -0.038446 -0.571489
v -0.247857 -0.205072 -0.579883
v 0.122478 0.282943 -0.584936
v 0.036364 0.268981 -0.571705
v -0.082207 -0.047910 -0.574216
v -0.035266 0.052784 -0.567766
v -1.007700 0.167296 -0.579755
v -0.236010 0.074305 -0.589798
v -0.004473 -0.018260 -0.589124
v -0.221166 -0.156391 -0.595302
v 0.378195 0.231842 -0.573320
v 0.235221 0.285214 -0.596308
v -0.246084 -0.192071 -0.589072
v 0.118788 0.545200 -0.590291
v -0.243062 0.356838 -0.554412
v 0.208016 0.568960 -0.595000
v 0.345830 0.365927 -0.573622
v 0.051426 -0.048584 -0.577421
v 0.385616 0.192736 -0.589060
v 0.271790 -0.037765 -0.572129
v 0.254106 0.317192 -0.588430
v -0.319353 -0.252560 -0.597609
v -0.214137 0.645781 -0.588982
v 0.047853 0.563109 -0.599373
v -0.905972 0.147469 -0.593904
v -0.082769 0.669001 -0.588702
v -0.479313 0.147426 -0.608854
v -0.417302 0.142473 -0.600612
v -0.081886 0.087401 -0.599522
v -0.145507 0.109943 -0.600217
v -0.065033 -0.004775 -0.598164
v -0.199982 -0.147330 -0.601509
v -0.096295 0.132778 -0.604437
v -0.050366 -0.029781 -0.595018
v 0.175928 -0.114162 -0.586519
v 0.119639 -0.058048 -0.594567
v 0.076716 -0.059879 -0.588244
v 0.134903 -0.038889 -0.602020
v 0.035164 -0.256175 -0.586340
v 0.149229 -0.256959 -0.591871
v -0.928749 0.150209 -0.599391
v 0.171787 0.308724 -0.599255
v -0.280213 0.034409 -0.608991
v -0.157922 0.064954 -0.589072
v -0.082705 -0.035172 -0.590742
v 0.024956 -0.193576 -0.586171
v 0.339581 0.350580 -0.578267
v 0.396402 0.039782 -0.583323
v -0.344676 -0.259878 -0.605319
v 0.077614 0.240591 -0.604787
v -0.401934 0.109971 -0.597854
v -0.244490 0.072717 -0.613714
v 0.096866 0.545323 -0.621501
v -0.253346 0.036107 -0.609365
v 0.017020 0.554199 -0.609587
v -0.055987 0.158273 -0.610566
v -0.071531 0.163388 -0.617820
v -0.171912 -0.159520 -0.609921
v -0.093823 0.100464 -0.617773
v 0.076602 0.125444 -0.611854
v -0.350718 -0.258825 -0.614261
v -0.320971 -0.245081 -0.605405
v -0.261312 0.104867 -0.609801
v 0.074133 0.549745 -0.608558
v -0.495008 0.106778 -0.610629
v 0.164914 0.287801 -0.603746
v -0.210387 0.627838 -0.596730
v 0.401473 0.624629 -0.582239
v 0.058588 -0.072092 -0.599011
v -0.158699 0.083244 -0.604312
v 0.237225 -0.047121 -0.593407
v 0.066577 0.006487 -0.611735
v 0.122572 -0.280624 -0.588457
v 0.118235 0.253316 -0.632563
v -0.051259 0.591605 -0.614038
v -0.014268 0.541947 -0.636632
v -0.254469 0.077206 -0.627418
v -0.227401 0.070692 -0.623236
v -0.315383 0.035914 -0.632633
v 0.210703 0.275909 -0.621752
v -0.173088 -0.183071 -0.616763
v -0.087420 0.123962 -0.630911
v 0.230532 -0.021048 -0.617750
v -0.008345 0.056260 -0.621985
v -0.034959 0.227691 -0.633878
v 0.085062 0.557353 -0.619427
v 0.107407 0.568719 -0.619165
v -0.254980 -0.180504 -0.625952
v -0.121537 0.347688 -0.587199
v -0.123264 0.110030 -0.606401
v -0.263333 0.046536 -0.614029
v 0.090187 0.142696 -0.611889
v 0.041632 0.543977 -0.621184
v 0.085821 0.106907 -0.623664
v 0.109264 -0.258721 -0.602544
v -0.964178 0.152425 -0.635228
v 0.106622 0.223124 -0.635400
v -0.981326 0.170543 -0.627224
v 0.307659 0.636530 -0.620272
v -0.937471 0.150912 -0.632322
v 0.021363 0.043036 -0.642520
v 0.249894 0.250177 -0.633374
v -0.062874 0.077842 -0.640750
v -0.007210 0.012306 -0.636327
v -0.041085 0.013651 -0.632198
v 0.338480 0.606088 -0.611289
v -0.263468 -0.156465 -0.645640
v 0.075400 0.584853 -0.619979
v -0.488633 0.087816 -0.633878
v -0.071554 0.158534 -0.624698
v 0.075269 -0.104039 -0.606995
v 0.051013 0.336052 -0.618643
v -0.004028 0.051029 -0.627958
v 0.230942 0.350961 -0.601677
v -0.042455 0.260164 -0.655315
v -0.019296 0.276334 -0.659957
v -0.335373 0.032311 -0.653380
v -0.025595 0.051350 -0.641274
v 0.095374 0.532461 -0.647838
v -0.910604 0.120350 -0.650680
v -0.102421 0.095735 -0.661885
v -0.444163 0.130723 -0.649418
v -0.032457 0.067386 -0.656306
v -0.385975 -0.283841 -0.647023
v -0.236830 -0.197778 -0.641060
v -0.157852 -0.000684 -0.673494
v -0.916886 0.140513 -0.640956
v 0.136642 0.358346 -0.609640
v 0.040865 0.360574 -0.619345
v 0.002596 0.125183 -0.659045
v 0.101618 0.530255 -0.656215
v -0.071016 0.134098 -0.662213
v -0.897884 0.128782 -0.667918
v -0.968825 0.169442 -0.650846
v -0.379902 0.068845 -0.676246
v -0.463321 0.161868 -0.651389
v 0.040208 0.080445 -0.657572
v 0.020160 0.531272 -0.653582
v 0.008851 0.050667 -0.664552
v -0.012495 0.029285 -0.653189
v -0.076090 0.622247 -0.634459
v -0.333052 0.038847 -0.657773
v -0.350538 0.049571 -0.659696
v -0.009493 0.543089 -0.679358
v -0.098126 0.123124 -0.669191
v -0.346607 0.086889 -0.671166
v 0.030096 0.075289 -0.676008
v -0.340136 0.054268 -0.673503
v 0.295403 0.024203 -0.665593
v -0.510510 0.118556 -0.677732
v -0.491955 0.135164 -0.678743
v -0.405313 -0.321505 -0.674235
v -0.399195 -0.299370 -0.669657
v -0.553204 0.104044 -0.669921
v -0.506111 0.100096 -0.669315
v -0.014175 0.054584 -0.661408
v -0.543828 0.119169 -0.668322
v -0.483107 0.153971 -0.676741
v -0.034148 0.261614 -0.660236
v 0.157201 -0.005752 -0.661847
v 0.301186 0.222827 -0.651698
v -0.417749 -0.307632 -0.670845
v 0.217019 0.617332 -0.635900
v -0.016023 0.085795 -0.685127
v 0.022001 0.095719 -0.690679
v -0.380008 -0.341730 -0.690531
v 0.099282 0.534024 -0.657907
v 0.080648 0.616367 -0.641096
v -0.025432 0.334503 -0.685693
v -0.458721 -0.330066 -0.690962
v -0.917092 0.118744 -0.703742
v 0.012608 0.086342 -0.693514
v -0.481368 0.126182 -0.689663
v -0.473483 0.142284 -0.698910
v -0.326304 -0.178369 -0.703304
v -0.910267 0.099780 -0.703476
v 0.179358 0.226576 -0.689756
v -0.067271 0.083918 -0.706954
v -0.448254 -0.306213 -0.700220
v -0.004886 0.532699 -0.687802
v -0.162113 -0.001279 -0.685802
v -0.870406 0.113763 -0.698925
v -0.145320 0.002691 -0.684906
v 0.192550 0.239719 -0.682911
v 0.238104 0.005234 -0.677574
v 0.291884 0.180855 -0.675397
v 0.253802 0.032608 -0.691567
v -0.888080 0.141863 -0.704297
v -0.110244 0.071236 -0.715603
v -0.498611 0.134950 -0.712260
v -0.048496 0.107588 -0.700144
v 0.211884 0.216628 -0.695916
v -0.152798 0.004114 -0.688344
v -0.647860 0.104200 -0.714082
v 0.195531 0.035399 -0.686434
v 0.242746 0.146119 -0.699189
v -0.040738 0.400636 -0.726917
v -0.673663 0.130128 -0.723007
v -0.026210 0.384048 -0.722155
v -0.885020 0.117117 -0.731767
v -0.435683 0.091863 -0.731151
v -0.395306 0.065220 -0.728006
v -0.868775 0.102629 -0.731571
v -0.033381 0.371291 -0.721597
v -0.636968 0.103334 -0.719291
v -0.799489 0.131084 -0.721968
v -0.333574 -0.186373 -0.724761
v -0.336211 0.056230 -0.699482
v -0.783748 0.112775 -0.727181
v -0.695480 0.101024 -0.726970
v -0.288682 -0.153011 -0.724062
v -0.650548 0.127682 -0.726666
v 0.027712 0.097903 -0.728552
v -0.052302 0.416013 -0.742098
v -0.880427 0.088474 -0.737093
v -0.810284 0.138909 -0.739523
v -0.510664 0.137400 -0.736609
v -0.452855 0.126146 -0.759777
v -0.010737 0.540335 -0.746574
v -0.008909 0.533098 -0.745764
v -0.192262 0.068953 -0.763186
v -0.898600 0.100943 -0.740064
v -0.809842 0.119291 -0.739679
v -0.413434 0.122962 -0.739207
v -0.743812 0.124425 -0.744207
v -0.036848 0.541370 -0.766602
v -0.061768 0.466006 -0.777176
v -0.464837 0.130466 -0.778217
v -0.550413 0.110587 -0.769360
v -0.842868 0.087489 -0.774166
v -0.038310 0.425005 -0.757778
v -0.369656 0.093952 -0.765575
v -0.877639 0.103209 -0.774188
v 0.045092 0.133876 -0.786689
v 0.050076 0.133093 -0.788726
v 0.045013 0.119695 -0.783708
v -0.559184 0.099385 -0.783408
v -0.383622 0.116396 -0.782947
v -0.081195 0.487678 -0.798075
v -0.410255 -0.147073 -0.793091
v -0.856601 0.087978 -0.790794
v -0.490333 -0.318213 -0.804608
v -0.473381 -0.316431 -0.796209
v -0.405953 -0.134712 -0.791706
v -0.153171 0.084204 -0.786476
v -0.222140 0.062429 -0.815424
v -0.460591 0.168683 -0.819241
v -0.373214 -0.171007 -0.800207
v -0.371516 -0.131977 -0.798642
v -0.623305 0.091428 -0.805430
v -0.611499 0.104227 -0.806113
v -0.434814 0.139126 -0.795725
v -0.101888 0.492534 -0.828047
v -0.815813 0.094368 -0.811273
v -0.474854 0.183962 -0.830033
v -0.185834 0.107531 -0.811325
v -0.443561 0.128330 -0.811414
v -0.652758 0.074555 -0.821805
v -0.075390 0.478482 -0.808900
v -0.066481 0.510438 -0.805137
v -0.580553 0.107055 -0.804776
v -0.761966 0.085398 -0.818558
v -0.049121 0.532992 -0.814685
v -0.082492 0.536323 -0.830852
v -0.785186 0.081742 -0.823463
v -0.675339 0.102458 -0.833191
v -0.630857 0.083009 -0.829537
v -0.106780 0.521545 -0.833111
v -0.748314 0.092807 -0.840792
v -0.424156 -0.145272 -0.855216
v -0.303045 0.094378 -0.850267
v -0.663122 0.099177 -0.839054
v -0.453653 -0.342267 -0.843661
v -0.392986 -0.147118 -0.834287
v -0.302633 0.106442 -0.857992
v -0.426966 -0.133891 -0.851189
v 0.051066 0.154947 -0.856068
v -0.706162 0.084424 -0.843317
v -0.155288 0.545650 -0.884462
v -0.489578 0.184254 -0.871381
v -0.098212 0.541371 -0.856372
v -0.293357 0.115296 -0.870257
v -0.446059 -0.137688 -0.867252
v -0.465669 0.214204 -0.867425
v -0.253194 0.075646 -0.871554
v -0.179278 0.528862 -0.890833
v -0.514233 -0.298717 -0.889849
v -0.510955 -0.296313 -0.889495
v -0.088252 0.510846 -0.856754
v -0.497553 -0.331053 -0.875096
v -0.490266 -0.331406 -0.877749
v -0.462233 0.272108 -0.908524
v 0.038610 0.184213 -0.897199
v -0.465033 -0.117575 -0.907003
v -0.287396 0.101388 -0.897213
v -0.337553 0.086969 -0.912113
v -0.168746 0.509047 -0.906637
v -0.461093 -0.124115 -0.913657
v -0.331119 0.077490 -0.901729
v -0.483209 0.201951 -0.892645
v -0.323073 0.071568 -0.918326
v -0.146650 0.527146 -0.912528
v -0.456989 0.264712 -0.915472
v -0.199123 0.547497 -0.923632
v -0.512947 -0.288172 -0.916696
v 0.038652 0.184879 -0.920470
v -0.516657 -0.277863 -0.921541
v -0.374733 0.028445 -0.943198
v -0.164991 0.504880 -0.922661
v -0.523292 -0.244128 -0.956401
v -0.259661 0.530080 -0.953553
v -0.239934 0.496015 -0.951237
v -0.232088 0.535338 -0.950798
v -0.486869 -0.084885 -0.963819
v -0.368517 0.053288 -0.952423
v -0.478081 -0.130761 -0.965879
v -0.259619 0.509985 -0.962200
v -0.425131 0.351154 -0.964122
v -0.492644 0.290352 -0.944648
v -0.461988 0.359105 -0.966036
v -0.523163 -0.242832 -0.963593
v -0.350130 0.433158 -0.979954
v -0.406620 0.384608 -0.971937
v -0.261746 0.518936 -0.965775
v 0.007917 0.230116 -1.002134
v -0.492755 -0.126614 -0.982537
v -0.478998 0.361844 -0.985174
v -0.445119 0.404801 -0.988263
v -0.434996 0.378388 -0.981707
v -0.401336 0.413343 -0.983984
v -0.339885 0.430814 -0.985151
v -0.454193 -0.069973 -0.978589
v -0.259357 0.497141 -0.973178
v -0.500003 -0.173659 -0.984398
v -0.390639 0.008372 -0.967331
v -0.345443 0.486522 -0.989408
v -0.247174 0.480061 -0.968064
v -0.413464 0.406186 -0.992487
v -0.502069 -0.177870 -0.988313
v -0.314406 0.450498 -0.990026
v -0.444545 -0.020745 -0.994079
v -0.468544 0.350258 -0.985799
v -0.472915 -0.111066 -0.990955
v -0.352530 0.457234 -0.993916
v -0.346126 0.499818 -0.996745
v -0.285999 0.526723 -0.976850
v -0.521734 -0.215090 -0.977955
v -0.468147 -0.048224 -0.995637
v -0.000418 0.226997 -1.012380
v -0.333278 0.498065 -0.997593
v -0.402174 0.416492 -1.003122
v -0.448461 -0.046665 -0.999839
v -0.510052 -0.159052 -0.992475
v -0.430354 0.425034 -1.010194
v -0.475305 -0.057531 -1.012589
v -0.499050 -0.043986 -1.030670
v -0.489640 -0.053678 -1.029685
v -0.382727 0.467036 -1.012087
v -0.017250 0.235469 -1.065300
v -0.503809 -0.000762 -1.086122
v -0.503942 -0.013225 -1.084104
v -0.509996 -0.017949 -1.074488
v -0.032765 0.252220 -1.096507
v -0.061948 0.253387 -1.098202
v -0.041904 0.245137 -1.107986
v -0.089780 0.244453 -1.128881
v -0.096488 0.267449 -1.143118
v -0.491224 0.046986 -1.146409
v -0.485632 0.047941 -1.147771
v -0.151228 0.258826 -1.167360
v -0.127350 0.258906 -1.175366
v -0.141709 0.244198 -1.179220
v -0.446968 0.101022 -1.188078
v -0.176266 0.259698 -1.193727
v -0.433825 0.124423 -1.196021
v -0.440118 0.114547 -1.199296
v -0.379590 0.156276 -1.208883
v -0.178115 0.249872 -1.200288
v -0.251115 0.223580 -1.205830
v -0.303095 0.217110 -1.219524
v -0.398163 0.158449 -1.217384
v -0.301983 0.215883 -1.227641
v -0.302355 0.204454 -1.226493
vn -0.3256 -0.1428 0.9347
vn -0.1662 -0.0399 0.9853
vn -0.3305 0.6412 0.6925
vn -0.0675 0.8723 0.4843
vn -0.5663 -0.0680 0.8214
vn 0.0183 0.4986 0.8666
vn -0.2208 0.8983 0.3800
vn -0.3536 0.8783 0.3218
vn -0.0855 0.9565 0.2790
vn -0.5659 0.4590 0.6849
vn -0.2306 0.9502 0.2097
vn 0.0498 0.9466 0.3186
vn -0.8091 0.0751 0.5828
vn -0.1506 0.9748 0.1649
vn 0.0330 0.9673 0.2515
vn -0.2970 0.9477 0.1166
vn -0.8170 0.1964 0.5422
vn -0.0502 0.9823 0.1803
vn 0.0677 0.9830 0.1705
vn -0.1870 0.9736 0.1306
vn -0.5024 0.8415 0.1985
vn 0.2279 0.9405 0.2518
vn -0.2158 0.9589 0.1843
vn -0.2194 0.9755 0.0174
vn -0.4324 0.9004 0.0488
vn -0.9758 -0.0164 0.2182
vn 0.2184 0.9672 0.1294
vn -0.1512 0.9809 0.1227
vn -0.2304 0.9706 -0.0700
vn -0.1625 0.9867 -0.0053
vn -0.9794 0.0142 0.2014
vn -0.8983 -0.2782 0.3401
vn 0.3908 0.8914 0.2296
vn 0.2041 0.9407 0.2710
vn -0.9830 0.1789 0.0419
vn -0.5331 0.8340 -0.1424
vn 0.4444 0.8878 0.1198
vn 0.3446 0.8571 0.3829
vn 0.2322 0.9660 0.1137
vn -0.9866 0.1301 -0.0988
vn 0.2725 0.9424 0.1940
vn -0.8381 0.3081 -0.4501
vn 0.3082 0.9459 0.1011
vn 0.1461 0.9661 0.2130
vn -0.3183 0.8837 -0.3432
vn 0.1264 0.9916 0.0288
vn 0.1437 0.8877 0.4373
vn 0.2195 0.9756 0.0006
vn 0.0273 0.9466 0.3214
vn 0.0785 0.9923 -0.0961
vn 0.1343 0.9785 -0.1568
vn -0.0424 0.9774 -0.2070
vn 0.2221 0.9749 -0.0171
vn -0.1417 0.9405 -0.3089
vn 0.5884 0.0677 0.8057
vn -0.4629 0.1428 0.8748
vn -0.5796 -0.0050 0.8149
vn -0.1882 0.4201 0.8877
vn 0.4724 0.7149 -0.5155
vn -0.3280 0.8821 0.3382
vn -0.5044 0.8169 0.2798
vn 0.2647 0.8129 -0.5187
vn -0.7848 0.0555 0.6173
vn 0.3428 0.6189 -0.7067
vn -0.5965 0.7597 0.2588
vn -0.7413 -0.3862 0.5489
vn -0.3085 0.6451 -0.6990
vn -0.6132 -0.6583 0.4366
vn -0.4129 0.9074 -0.0781
vn -0.7556 0.3108 -0.5765
vn -0.1440 -0.3248 -0.9348
vn -0.8682 -0.3088 -0.3883
vn -0.8626 0.4915 0.1196
vn -0.8583 -0.4047 0.3156
vn 0.2842 0.5788 -0.7643
vn 0.2144 -0.7926 -0.5709
vn -0.4015 0.2577 0.8788
vn -0.2218 0.8580 0.4634
vn 0.5771 -0.5922 -0.5624
vn -0.4385 -0.8270 0.3518
vn 0.5854 0.6566 -0.4756
vn -0.0103 -0.9546 -0.2979
vn -0.2872 0.9269 0.2415
vn -0.6265 -0.7737 -0.0937
vn -0.4700 0.5695 -0.6744
vn -0.1642 -0.9655 -0.2020
vn -0.6364 0.7704 0.0394
vn 0.0209 -0.9844 -0.1745
vn -0.9109 -0.3739 -0.1746
vn -0.0900 -0.9896 -0.1124
vn -0.0461 -0.9954 -0.0835
vn -0.3006 -0.9537 -0.0047
vn -0.2200 -0.9561 -0.1933
vn -0.9100 -0.3954 0.1249
vn -0.5108 -0.7669 -0.3886
vn -0.3450 -0.9257 -0.1553
vn -0.9089 0.2575 -0.3279
vn -0.4531 -0.8901 0.0494
vn -0.6873 -0.6508 -0.3225
vn -0.1807 -0.9563 -0.2297
vn -0.3330 -0.9247 -0.1845
vn -0.4763 0.1871 -0.8591
vn -0.0339 -0.9324 -0.3597
vn -0.1492 -0.5324 -0.8333
vn -0.1924 0.8100 -0.5540
vn -0.1481 -0.9627 -0.2263
vn -0.1985 0.4078 -0.8912
vn -0.2463 0.7645 -0.5957
vn -0.6156 -0.3266 -0.7172
vn -0.5282 -0.4352 -0.7291
vn 0.0312 -0.8286 -0.5590
vn -0.2103 0.3762 -0.9024
vn 0.8200 -0.0306 0.5716
vn 0.8398 -0.0863 0.5360
vn 0.7603 0.0246 0.6491
vn 0.6995 -0.0304 0.7140
vn 0.4613 0.7371 0.4939
vn 0.8461 0.1047 0.5227
vn 0.7515 0.4319 0.4986
vn 0.4834 0.7666 0.4227
vn 0.7861 0.4822 -0.3867
vn 0.9959 -0.0660 0.0615
vn 0.9726 -0.2303 0.0318
vn 0.6288 0.6296 0.4563
vn 0.6836 0.7287 0.0401
vn 0.9247 0.2700 -0.2684
vn 0.8141 -0.4002 -0.4207
vn 0.7739 0.3768 -0.5090
vn 0.7637 0.5523 -0.3344
vn 0.7608 -0.2969 -0.5771
vn 0.2396 0.9468 -0.2148
vn 0.2778 0.9601 -0.0309
vn 0.3761 0.9085 -0.1824
vn 0.0987 0.9533 -0.2855
vn 0.2394 0.8976 -0.3702
vn -0.0533 0.9546 -0.2930
vn 0.3922 0.8628 -0.3189
vn 0.1841 0.8675 -0.4621
vn 0.0288 0.8516 -0.5234
vn 0.5110 0.1644 -0.8437
vn 0.4973 0.4893 -0.7164
vn 0.2197 0.4536 -0.8637
vn 0.6081 -0.3434 -0.7158
vn 0.3182 -0.4042 -0.8575
vn 0.0792 0.0482 -0.9957
vn -0.0864 0.0945 -0.9918
vn -0.0660 0.8102 -0.5824
vn 0.7461 0.0104 0.6658
vn 0.7203 0.2374 0.6518
vn 0.7048 -0.2620 0.6592
vn 0.5289 0.7490 0.3992
vn 0.6830 0.5541 0.4759
vn 0.6921 -0.2618 0.6727
vn 0.5284 0.6534 0.5421
vn 0.1876 0.9691 0.1605
vn 0.7281 0.1185 0.6751
vn 0.2599 0.9297 0.2610
vn 0.7284 0.0715 0.6814
vn 0.4589 0.8155 0.3526
vn 0.0867 0.9707 0.2242
vn 0.2647 0.9580 0.1105
vn 0.2013 0.9625 0.1817
vn 0.1257 0.9918 0.0226
vn 0.2354 0.9717 0.0210
vn 0.1586 0.9782 0.1337
vn 0.6153 0.4996 0.6097
vn 0.4451 0.7449 0.4970
vn 0.2020 0.9784 -0.0430
vn 0.6789 0.3732 0.6323
vn 0.4467 -0.2856 -0.8479
vn 0.2122 0.1756 0.9613
vn 0.7489 0.4902 0.4459
vn 0.2806 0.9586 0.0475
vn 0.5831 0.5440 0.6034
vn 0.6955 -0.2930 0.6561
vn 0.7654 -0.3306 0.5521
vn 0.7565 0.4980 0.4239
vn 0.6730 -0.2076 0.7099
vn 0.6258 -0.3338 0.7049
vn 0.8168 0.1388 0.5600
vn 0.7125 -0.1137 0.6924
vn 0.7582 -0.3884 0.5237
vn 0.8347 0.4195 0.3568
vn 0.1687 0.9856 -0.0090
vn 0.9354 0.1846 0.3016
vn 0.8193 -0.4452 0.3613
vn 0.7812 -0.6038 0.1587
vn 0.8321 0.4196 0.3627
vn 0.6455 -0.7251 0.2401
vn 0.9660 0.2478 0.0741
vn 0.8504 0.0401 0.5247
vn 0.7827 -0.6224 -0.0025
vn 0.4797 0.8772 -0.0218
vn 0.9553 0.2807 -0.0932
vn 0.6528 0.7569 -0.0303
vn 0.5639 0.8106 0.1579
vn 0.9080 0.1236 0.4003
vn 0.6420 0.7650 -0.0514
vn 0.4085 0.8576 0.3124
vn 0.7625 0.5795 -0.2878
vn 0.7190 0.2938 0.6298
vn 0.7732 0.4787 0.4158
vn 0.8570 0.4758 -0.1981
vn 0.2557 0.8933 0.3695
vn 0.8900 -0.0797 0.4490
vn 0.5134 0.6747 0.5303
vn 0.9765 0.1852 -0.1104
vn 0.5076 0.0061 0.8616
vn 0.3734 -0.8339 0.4064
vn 0.9432 -0.0107 0.3322
vn 0.5346 -0.6021 0.5930
vn -0.3357 0.9241 -0.1824
vn -0.2193 0.9718 -0.0870
vn -0.3795 0.9181 -0.1140
vn -0.3198 0.9345 -0.1564
vn -0.1863 0.9713 -0.1477
vn -0.4656 0.8459 -0.2602
vn -0.2260 0.9717 0.0687
vn -0.1409 0.9704 -0.1960
vn -0.5045 0.7967 -0.3328
vn -0.0042 1.0000 0.0038
vn -0.2941 0.9453 -0.1409
vn -0.2845 0.9065 -0.3118
vn -0.2369 0.9103 -0.3396
vn -0.2580 0.9435 -0.2079
vn -0.2315 0.8844 -0.4052
vn -0.2709 0.8967 -0.3500
vn -0.4177 0.8893 -0.1862
vn -0.2413 0.9093 -0.3390
vn -0.9458 0.3150 0.0783
vn -0.9821 0.1861 -0.0285
vn -0.2536 0.9616 -0.1047
vn -0.9290 -0.1523 -0.3374
vn -0.5815 0.6872 -0.4354
vn -0.1675 0.9777 0.1264
vn -0.0544 0.9915 0.1183
vn -0.1705 0.9793 0.1088
vn 0.0254 0.9708 0.2384
vn -0.2068 0.9757 0.0721
vn 0.0954 0.9490 0.3004
vn 0.0314 0.9934 0.1104
vn 0.1860 0.9087 0.3737
vn 0.0558 0.9953 0.0794
vn 0.1178 -0.2454 0.9622
vn -0.0690 -0.8751 0.4790
vn 0.1203 0.8266 0.5498
vn -0.0022 -0.9247 0.3807
vn 0.2953 0.1022 0.9499
vn -0.0570 -0.8317 0.5523
vn 0.1984 -0.6892 0.6968
vn 0.0395 -0.9907 0.1306
vn 0.0692 -0.8776 0.4744
vn 0.4822 0.1291 0.8665
vn 0.1418 -0.8677 0.4765
vn 0.4780 -0.5215 0.7068
vn 0.3409 -0.6743 0.6550
vn 0.2762 -0.8167 0.5066
vn 0.1365 -0.9293 0.3433
vn -0.1532 0.9796 -0.1303
vn -0.1468 0.9822 -0.1172
vn 0.5000 0.8259 0.2606
vn 0.3929 0.7942 0.4636
vn 0.5960 0.7240 0.3472
vn 0.6611 0.5109 0.5494
vn 0.6327 0.1880 0.7512
vn 0.8299 0.1207 0.5447
vn 0.9597 -0.1222 0.2530
vn 0.5785 0.3739 0.7249
vn 0.7099 0.4651 0.5290
vn 0.7181 0.2980 0.6289
vn 0.7063 0.2419 0.6653
vn 0.6779 -0.4148 0.6069
vn 0.7411 -0.4294 0.5162
vn 0.6534 -0.5523 0.5176
vn 0.5980 -0.1937 0.7777
vn 0.5983 -0.7742 0.2068
vn 0.6869 -0.3955 0.6097
vn 0.1274 -0.8140 0.5667
vn 0.7981 -0.1834 0.5739
vn 0.8352 -0.2928 0.4655
vn 0.3024 0.3454 0.8884
vn 0.7109 0.1547 0.6861
vn 0.7220 0.2877 0.6292
vn 0.7326 -0.0142 0.6805
vn -0.1569 -0.2651 0.9514
vn 0.1692 -0.4126 0.8951
vn -0.0125 0.2806 0.9597
vn -0.5423 -0.2562 0.8002
vn -0.4117 0.4773 0.7763
vn -0.2510 0.0962 0.9632
vn -0.6313 -0.4636 0.6217
vn 0.1272 -0.7863 0.6046
vn -0.5074 -0.6781 0.5317
vn 0.4283 -0.4828 0.7638
vn 0.1371 -0.5662 0.8128
vn 0.5495 0.4481 0.7052
vn 0.0485 0.9155 0.3993
vn -0.0428 0.9154 0.4004
vn -0.1330 0.9571 0.2574
vn 0.7069 -0.6563 0.2639
vn 0.8418 -0.5249 0.1257
vn 0.8994 -0.4138 0.1412
vn 0.9339 0.3331 0.1299
vn 0.9928 0.0469 -0.1105
vn 0.9759 0.1986 0.0907
vn 0.9025 0.1429 0.4063
vn 0.9677 0.0385 -0.2491
vn 0.5603 0.8255 -0.0678
vn 0.8256 0.5199 0.2191
vn 0.6176 0.6690 -0.4135
vn 0.7982 0.4730 0.3731
vn 0.9400 -0.1241 0.3179
vn 0.9376 0.3378 -0.0821
vn 0.7190 0.3988 -0.5692
vn -0.0861 0.7158 0.6930
vn 0.9333 0.0367 0.3573
vn 0.6181 -0.6153 -0.4892
vn 0.4864 0.8610 -0.1488
vn 0.6965 -0.5454 0.4663
vn 0.9537 -0.3004 -0.0145
vn 0.5899 0.7346 0.3352
vn 0.8890 0.1198 -0.4419
vn 0.7308 -0.6062 0.3136
vn 0.8092 -0.3774 -0.4503
vn 0.4366 -0.8706 -0.2268
vn -0.4873 -0.7967 0.3574
vn -0.4616 -0.6338 0.6206
vn -0.6776 -0.1376 0.7225
vn -0.4108 -0.7773 0.4765
vn -0.7586 0.3732 0.5341
vn -0.7755 -0.1843 0.6039
vn -0.6290 -0.5283 0.5704
vn -0.3206 -0.9230 0.2127
vn -0.6930 0.2910 0.6596
vn -0.6861 0.5423 0.4849
vn -0.7089 0.3041 0.6364
vn -0.6178 -0.4031 0.6751
vn -0.6882 -0.6195 0.3777
vn -0.4282 -0.8996 0.0858
vn -0.9528 0.1888 0.2377
vn -0.7067 0.1891 0.6818
vn -0.7523 -0.5948 -0.2833
vn -0.7118 0.7012 0.0406
vn -0.7235 -0.1664 0.6699
vn -0.8747 -0.4317 -0.2201
vn -0.5198 0.8145 -0.2576
vn -0.7208 -0.3720 0.5849
vn -0.6255 0.5004 -0.5986
vn -0.7419 -0.2386 -0.6266
vn 0.5646 0.1689 0.8079
vn 0.7203 0.1791 0.6701
vn -0.5667 -0.8224 -0.0495
vn -0.8479 -0.4455 -0.2875
vn -0.7911 0.1380 -0.5959
vn -0.6004 -0.6777 -0.4245
vn -0.4235 -0.8166 -0.3922
vn -0.6589 0.1420 -0.7387
vn -0.6157 0.0988 -0.7817
vn -0.2939 -0.7714 -0.5645
vn 0.6388 -0.5001 -0.5847
vn 0.7239 0.4115 -0.5537
vn 0.8131 -0.3255 -0.4826
vn 0.8616 0.3628 -0.3550
vn 0.4917 0.8526 -0.1769
vn -0.8227 0.1332 -0.5526
vn -0.7240 0.6877 -0.0538
vn -0.7898 0.6003 -0.1260
vn -0.7971 0.2452 -0.5518
vn -0.9679 -0.2393 0.0769
vn -0.7150 0.1283 -0.6873
vn -0.7972 -0.4453 -0.4078
vn -0.7470 0.0220 -0.6645
vn -0.6756 -0.0365 -0.7364
vn -0.7228 0.1555 -0.6734
vn -0.8566 -0.0424 -0.5143
vn -0.5785 -0.3610 -0.7315
vn -0.7437 0.0279 -0.6679
vn -0.9468 0.1883 -0.2608
vn -0.4667 -0.8703 -0.1572
vn -0.6500 0.3256 -0.6867
vn -0.7563 -0.1148 -0.6441
vn -0.7619 0.1604 -0.6275
vn -0.6141 0.2730 -0.7405
vn -0.7287 0.2844 -0.6231
vn -0.9274 -0.0164 -0.3736
vn -0.7949 0.1187 -0.5951
vn -0.5006 0.5980 -0.6260
vn -0.7662 -0.0046 -0.6425
vn -0.6875 0.4086 -0.6003
vn -0.7473 0.0436 -0.6631
vn -0.8984 -0.3119 -0.3093
vn -0.7471 0.1581 -0.6457
vn -0.3785 0.2388 -0.8943
vn -0.9023 -0.3201 0.2889
vn -0.6820 0.1530 -0.7151
vn -0.4334 0.4852 0.7594
vn 0.0588 0.3934 0.9175
vn -0.1913 0.0602 0.9797
vn 0.2870 0.6770 0.6777
vn -0.2720 -0.0193 0.9621
vn 0.3619 -0.1165 0.9249
vn 0.5561 0.1136 0.8233
vn 0.4045 0.8125 0.4198
vn -0.1714 0.8128 0.5567
vn -0.5955 0.2608 0.7599
vn 0.1227 -0.1195 0.9852
vn -0.7218 0.2749 0.6352
vn -0.2476 0.2127 0.9452
vn -0.7430 -0.1046 0.6611
vn 0.3393 0.2001 0.9191
vn 0.2058 -0.5024 0.8398
vn -0.0288 -0.2960 0.9547
vn 0.4044 -0.4087 0.8182
vn -0.0281 -0.2511 0.9676
vn -0.0145 -0.2389 0.9709
vn 0.3149 -0.7238 0.6139
vn 0.6218 -0.2262 0.7498
vn 0.1382 -0.5101 0.8490
vn -0.0364 0.5925 0.8047
vn 0.3615 -0.7928 0.4908
vn 0.5802 -0.5251 0.6226
vn 0.2646 -0.6462 0.7158
vn 0.3339 -0.7930 0.5095
vn 0.2091 0.2359 0.9490
vn 0.3915 -0.8044 0.4469
vn 0.0558 0.7265 0.6849
vn 0.4854 0.3867 0.7841
vn -0.2850 0.8645 0.4140
vn 0.1512 0.9083 0.3901
vn -0.6030 0.4201 0.6782
vn -0.5469 0.3464 0.7622
vn -0.5593 0.5020 0.6597
vn -0.1038 0.9278 0.3583
vn -0.4693 0.5809 0.6651
vn -0.6549 -0.2048 0.7274
vn -0.3761 0.5823 0.7208
vn -0.4776 0.6989 0.5323
vn -0.6211 -0.1674 0.7656
vn -0.6388 0.2470 0.7286
vn -0.5936 0.4649 0.6569
vn -0.3585 -0.3004 0.8839
vn -0.6911 -0.0057 0.7228
vn -0.7316 -0.0816 0.6769
vn -0.6634 -0.4239 0.6166
vn -0.5589 -0.6144 0.5569
vn 0.4870 -0.7165 0.4995
vn 0.4957 -0.8000 0.3380
vn 0.3085 -0.8927 0.3286
vn 0.3957 -0.8752 0.2782
vn 0.6644 -0.7041 0.2506
vn 0.4098 -0.9092 0.0737
vn 0.3704 -0.9219 0.1135
vn 0.1380 -0.9904 0.0093
vn 0.4042 -0.8810 0.2461
vn 0.2598 -0.9532 0.1545
vn 0.6591 -0.6083 0.4422
vn 0.2473 -0.9220 0.2978
vn 0.3435 -0.9353 0.0851
vn 0.3757 -0.7952 0.4759
vn 0.3671 -0.9051 0.2144
vn 0.7082 -0.3362 0.6208
vn 0.1583 -0.9419 0.2964
vn -0.1617 0.9048 0.3940
vn -0.4353 0.3247 0.8397
vn -0.1114 0.5575 0.8227
vn -0.2784 0.8704 0.4060
vn -0.2854 -0.0784 0.9552
vn -0.0307 0.9227 0.3844
vn -0.5843 0.2704 0.7651
vn 0.0570 0.8877 0.4569
vn 0.4191 0.1455 0.8962
vn 0.6211 -0.5261 -0.5809
vn 0.5871 -0.4679 -0.6606
vn 0.7037 -0.0988 -0.7036
vn 0.7055 0.2138 -0.6757
vn 0.7644 0.2155 -0.6076
vn 0.6563 -0.1417 -0.7411
vn 0.7876 -0.0260 -0.6156
vn 0.5589 0.3792 -0.7375
vn 0.5065 -0.6919 -0.5145
vn 0.6689 -0.0423 -0.7421
vn 0.6262 0.2761 -0.7292
vn 0.6031 -0.3043 -0.7373
vn 0.5833 0.0001 -0.8123
vn 0.5773 0.0372 -0.8157
vn 0.6286 0.0860 -0.7730
vn 0.5590 -0.6458 -0.5200
vn 0.6640 -0.4473 -0.5992
vn 0.6290 0.2443 -0.7380
vn 0.7367 0.1810 -0.6516
vn -0.1559 -0.8750 0.4583
vn -0.2620 -0.8834 0.3886
vn -0.3675 -0.8407 0.3976
vn -0.5708 -0.4443 0.6905
vn -0.1388 -0.9896 0.0368
vn -0.5587 -0.6930 0.4556
vn -0.1160 -0.9881 0.1010
vn -0.2014 -0.9795 -0.0076
vn -0.4876 -0.8218 0.2947
vn 0.6474 -0.2778 -0.7097
vn 0.5697 0.2638 -0.7784
vn 0.6439 -0.1191 -0.7557
vn 0.6383 0.2493 -0.7283
vn 0.6083 0.0560 -0.7918
vn 0.6724 0.2071 -0.7107
vn 0.6330 0.2651 -0.7274
vn 0.6396 0.1560 -0.7527
vn 0.6982 -0.1577 -0.6983
vn 0.6458 -0.2810 -0.7099
vn 0.6114 0.2442 -0.7527
vn 0.6612 0.0653 -0.7473
vn 0.5643 0.4720 -0.6773
vn 0.6787 0.4305 -0.5950
vn 0.5142 0.1669 -0.8413
vn 0.5445 0.5749 -0.6107
vn 0.5811 -0.2587 -0.7716
vn 0.5205 -0.4422 -0.7305
vn 0.4583 0.5836 -0.6703
vn 0.4173 0.6495 -0.6356
vn 0.5512 -0.0702 -0.8314
vn 0.2252 -0.2778 -0.9339
vn 0.1020 0.3186 -0.9424
vn 0.0010 0.7267 -0.6870
vn 0.3122 0.7937 -0.5221
vn 0.2848 0.5041 -0.8153
vn 0.1258 0.8387 -0.5299
vn -0.1946 0.5643 -0.8023
vn 0.0578 -0.9755 0.2122
vn 0.8013 -0.2692 0.5342
vn 0.7020 -0.4580 0.5454
vn 0.1391 -0.9092 0.3924
vn -0.0486 -0.8036 0.5932
vn 0.8342 -0.0463 0.5495
vn 0.3824 -0.0328 0.9234
vn 0.6652 0.7395 0.1035
vn -0.6142 -0.7765 -0.1409
vn 0.7824 -0.1220 0.6107
vn 0.5955 0.7965 -0.1053
vn 0.4231 -0.6589 0.6220
vn 0.8968 0.4296 0.1056
vn -0.7769 -0.6112 -0.1515
vn 0.2405 0.9633 0.1197
vn 0.2373 0.9660 0.1026
vn 0.2606 0.9641 0.0515
vn 0.3667 0.0308 0.9298
vn 0.1064 0.3199 0.9415
vn -0.3281 0.8956 -0.3005
vn -0.2827 0.7648 -0.5790
vn -0.4814 0.7608 -0.4352
vn -0.1337 0.7668 -0.6278
vn -0.0314 0.7572 -0.6524
vn 0.0031 -0.4077 -0.9131
vn 0.0251 -0.9525 0.3036
vn 0.7860 -0.6124 0.0847
vn 0.3785 -0.7524 0.5391
vn -0.0063 -0.9885 0.1511
vn 0.1809 0.5510 0.8147
vn 0.7182 0.3523 0.6001
vn 0.3287 -0.7304 0.5987
vn 0.7711 0.2879 0.5680
vn -0.2439 -0.8160 -0.5241
vn -0.5396 -0.8414 0.0297
vn -0.4924 -0.5632 -0.6636
vn 0.0708 -0.3276 0.9422
vn 0.0544 -0.9932 0.1028
vn -0.3267 -0.0204 0.9449
vn 0.5574 -0.8247 -0.0959
vn 0.3963 -0.5310 -0.7490
vn -0.8022 0.1437 -0.5794
vn -0.8096 0.1302 -0.5723
vn -0.7874 0.0506 -0.6143
vn -0.7285 0.1093 -0.6763
vn -0.7803 0.0763 -0.6207
vn -0.7098 -0.3961 -0.5824
vn -0.8667 0.2073 -0.4537
vn -0.8107 -0.2409 -0.5336
vn -0.8975 0.1391 -0.4184
vn -0.6415 0.6914 -0.3324
vn -0.9676 -0.2515 -0.0221
vn -0.7453 0.6290 0.2209
vn -0.9665 0.2344 0.1046
vn -0.5309 0.6780 0.5083
vn -0.9344 -0.0250 0.3553
vn -0.6142 0.7423 0.2679
vn -0.8278 0.5320 0.1781
vn -0.9225 -0.0259 0.3850
vn -0.3908 0.9032 0.1777
vn -0.9794 -0.1791 0.0930
vn -0.4304 0.9020 0.0337
vn -0.8144 0.5722 -0.0967
vn -0.4658 0.8725 -0.1479
vn -0.5800 0.5063 0.6382
vn -0.0663 0.8456 -0.5298
vn 0.1659 0.7166 -0.6775
vn 0.3892 -0.0835 -0.9174
vn -0.0514 0.9923 -0.1127
vn -0.1394 -0.4378 -0.8882
vn -0.2465 0.4277 -0.8696
vn 0.5711 0.3552 -0.7400
vn -0.1384 0.9650 0.2230
vn 0.0547 0.3149 -0.9476
vn -0.5450 0.3768 -0.7490
vn 0.2403 0.9597 -0.1455
vn 0.3623 -0.7412 -0.5651
vn 0.6086 -0.7073 -0.3597
vn -0.3698 0.5730 -0.7314
vn -0.1483 0.0336 -0.9884
vn 0.7116 0.6232 -0.3243
vn 0.1936 0.9706 -0.1431
vn 0.4006 0.8980 0.1822
vn 0.4747 0.3815 -0.7932
vn 0.5753 -0.7287 -0.3717
vn -0.0806 0.9332 -0.3503
vn 0.5856 -0.4274 -0.6888
vn 0.6456 -0.7335 -0.2124
vn -0.3996 0.6882 0.6056
vn 0.2485 -0.0326 -0.9681
vn -0.2546 0.9585 0.1282
vn -0.4161 0.8437 0.3392
vn 0.2861 -0.5171 -0.8067
vn 0.6456 -0.7335 -0.2126
vn -0.2547 0.9585 0.1282
vn 0.9194 -0.3109 -0.2408
vn -0.1555 0.5490 -0.8213
vn -0.5338 0.4615 -0.7086
vn -0.5091 -0.1363 -0.8499
vn -0.2831 -0.3398 -0.8969
vn -0.4583 0.0073 -0.8888
vn -0.3730 -0.3055 -0.8761
vn -0.2385 -0.0990 -0.9661
vn -0.4950 -0.0101 -0.8689
vn 0.1556 -0.3241 -0.9331
vn -0.1389 0.4652 -0.8742
vn -0.1265 0.0578 -0.9903
vn -0.5456 0.1723 -0.8201
vn -0.2808 0.3323 -0.9004
vn 0.0214 -0.2755 -0.9611
vn -0.2253 -0.1354 -0.9648
vn -0.9393 0.3316 -0.0879
vn -0.1933 0.2337 -0.9529
vn 0.3880 -0.1484 -0.9096
vn -0.6719 -0.1861 -0.7169
vn -0.7354 0.3281 -0.5929
vn -0.8139 -0.0126 -0.5808
vn 0.2390 0.7616 -0.6024
vn 0.4143 -0.2821 -0.8653
vn 0.0811 -0.8867 -0.4552
vn 0.3865 -0.5491 -0.7411
vn 0.6747 -0.1087 -0.7301
vn 0.1688 -0.6626 -0.7297
vn -0.2301 -0.6083 -0.7596
vn 0.5310 -0.5514 -0.6434
vn 0.7944 -0.0875 -0.6010
vn 0.1937 -0.8285 -0.5254
vn 0.1169 -0.7078 -0.6966
vn 0.4857 -0.7341 -0.4746
vn -0.2854 -0.5595 -0.7782
vn 0.3991 -0.7812 -0.4800
vn -0.2703 -0.1884 -0.9442
vn -0.1394 -0.5552 -0.8200
vn 0.5799 0.4057 -0.7064
vn 0.2440 -0.3108 -0.9186
vn 0.2030 0.9279 0.3127
vn 0.3831 0.9098 -0.1596
vn 0.3775 0.9155 -0.1391
vn -0.9889 -0.1326 -0.0675
vn -0.7409 0.5401 -0.3992
vn -0.5189 0.8397 0.1601
vn -0.5865 0.7050 -0.3988
vn -0.2708 0.5857 -0.7639
vn -0.8448 0.5180 -0.1339
vn -0.5927 0.4847 -0.6432
vn 0.3583 0.6478 -0.6723
vn -0.5349 0.4220 -0.7319
vn 0.2842 -0.6040 -0.7446
vn 0.0764 0.1794 -0.9808
vn 0.3189 -0.4531 -0.8325
vn -0.4471 0.7898 -0.4198
vn -0.4410 0.5169 -0.7337
vn 0.3285 0.5975 -0.7315
vn 0.2863 0.1896 -0.9392
vn 0.0811 0.9422 0.3251
vn -0.0087 0.9658 0.2590
vn -0.3803 0.8565 0.3489
vn -0.6156 0.3604 0.7008
vn -0.4000 0.7656 0.5039
vn -0.7053 0.5173 0.4847
vn -0.3802 0.8932 0.2401
vn -0.7958 -0.1149 0.5945
vn -0.6381 0.5199 0.5680
vn -0.8208 0.3317 0.4650
vn -0.6998 -0.1747 0.6926
vn 0.5952 0.7290 -0.3380
vn 0.8652 0.1457 -0.4797
vn 0.7489 0.3320 -0.5735
vn 0.6569 -0.1055 -0.7465
vn 0.4039 0.8334 -0.3773
vn 0.5278 0.7072 -0.4704
vn 0.4751 0.6342 -0.6099
vn 0.7859 0.0180 -0.6181
vn 0.5410 0.0811 -0.8371
vn 0.2417 0.8283 -0.5054
vn 0.5102 0.5557 -0.6564
vn 0.2397 0.8856 -0.3979
vn 0.1602 -0.9514 -0.2630
vn -0.5053 -0.5377 0.6750
vn -0.5322 0.3663 0.7633
vn 0.5864 0.0156 -0.8099
vn 0.3350 -0.8299 -0.4462
vn -0.2715 -0.9152 -0.2977
vn 0.5438 0.5281 -0.6522
vn -0.7435 0.0273 0.6682
vn -0.3479 0.6856 0.6395
vn 0.1313 0.7428 -0.6565
vn -0.3748 0.9013 -0.2175
vn 0.3121 -0.8740 -0.3724
vn -0.6773 -0.4419 0.5883
vn -0.1227 -0.9923 0.0165
vn 0.1117 -0.8009 -0.5882
vn 0.2117 -0.7837 -0.5839
vn -0.4273 -0.6075 0.6696
vn 0.1960 -0.7589 -0.6210
vn -0.2034 -0.6923 0.6923
vn 0.0035 -0.9654 -0.2609
vn 0.0579 0.9974 0.0427
vn 0.1252 0.9905 0.0575
vn 0.4248 -0.7680 0.4793
vn 0.6147 -0.4053 0.6767
vn 0.6781 -0.7284 0.0981
vn 0.3518 -0.8914 0.2855
vn 0.7699 0.1590 -0.6180
vn 0.8577 0.3798 -0.3464
vn 0.6951 0.1373 0.7057
vn 0.7051 -0.2840 0.6498
vn 0.6283 -0.0168 0.7778
vn 0.4641 -0.7201 -0.5158
vn 0.4295 -0.7965 -0.4255
vn -0.5101 0.8209 0.2567
vn 0.9945 0.0882 -0.0572
vn -0.8216 0.2850 0.4937
vn -0.7796 0.5168 0.3538
vn -0.8230 0.2839 0.4920
vn -0.6492 0.7532 0.1059
vn 0.9946 0.0871 -0.0564
vn -0.3910 -0.1131 0.9134
vn -0.5540 0.7725 0.3103
vn -0.4671 -0.3755 0.8005
vn -0.9857 0.0751 0.1510
vn -0.9389 -0.0737 -0.3361
vn 0.2462 -0.0220 -0.9690
vn 0.2441 -0.3106 -0.9187
vn 0.2470 -0.0235 -0.9687
vn 0.8916 -0.2480 -0.3788
vn 0.2537 -0.8443 -0.4720
vn 0.2126 -0.9374 -0.2759
vn 0.2344 -0.9215 -0.3096
vn 0.3322 -0.9097 -0.2492
vn -0.7668 -0.0705 -0.6380
vn -0.8521 -0.0807 -0.5171
vn -0.6991 -0.5931 -0.3994
vn -0.5568 0.1855 -0.8097
vn -0.6097 -0.5923 -0.5267
vn -0.5627 -0.5358 -0.6295
vn -0.7192 -0.4115 -0.5599
vn -0.5871 -0.5991 -0.5444
vn -0.3577 0.0888 -0.9296
vn -0.3354 0.8903 0.3080
vn -0.6528 0.3622 0.6653
vn -0.3948 0.8809 0.2609
vn -0.5317 0.7798 0.3306
vn -0.8049 0.1612 0.5710
vn -0.0366 0.5510 0.8337
vn -0.1964 0.8641 0.4634
vn -0.3641 0.9286 -0.0721
vn -0.0051 0.8038 -0.5949
vn -0.0747 0.9619 -0.2631
vn -0.2987 0.7381 -0.6049
vn 0.0059 0.8671 0.4981
vn -0.7683 0.1034 -0.6317
vn 0.2463 0.6047 -0.7575
vn 0.0382 0.0002 -0.9993
vn -0.4221 0.7994 0.4275
vn -0.1146 -0.0056 -0.9934
vn -0.2870 -0.8878 0.3598
vn 0.4036 -0.6660 -0.6274
vn 0.0992 -0.8358 0.5400
vn 0.4763 -0.5132 0.7140
vn 0.6873 -0.6922 -0.2201
vn 0.2210 -0.9290 -0.2968
vn -0.7238 -0.0730 0.6862
vn -0.7398 -0.4444 0.5051
vn 0.0830 0.8284 0.5540
vn 0.2209 -0.9290 -0.2967
vn -0.8768 0.0330 0.4796
vn 0.0820 0.8299 0.5519
vn -0.0893 -0.4973 -0.8630
vn -0.2672 0.4326 0.8611
vn -0.9749 0.2225 -0.0120
vn 0.3936 0.4661 0.7923
vn 0.0705 -0.4540 -0.8882
vn 0.5181 0.1663 0.8390
vn -0.4051 0.5625 -0.7207
vn -0.7340 0.5296 0.4252
vn -0.8863 -0.4396 -0.1461
vn -0.7596 -0.2590 -0.5965
vn -0.7444 -0.2527 -0.6180
vn -0.5950 0.5854 -0.5507
vn -0.3270 0.9274 0.1815
vn -0.7909 0.5570 0.2533
vn -0.3705 0.9287 0.0153
vn -0.8678 0.4190 0.2672
vn -0.9314 0.3407 0.1283
vn -0.4126 0.9041 0.1110
vn -0.9853 -0.1595 -0.0607
vn -0.7534 -0.4829 0.4463
vn -0.6259 -0.7799 0.0034
vn 0.4156 -0.9082 -0.0498
vn 0.3082 -0.9495 0.0585
vn 0.5149 -0.8397 -0.1729
vn 0.9178 -0.3212 -0.2333
vn 0.2158 -0.9748 -0.0561
vn -0.6787 0.6970 -0.2314
vn -0.9494 -0.0982 -0.2983
vn -0.3446 0.9356 -0.0766
vn -0.6020 0.6891 -0.4034
vn -0.3992 0.9048 -0.1482
vn -0.8346 0.2845 0.4717
vn -0.0614 0.9977 -0.0275
vn -0.0660 0.9798 -0.1889
vn -0.4824 0.8122 0.3280
vn -0.3893 0.0466 0.9199
vn -0.2746 0.4280 0.8611
vn -0.0674 0.9217 -0.3819
vn -0.1006 0.9427 0.3180
vn -0.3208 0.0016 -0.9471
vn -0.6808 0.5561 -0.4767
vn -0.2954 0.9463 0.1315
vn 0.4974 0.8505 -0.1711
vn -0.3831 0.8746 0.2970
vn -0.0042 0.8881 -0.4597
vn -0.3295 0.7660 0.5521
vn 0.5008 0.1274 -0.8562
vn -0.6011 -0.2405 -0.7622
vn -0.4527 -0.4585 -0.7647
vn -0.1149 -0.5301 -0.8401
vn 0.2019 -0.6702 -0.7142
vn 0.2805 -0.7220 -0.6325
vn -0.6832 0.0990 -0.7235
vn 0.2183 -0.8739 -0.4344
vn -0.0868 -0.6272 -0.7740
vn -0.9645 0.1068 -0.2417
vn -0.4660 -0.2884 -0.8365
vn 0.3528 0.8511 -0.3889
vn -0.0290 -0.8597 -0.5099
vn -0.7974 0.5986 0.0757
vn 0.5505 -0.7404 0.3856
vn 0.3882 0.4589 -0.7992
vn -0.3822 0.9225 0.0544
vn 0.4667 -0.4884 -0.7373
vn 0.3808 0.4562 -0.8043
vn 0.5950 -0.4404 -0.6723
vn 0.0453 -0.9988 0.0210
vn -0.0789 0.9529 -0.2927
vn 0.5593 -0.4696 -0.6831
vn 0.0438 -0.9970 -0.0638
vn 0.5763 -0.7398 -0.3474
vn -0.8757 -0.3128 -0.3678
vn 0.0408 0.5610 -0.8268
vn 0.9918 0.0936 -0.0868
vn -0.4497 -0.2187 -0.8660
vn -0.0408 -0.7089 -0.7041
vn -0.1006 -0.8806 -0.4630
vn -0.6390 0.4442 0.6279
vn -0.8304 0.3944 0.3937
vn -0.7573 -0.3999 0.5163
vn -0.9250 -0.2733 0.2641
vn -0.8827 -0.4587 -0.1018
vn -0.4692 -0.4318 0.7704
vn -0.5106 0.3300 0.7940
vn -0.0857 0.9660 -0.2437
vn 0.4521 0.5403 -0.7097
vn -0.3567 0.9303 0.0853
vn 0.4609 -0.5887 -0.6641
vn 0.0320 0.9984 0.0470
vn -0.7162 -0.6055 -0.3470
vn 0.0232 0.8229 -0.5677
vn 0.7169 -0.2266 -0.6593
vn -0.7683 0.6215 0.1528
vn 0.1805 0.7144 -0.6761
vn -0.2281 0.0271 -0.9733
vn -0.0515 0.4078 -0.9116
vn 0.5389 -0.5153 0.6664
vn 0.6455 -0.4493 0.6176
vn 0.7089 -0.4573 0.5369
vn 0.7537 -0.5426 0.3709
vn -0.0442 -0.5118 0.8580
vn -0.0966 0.9135 0.3953
vn -0.3682 0.3859 0.8458
vn 0.1382 0.4185 0.8976
vn 0.3383 -0.9088 0.2440
vn 0.1611 -0.8149 0.5567
vn 0.3333 0.6612 0.6720
vn -0.3125 0.8466 -0.4308
vn 0.6522 0.0037 0.7581
vn 0.1147 0.9883 0.1008
vn 0.7942 0.0376 0.6066
vn 0.5339 -0.1894 0.8241
vn -0.7565 0.5234 -0.3921
vn -0.7572 0.5234 -0.3907
vn 0.5284 -0.1884 0.8279
vn 0.0956 0.9950 0.0295
vn -0.2625 0.0979 0.9600
vn -0.1010 -0.4067 0.9079
vn 0.5168 0.3455 0.7833
vn 0.4329 0.5760 0.6935
vn 0.3524 -0.4483 0.8215
vn 0.2739 0.9430 -0.1889
vn 0.3914 0.5395 0.7455
vn 0.8464 -0.4631 -0.2629
vn 0.3416 0.0190 0.9397
vn -0.5518 0.7749 0.3083
vn 0.1166 0.9340 -0.3376
vn -0.4663 0.1925 0.8634
vn 0.2607 0.9254 -0.2752
vn -0.2733 0.7400 0.6146
vn -0.5442 -0.3473 0.7637
vn -0.6985 0.1972 0.6879
vn 0.7230 -0.3338 0.6049
vn 0.1480 0.3243 -0.9343
vn 0.1112 0.8960 -0.4299
vn 0.0873 0.3264 -0.9412
vn 0.2312 0.7424 -0.6288
vn -0.0325 -0.0281 -0.9991
vn 0.2780 -0.1603 -0.9471
vn -0.0327 -0.3299 -0.9434
vn 0.3464 -0.1664 -0.9232
vn -0.2836 0.2858 -0.9153
vn -0.0016 -0.3144 -0.9493
vn -0.2964 -0.8208 -0.4883
vn -0.9462 -0.2246 0.2330
vn -0.7796 -0.5577 0.2849
vn -0.8694 -0.4162 0.2664
vn -0.7490 -0.6565 -0.0896
vn -0.9451 -0.3015 -0.1261
vn -0.6606 -0.7377 -0.1395
vn -0.4966 -0.8026 -0.3304
vn -0.4482 -0.8792 -0.1613
vn -0.1255 -0.9493 -0.2882
vn -0.2567 0.7730 -0.5802
vn 0.3004 -0.3372 -0.8922
vn -0.1368 0.4503 -0.8823
vn -0.3598 0.2126 -0.9085
vn 0.2895 -0.5794 -0.7619
vn 0.2184 -0.9001 -0.3770
vn -0.6144 -0.6023 -0.5096
vn 0.3666 -0.5747 -0.7317
vn -0.8489 0.4642 -0.2526
vn 0.3617 -0.8157 -0.4515
vn -0.2667 -0.9148 -0.3035
vn 0.1388 -0.5481 -0.8248
vn -0.6242 0.2052 -0.7538
vn -0.6629 0.1572 -0.7320
vn -0.4025 0.8288 -0.3887
vn -0.7076 0.2929 -0.6430
vn -0.6427 0.2097 -0.7369
vn -0.8159 0.5767 -0.0403
vn -0.9152 0.2418 -0.3224
vn -0.0216 -0.4409 -0.8973
vn 0.2368 -0.3899 -0.8899
vn -0.9718 -0.0321 -0.2338
vn 0.9453 -0.1197 0.3035
vn 0.0342 -0.6112 -0.7908
vn 0.8870 -0.3776 0.2659
vn 0.9354 -0.2940 -0.1963
vn 0.9512 -0.2679 -0.1528
vn 0.5655 -0.8123 -0.1429
vn 0.3184 0.1356 0.9382
vn -0.7899 -0.0533 -0.6109
vn 0.5829 -0.3456 -0.7354
vn -0.6263 0.3578 -0.6926
vn -0.9760 -0.0331 -0.2150
vn 0.5934 -0.4694 -0.6539
vn -0.7966 0.6031 -0.0420
vn 0.2741 -0.1159 -0.9547
vn 0.6377 0.1130 -0.7620
vn 0.2721 -0.1129 -0.9556
vn -0.7972 0.6025 -0.0393
vn -0.9692 -0.2302 -0.0870
vn 0.3221 -0.6042 -0.7289
vn -0.8969 0.0179 -0.4419
vn 0.3073 -0.7091 -0.6346
vn -0.3900 -0.9153 0.1001
vn 0.9270 -0.3589 -0.1084
vn 0.7660 -0.6245 0.1520
vn 0.2066 0.9723 0.1095
vn -0.9460 0.3230 -0.0283
vn 0.8686 0.3030 -0.3920
vn -0.8203 -0.3010 -0.4864
vn -0.9559 0.0947 0.2779
vn 0.0300 0.9952 0.0929
vn -0.9819 -0.0927 0.1653
vn -0.7844 0.4969 0.3713
vn 0.7088 0.5020 -0.4956
vn -0.7315 0.4496 0.5126
vn 0.1919 -0.9052 -0.3792
vn 0.4017 -0.8145 -0.4186
vn -0.6872 -0.6580 0.3078
vn -0.5091 -0.7512 0.4201
vn -0.1433 -0.9856 0.0902
vn 0.7546 0.0636 -0.6531
vn 0.3934 0.8784 -0.2713
vn 0.5221 0.5439 -0.6569
vn -0.2009 0.7623 -0.6152
vn -0.0612 0.9972 -0.0426
vn -0.3215 0.8536 0.4098
vn -0.5092 -0.3750 0.7747
vn 0.0064 0.8589 -0.5121
vn -0.8689 -0.0036 0.4949
vn -0.5704 0.8207 -0.0317
vn -0.5387 -0.0691 0.8396
vn -0.5008 -0.3920 0.7717
vn -0.7535 0.6574 0.0090
vn -0.2298 -0.7752 0.5885
vn -0.8040 -0.3711 0.4646
vn -0.5454 0.6786 0.4920
vn 0.0784 0.7820 0.6183
vn -0.7172 -0.4023 0.5690
vn -0.8978 -0.1056 0.4276
vn 0.1105 -0.9303 -0.3499
vn 0.1609 -0.7426 -0.6501
vn 0.1202 -0.9101 -0.3966
vn 0.0109 -0.9751 -0.2216
vn 0.1807 -0.4037 -0.8969
vn -0.3169 -0.8255 -0.4669
vn 0.2126 -0.9111 -0.3531
vn 0.5614 -0.3622 -0.7441
vn 0.6744 -0.2567 -0.6923
vn -0.0544 -0.2766 -0.9594
vn -0.4870 -0.4405 -0.7542
vn -0.5094 -0.2349 -0.8278
vn -0.4470 -0.3141 -0.8376
vn -0.3607 -0.3159 -0.8775
vn -0.6370 -0.3209 -0.7009
vn -0.6826 -0.2684 -0.6798
vn -0.2970 -0.4355 -0.8498
vn -0.7052 -0.3982 -0.5866
vn -0.6419 -0.3931 -0.6584
vn -0.5987 0.2718 -0.7535
vn -0.2466 -0.6134 -0.7503
vn -0.6649 -0.6968 -0.2689
vn -0.2233 -0.8411 -0.4926
vn -0.4171 -0.5860 -0.6947
vn -0.3080 -0.7598 -0.5725
vn -0.1802 0.9211 0.3452
vn 0.4396 -0.3531 -0.8259
vn 0.6155 -0.0051 -0.7881
vn -0.6935 -0.0496 0.7187
vn -0.7553 -0.2029 0.6232
vn -0.6704 -0.0717 0.7385
vn -0.9631 -0.2470 -0.1071
vn -0.7732 0.5923 -0.2266
vn -0.2720 0.9515 -0.1437
vn -0.4473 0.6294 0.6354
vn -0.1918 0.2022 -0.9604
vn -0.6473 0.1112 -0.7541
vn -0.3560 0.2959 -0.8864
vn 0.1466 0.0166 -0.9890
vn -0.4681 0.1947 -0.8619
vn -0.7154 -0.3035 -0.6293
vn -0.7078 0.0373 -0.7055
vn -0.7200 -0.3005 -0.6255
vn -0.8684 0.4070 -0.2833
vn -0.6997 -0.0155 -0.7142
vn -0.7811 -0.0909 -0.6177
vn -0.7395 0.2356 -0.6306
vn -0.8170 0.0321 -0.5757
vn -0.4091 0.8250 -0.3899
vn 0.3808 0.8476 -0.3696
vn -0.5040 0.2114 0.8374
vn -0.4432 0.8407 0.3111
vn 0.0570 0.3919 -0.9182
vn -0.0058 0.7479 -0.6638
vn -0.9877 -0.0124 -0.1558
vn -0.7051 -0.2408 0.6670
vn -0.1794 0.9838 0.0067
vn -0.2232 0.9737 0.0449
vn -0.9850 0.0920 0.1460
vn -0.9669 0.2186 -0.1320
vn 0.7500 0.2090 0.6275
vn 0.7045 -0.1179 0.6999
vn 0.6104 0.7244 -0.3203
vn 0.8244 -0.4634 -0.3250
vn -0.7783 0.6279 0.0074
vn 0.8005 0.2390 -0.5496
vn -0.4322 0.8898 0.1464
vn 0.7069 -0.2932 -0.6437
vn -0.5198 0.7251 0.4517
vn 0.6121 0.5917 -0.5246
vn 0.3531 0.8968 -0.2665
vn 0.6218 -0.0016 -0.7832
vn 0.1520 0.9716 -0.1813
vn 0.3976 -0.5350 -0.7455
vn -0.2422 0.2220 0.9445
vn -0.8522 -0.3936 0.3447
vn 0.4155 0.4037 -0.8151
vn 0.7506 0.2221 -0.6223
vn 0.1950 0.9498 -0.2447
vn 0.8030 0.0817 -0.5904
vn 0.4522 -0.5012 -0.7378
vn 0.3455 -0.8087 -0.4761
vn 0.6014 0.1444 -0.7858
vn 0.3984 -0.7611 -0.5118
vn -0.0720 0.9621 -0.2630
vn -0.6442 0.6358 0.4251
vn -0.6763 0.6198 0.3980
vn -0.7896 -0.3552 0.5004
vn -0.1901 0.9754 -0.1117
vn -0.7676 -0.1005 0.6330
vn -0.3871 -0.7979 0.4620
vn 0.2579 -0.1659 -0.9518
vn -0.7603 -0.3006 0.5758
vn -0.6262 0.4649 0.6259
vn 0.0705 0.9970 0.0322
vn -0.8650 0.4983 -0.0585
vn -0.8068 -0.3781 0.4540
vn -0.1583 -0.2461 -0.9562
vn -0.4065 0.8793 -0.2482
vn -0.9990 -0.0415 -0.0192
vn -0.3406 0.1200 -0.9325
vn 0.5172 0.5614 -0.6460
vn 0.3508 0.5429 -0.7630
vn -0.9911 0.0922 0.0961
vn -0.8328 0.5006 0.2361
vn -0.6999 -0.3124 0.6423
vn -0.8356 0.4897 -0.2491
vn 0.5223 -0.7744 -0.3570
vn -0.7995 -0.4128 0.4363
vn 0.6976 0.0185 -0.7162
vn -0.0126 -0.9144 0.4046
vn -0.1073 -0.9867 0.1220
vn 0.6987 0.6365 0.3266
vn -0.4555 0.5961 0.6613
vn 0.9995 0.0281 0.0137
vn 0.2705 0.5120 0.8153
vn -0.9379 0.1769 -0.2984
vn -0.6595 0.4194 -0.6238
vn -0.7371 -0.2262 -0.6368
vn -0.7725 0.1116 -0.6251
vn -0.1927 0.8519 -0.4870
vn 0.3282 0.9446 -0.0059
vn -0.5720 0.3355 0.7485
vn -0.3345 0.5256 0.7822
vn -0.4977 0.5744 0.6499
vn 0.9450 -0.1185 0.3049
vn -0.2085 0.3804 0.9010
vn -0.2286 0.2659 0.9365
vn 0.0264 0.1102 0.9936
vn 0.6965 -0.3232 0.6407
vn -0.5454 0.4237 0.7233
vn -0.6302 -0.0486 0.7749
vn -0.6725 0.4118 0.6150
vn 0.6274 -0.2061 -0.7509
vn -0.3386 0.6699 -0.6607
vn -0.5681 0.7084 0.4188
vn -0.0429 0.6163 -0.7864
vn -0.6529 0.7570 -0.0257
vn -0.7102 0.4712 0.5231
vn 0.8331 0.0927 0.5453
vn -0.2399 0.2195 0.9457
vn -0.7225 -0.0002 -0.6913
vn -0.7626 0.5544 -0.3332
vn -0.7397 -0.5075 -0.4419
vn -0.6824 0.3433 -0.6453
vn -0.7953 0.1101 -0.5962
vn -0.5373 -0.4927 0.6846
vn -0.9865 -0.1235 0.1079
vn -0.8140 0.2839 -0.5067
vn 0.6614 0.6029 -0.4462
vn 0.1888 0.9525 -0.2388
vn 0.6734 -0.1515 -0.7236
vn 0.5559 0.1663 -0.8144
vn 0.7109 0.0427 0.7020
vn 0.7952 0.5754 0.1912
vn 0.7104 -0.1199 0.6935
vn -0.1398 0.6427 -0.7533
vn -0.3975 0.6409 -0.6567
vn 0.3013 0.5349 -0.7894
vn 0.2343 -0.8230 -0.5175
vn 0.1870 -0.8446 -0.5017
vn -0.1169 0.0153 -0.9930
vn -0.4757 -0.6537 -0.5886
vn -0.4964 -0.7027 -0.5097
vn -0.7166 -0.6066 -0.3443
vn -0.2820 -0.8517 -0.4416
vn -0.1353 -0.9887 -0.0649
vn -0.8429 -0.4052 0.3541
vn -0.1896 -0.9795 0.0684
vn -0.9396 -0.2779 0.1999
vn -0.8399 -0.4706 -0.2703
vn -0.6370 -0.1728 -0.7512
vn 0.2098 -0.9768 0.0435
vn 0.6015 -0.4667 0.6484
vn 0.5096 -0.7094 0.4868
vn -0.2312 0.2955 -0.9270
vn 0.1673 0.4876 -0.8569
vn 0.4324 0.5454 -0.7180
vn 0.5392 -0.3995 -0.7414
vn -0.7744 -0.0334 -0.6318
vn -0.3695 0.8347 -0.4084
vn -0.0437 -0.9871 0.1541
vn 0.4501 -0.1997 0.8704
vn 0.1444 0.4997 0.8541
vn -0.3724 0.8534 0.3647
vn 0.8558 -0.4712 -0.2135
vn 0.8765 0.3890 -0.2835
vn 0.7237 0.6900 -0.0132
vn 0.9063 0.3582 0.2243
vn 0.8744 -0.3801 -0.3015
vn -0.5501 0.7724 0.3175
vn 0.7542 -0.2465 -0.6086
vn 0.9844 -0.0420 0.1707
vn 0.4661 0.8831 0.0534
vn -0.8600 -0.0395 0.5087
vn -0.3436 -0.4770 0.8090
vn -0.6072 -0.1668 -0.7768
vn -0.4440 -0.0688 -0.8934
vn -0.4277 0.1239 -0.8954
vn -0.4585 -0.6571 -0.5983
vn -0.4249 -0.0796 -0.9017
vn -0.4363 0.4860 -0.7573
vn -0.5323 -0.5573 -0.6372
vn 0.1078 0.3052 -0.9462
vn -0.9210 -0.1248 -0.3690
vn -0.6970 0.7058 0.1267
vn -0.2129 0.7170 -0.6638
vn -0.6206 -0.4985 0.6053
vn 0.1630 -0.6590 0.7343
vn -0.3408 -0.0987 0.9349
vn -0.2653 -0.0706 0.9616
vn 0.0696 -0.9749 -0.2114
vn 0.0083 -0.9866 -0.1632
vn -0.6547 0.3836 -0.6513
vn -0.8588 -0.1448 -0.4914
vn -0.7968 -0.1743 0.5786
vn -0.2170 -0.9640 0.1537
vn -0.3515 -0.9276 0.1268
vn -0.0193 -0.4628 -0.8862
vn -0.6981 0.3817 -0.6058
vn -0.5999 0.3504 -0.7193
vn -0.7099 0.1020 -0.6969
vn -0.4771 0.7166 -0.5087
vn -0.2419 -0.1328 -0.9612
vn -0.7486 0.0655 -0.6598
vn -0.8544 0.4134 -0.3148
vn -0.4723 0.6524 -0.5927
vn 0.7470 -0.3472 -0.5670
vn 0.4763 -0.7882 0.3896
vn 0.3037 -0.9289 0.2120
vn 0.4761 -0.7868 0.3928
vn 0.7795 -0.3350 0.5294
vn 0.9455 0.1019 -0.3092
vn 0.9809 0.1861 0.0572
vn 0.1687 0.4799 -0.8609
vn 0.1204 -0.1598 -0.9798
vn -0.7191 0.1121 -0.6858
vn 0.2734 0.8391 -0.4703
vn -0.6338 -0.6518 -0.4165
vn -0.9927 0.0485 0.1108
vn -0.9616 0.1961 0.1922
vn -0.1385 0.9829 0.1214
vn -0.3304 0.9311 0.1544
vn -0.6069 -0.4842 -0.6303
vn -0.6535 0.2235 -0.7232
vn -0.5091 -0.7886 -0.3448
vn -0.2776 -0.9601 0.0323
vn -0.5708 -0.5618 -0.5989
vn -0.6251 -0.7113 0.3212
vn -0.2227 0.9741 0.0380
vn -0.5051 0.8629 0.0170
vn -0.5113 0.8540 -0.0961
vn 0.2021 0.8559 -0.4761
vn 0.1694 0.3275 -0.9295
vn 0.4722 0.8566 -0.2082
vn 0.1963 0.8975 -0.3949
vn 0.1400 0.0121 0.9901
vn -0.3518 0.5877 0.7286
vn -0.4179 0.7917 0.4456
vn 0.1691 0.8935 -0.4160
vn 0.1040 0.7966 -0.5956
vn -0.1062 0.9822 -0.1552
vn -0.1006 0.9136 -0.3939
vn -0.2911 0.3676 -0.8832
vn -0.9236 -0.2471 -0.2931
vn -0.7279 0.1081 -0.6772
vn 0.1399 -0.6271 -0.7663
vn -0.2175 0.9729 -0.0787
vn 0.6652 -0.3538 -0.6575
vn -0.1471 0.8809 0.4498
vn -0.7379 0.5571 0.3811
vn -0.8282 0.4425 -0.3439
vn -0.6184 0.7401 0.2642
vn -0.6769 0.7301 0.0933
vn -0.8484 -0.2376 0.4731
vn 0.0391 -0.8861 0.4619
vn 0.2498 -0.5285 0.8114
vn 0.8420 0.4959 0.2124
vn -0.5710 0.6220 -0.5358
vn -0.3800 -0.9034 0.1985
vn -0.2214 -0.9628 -0.1548
vn -0.3661 -0.8504 0.3779
vn -0.1862 -0.7849 -0.5910
vn -0.2994 -0.9232 -0.2410
vn -0.7454 0.6666 0.0059
vn -0.3622 -0.9180 0.1616
vn 0.3064 -0.9513 -0.0330
vn -0.0581 -0.9791 -0.1947
vn -0.6855 -0.3504 0.6382
vn -0.3502 -0.9278 0.1287
vn -0.5610 0.7166 0.4145
vn -0.8464 -0.3157 0.4289
vn 0.1049 -0.9088 -0.4039
vn 0.3287 -0.3437 -0.8797
vn -0.1713 0.6991 0.6942
vn -0.9613 -0.0544 0.2700
vn -0.7022 -0.2428 -0.6693
vn -0.5617 -0.6165 -0.5518
vn 0.0816 -0.9458 0.3143
vn -0.5148 0.6125 -0.5998
vn -0.4805 -0.2824 -0.8303
vn -0.3206 -0.1581 -0.9339
vn 0.2034 -0.7550 -0.6234
vn -0.2573 0.9660 -0.0242
vn 0.3811 0.0753 -0.9215
vn 0.2244 0.8822 0.4139
vn 0.3920 0.6339 0.6668
vn 0.5556 -0.7397 0.3797
vn 0.0728 0.9193 0.3867
vn 0.0200 0.6690 0.7430
vn -0.4326 -0.7028 -0.5647
vn -0.2718 -0.8579 -0.4359
vn -0.4367 0.8667 0.2409
vn 0.4005 -0.6157 -0.6786
vn 0.6188 -0.6436 -0.4503
vn -0.8829 -0.4659 -0.0585
vn -0.9817 0.1882 -0.0284
vn -0.2012 -0.9787 -0.0396
vn -0.5858 -0.7780 0.2271
vn -0.9816 0.1887 -0.0287
vn -0.2033 -0.9783 -0.0396
vn -0.2035 -0.3297 0.9219
vn 0.4180 -0.8711 0.2579
vn -0.1356 -0.8994 0.4155
vn -0.3041 -0.3390 0.8903
vn 0.0046 -0.6698 0.7425
vn 0.8704 -0.3333 -0.3623
vn -0.8765 0.2207 -0.4279
vn -0.4114 -0.8191 0.3998
vn -0.0450 -0.9921 -0.1171
vn -0.5290 0.5679 0.6305
vn -0.4632 -0.4014 -0.7901
vn 0.3249 -0.7853 -0.5271
vn -0.9823 -0.1870 0.0098
vn -0.5380 -0.6106 -0.5811
vn -0.7082 0.3389 -0.6194
vn -0.5329 0.3616 -0.7650
vn -0.2289 -0.9342 0.2738
vn 0.3893 -0.0031 0.9211
vn -0.4133 0.6982 0.5845
vn 0.1368 0.8990 0.4160
vn -0.2878 0.2881 0.9133
vn -0.0080 0.9999 0.0075
vn 0.0134 0.9999 0.0004
vn 0.5586 0.5934 0.5795
vn 0.5617 0.6122 0.5565
vn 0.1304 -0.6487 0.7498
vn 0.8959 -0.1410 -0.4213
vn -0.8242 0.1901 -0.5335
vn 0.4189 0.9017 0.1068
vn -0.6959 -0.6514 0.3023
vn -0.2660 0.2446 0.9324
vn 0.3529 -0.4442 0.8235
vn -0.6104 -0.7449 0.2694
vn 0.3269 -0.9419 0.0773
vn 0.1088 0.6442 0.7571
vn -0.4620 0.2972 -0.8356
vn 0.7007 0.7056 0.1056
vn -0.8375 0.2737 0.4729
vn 0.6863 -0.1263 -0.7162
vn 0.3413 -0.9124 -0.2258
vn -0.4580 -0.0737 -0.8859
vn 0.6516 -0.0079 -0.7585
vn -0.4117 -0.8745 -0.2563
vn -0.1011 0.9295 -0.3548
vn 0.8638 0.4342 0.2556
vn -0.2070 -0.8715 0.4446
vn -0.9378 0.1261 -0.3235
vn 0.5712 0.7863 -0.2353
vn 0.5059 0.7962 0.3318
vn 0.2954 0.9204 -0.2562
vn 0.5070 0.7949 0.3335
vn -0.6718 -0.1846 -0.7173
vn 0.8623 0.4373 0.2553
vn -0.2245 -0.1314 -0.9656
vn -0.6942 -0.1022 -0.7125
vn -0.2681 -0.9051 -0.3299
vn -0.7191 -0.3174 -0.6182
vn -0.5720 -0.2464 -0.7824
vn -0.1498 -0.9792 -0.1368
vn -0.4831 0.7144 -0.5062
vn -0.0794 -0.9592 -0.2712
vn -0.0548 -0.9979 -0.0356
vn -0.6148 -0.7324 -0.2926
vn -0.6482 0.6232 -0.4377
vn -0.4687 0.4455 -0.7628
vn -0.1190 -0.9862 -0.1151
vn -0.0972 -0.9927 0.0710
vn -0.7201 -0.5872 -0.3696
vn -0.3363 0.9025 -0.2690
vn -0.2906 -0.7906 -0.5389
vn 0.0343 -0.9841 0.1742
vn -0.1386 -0.9793 0.1477
vn -0.7432 -0.5800 -0.3334
vn -0.4968 0.8653 -0.0668
vn -0.3220 -0.9294 0.1800
vn -0.7068 0.6299 -0.3218
vn -0.5844 0.6955 -0.4181
vn -0.2997 -0.9488 0.1002
vn 0.4077 -0.7051 0.5802
vn -0.9856 0.0120 -0.1687
vn -0.0350 0.8181 0.5740
vn -0.2029 -0.9183 -0.3399
vn -0.1269 -0.9794 0.1573
vn -0.2836 -0.0938 0.9543
vn -0.2084 -0.9760 0.0639
vn 0.2549 0.3735 0.8919
vn -0.1940 0.7768 0.5991
vn -0.6810 0.4969 0.5379
vn 0.0346 -0.9832 -0.1791
vn -0.1116 -0.9811 -0.1578
vn -0.0582 -0.9981 -0.0223
vn -0.8172 0.2511 0.5187
vn -0.3986 0.1562 0.9037
vn 0.0790 -0.9895 -0.1211
vn 0.5436 -0.7502 -0.3764
vn 0.4153 -0.7812 -0.4661
vn 0.9039 0.2474 -0.3488
vn 0.1992 0.9750 -0.0984
vn 0.6818 0.5875 -0.4359
vn 0.4139 -0.7402 -0.5299
vn 0.7347 -0.4508 -0.5069
vn 0.3044 0.8337 -0.4608
vn 0.2907 -0.0700 -0.9542
vn 0.4949 0.7542 -0.4315
vn 0.6843 0.0040 -0.7291
vn 0.4588 -0.7770 0.4310
vn 0.7654 -0.3226 0.5568
vn 0.3158 -0.9402 0.1276
vn 0.4356 0.8620 0.2593
vn 0.3495 -0.8580 0.3765
vn 0.2463 -0.9332 0.2619
vn 0.6691 -0.0859 0.7382
vn 0.8224 0.5664 -0.0530
vn 0.3989 -0.6497 0.6471
vn -0.1011 -0.4144 0.9045
vn 0.8204 0.4175 0.3907
vn 0.3335 0.8755 -0.3497
vn 0.7084 -0.4399 0.5520
vn -0.6945 -0.5311 -0.4854
vn 0.0165 0.0646 -0.9978
vn -0.0300 0.9793 0.2004
vn 0.5706 -0.6257 0.5320
vn 0.9675 0.1332 -0.2148
vn 0.0151 0.0648 -0.9978
vn 0.3682 -0.9224 -0.1163
vn 0.9655 -0.2367 -0.1088
vn -0.9291 0.3169 -0.1908
vn 0.5383 0.4173 0.7322
vn -0.3026 -0.2000 0.9319
vn 0.9379 0.0821 0.3370
vn 0.3324 -0.8515 0.4054
vn 0.4739 -0.8806 -0.0067
vn -0.3827 -0.9237 0.0158
vn 0.2679 0.8386 0.4743
vn 0.4299 -0.8024 0.4138
vn -0.7749 -0.3408 0.5323
vn -0.3317 0.5497 0.7667
vn 0.2371 -0.5026 0.8314
vn 0.4128 -0.9087 0.0621
vn 0.7658 -0.6099 0.2037
vn 0.8546 -0.4118 0.3163
vn 0.2467 -0.9611 0.1243
vn 0.5942 -0.8034 0.0376
vn 0.5828 -0.8017 -0.1325
vn 0.3563 -0.9220 -0.1515
vn 0.9149 -0.3507 -0.1998
vn 0.3048 -0.9456 -0.1140
vn 0.1600 -0.9597 -0.2309
vn 0.2483 -0.7551 -0.6067
vn 0.0634 -0.9606 -0.2708
vn 0.2834 0.4731 -0.8342
vn 0.2350 -0.8674 -0.4387
vn 0.1998 -0.3541 -0.9136
vn 0.2549 0.2186 -0.9419
vn 0.5038 0.1959 -0.8413
vn -0.0232 -0.9691 -0.2454
vn 0.1596 0.8184 -0.5521
vn 0.5745 -0.2759 -0.7706
vn 0.4965 0.6248 -0.6025
vn 0.1179 0.6457 0.7544
vn 0.3645 0.4306 0.8257
vn -0.0372 0.3236 0.9454
vn 0.2954 -0.5000 0.8141
vn 0.2069 0.0869 0.9745
vn -0.2479 -0.4625 0.8513
vn 0.1082 -0.2884 0.9514
vn 0.7113 0.2114 0.6703
vn 0.2708 0.3617 0.8921
vn -0.4034 0.2523 0.8796
vn 0.3597 -0.4283 0.8290
vn 0.3799 -0.8984 0.2203
vn 0.3342 -0.1590 0.9290
vn -0.1588 -0.9801 0.1191
vn 0.1349 -0.9879 0.0762
vn 0.3331 -0.6636 0.6698
vn 0.2786 -0.2746 0.9203
vn 0.2813 -0.0335 0.9590
vn 0.1157 0.2987 0.9473
vn -0.3393 -0.8170 0.4662
vn -0.3391 -0.8158 0.4685
vn -0.1876 -0.4096 0.8927
vn -0.0318 -0.2154 0.9760
vn -0.0533 0.2768 0.9594
vn 0.8161 0.2097 0.5386
vn 0.3000 -0.4860 0.8209
vn 0.6585 -0.5625 0.4999
vn -0.3969 -0.5729 0.7171
vn -0.7695 -0.0712 0.6347
vn -0.5058 -0.8517 0.1370
vn -0.9116 0.0303 0.4099
vn -0.6461 -0.6926 0.3206
vn -0.8122 0.4640 0.3536
vn -0.0655 -0.9967 0.0479
vn -0.2189 -0.9678 0.1240
vn -0.3008 0.9358 0.1838
vn -0.9148 -0.2733 0.2974
vn -0.6307 0.7366 0.2443
vn -0.4397 -0.8808 0.1755
vn -0.6747 0.6850 0.2748
vn -0.8709 0.1104 0.4790
vn -0.5582 -0.7895 0.2552
vn -0.1916 -0.9727 0.1313
vn 0.5421 -0.3754 -0.7519
vn 0.6541 -0.2608 -0.7100
vn 0.5119 0.1672 -0.8426
vn 0.7295 0.0835 -0.6789
vn 0.6302 -0.2087 -0.7479
vn 0.7452 0.1188 -0.6561
vn 0.4493 0.1359 -0.8830
vn 0.7307 0.1297 -0.6703
vn 0.7237 0.3150 -0.6141
vn 0.3219 -0.7875 -0.5256
vn -0.4193 -0.3539 -0.8360
vn 0.7271 0.2496 -0.6396
vn 0.5781 -0.3225 -0.7495
vn 0.1829 -0.9615 -0.2049
vn 0.8270 -0.2342 -0.5110
vn -0.2851 0.8786 0.3832
vn 0.1886 0.5084 -0.8402
vn 0.8790 -0.4717 0.0697
vn 0.5946 -0.6275 -0.5027
vn 0.9760 -0.2017 -0.0817
vn -0.9323 0.0609 0.3566
vn 0.5705 -0.3115 -0.7599
vn 0.5315 0.5003 -0.6835
vn -0.3650 -0.9040 0.2225
vn 0.5033 -0.8435 -0.1873
vn 0.9315 0.2455 -0.2684
vn -0.4460 0.8690 0.2141
vn 0.1238 0.9824 0.1400
vn -0.0145 0.9791 -0.2027
vn 0.1892 0.5052 -0.8420
vn 0.5707 -0.3099 -0.7605
vn 0.0602 -0.9956 0.0722
vn 0.3148 -0.9343 -0.1674
vn 0.2989 -0.7822 -0.5466
vn 0.7348 -0.6089 -0.2988
vn -0.5412 -0.1725 0.8230
vn 0.7584 0.6143 0.2178
vn 0.3145 -0.9135 -0.2582
vn 0.2077 -0.9768 -0.0520
vn 0.5681 -0.0952 -0.8174
vn 0.1859 0.9817 -0.0410
vn 0.4574 0.2291 -0.8592
vn 0.2681 -0.9294 -0.2538
vn 0.2297 -0.7717 0.5931
vn 0.5965 -0.0286 -0.8021
vn 0.2090 -0.7159 -0.6662
vn 0.9556 -0.2389 0.1725
vn 0.9147 -0.2837 -0.2879
vn 0.7688 -0.0592 -0.6368
vn 0.5675 -0.6440 -0.5130
vn 0.7026 0.4607 0.5424
vn 0.8161 -0.4675 -0.3398
vn 0.9246 0.3208 -0.2054
vn 0.4115 -0.6982 0.5859
vn 0.7300 -0.4335 -0.5283
vn 0.9745 0.0737 0.2118
vn 0.5492 -0.4421 0.7092
vn 0.3967 -0.9179 -0.0123
vn 0.9630 0.2533 -0.0920
vn -0.0888 0.8584 -0.5052
vn -0.7624 0.0754 -0.6427
vn -0.7626 0.1515 -0.6289
vn -0.2115 0.2950 -0.9318
vn -0.8207 -0.0319 -0.5705
vn -0.0644 0.4532 -0.8891
vn -0.5671 -0.0366 -0.8229
vn -0.5529 0.2594 -0.7918
vn -0.7688 -0.3584 -0.5296
vn -0.7452 -0.0978 -0.6596
vn -0.4946 -0.3904 -0.7765
vn -0.8079 -0.1876 -0.5587
vn -0.8897 0.2447 -0.3855
vn -0.6798 0.2977 -0.6702
vn -0.8988 -0.2200 -0.3792
vn -0.9672 0.1068 -0.2305
vn -0.8039 -0.0003 -0.5948
vn -0.6954 0.4285 -0.5768
vn -0.9811 0.1873 -0.0480
vn -0.8608 -0.5073 -0.0394
vn -0.4899 0.8147 -0.3102
vn -0.7351 -0.2595 -0.6263
vn -0.2136 0.9594 -0.1841
vn -0.5477 0.1235 -0.8275
vn -0.5296 0.6831 0.5029
vn -0.7290 -0.1061 0.6762
vn -0.5846 -0.6871 -0.4316
vn -0.2922 -0.8472 0.4436
vn -0.6929 -0.3098 -0.6511
vn -0.3345 -0.4810 0.8104
vn -0.1316 -0.9755 -0.1761
vn 0.1563 -0.9871 -0.0348
vn 0.9946 0.0872 -0.0564
vn 0.6619 0.3500 0.6629
vn -0.4359 -0.8079 -0.3967
vn -0.1691 0.7420 -0.6487
vn -0.3454 0.4229 -0.8378
vn -0.6891 -0.0054 -0.7246
vn 0.7996 0.6003 -0.0147
vn 0.6993 -0.4341 -0.5679
vn -0.9549 -0.2124 0.2074
vn -0.3664 0.8440 0.3916
vn 0.9157 0.1939 0.3520
vn 0.1437 -0.9410 0.3063
vn 0.0364 -0.8458 0.5322
vn 0.5814 0.1226 0.8044
vn -0.3056 -0.8955 0.3237
vn 0.1259 0.9576 -0.2591
vn -0.5220 0.0881 0.8484
vn 0.6350 -0.1207 0.7631
vn -0.4387 0.8969 -0.0561
vn -0.5957 -0.1927 -0.7797
vn 0.7967 -0.2210 -0.5625
vn -0.3130 -0.1312 -0.9407
vn 0.9172 -0.1982 -0.3456
vn -0.9914 -0.0432 0.1232
vn 0.6706 0.2439 0.7006
vn 0.6333 -0.1019 0.7671
vn -0.5294 -0.7606 -0.3757
vn 0.0348 0.9022 -0.4299
vn -0.8544 0.4135 -0.3147
vn -0.6064 0.2319 0.7606
vn 0.3223 -0.4565 0.8293
vn -0.2115 0.4765 0.8533
vn 0.7000 0.3321 0.6323
vn 0.7196 0.5747 0.3897
vn 0.8775 0.0591 0.4759
vn 0.3960 0.9135 0.0935
vn 0.6691 0.6599 0.3418
vn 0.1359 0.9894 -0.0511
vn 0.6997 0.3325 0.6324
vn 0.7134 -0.6243 0.3183
vn 0.0559 -0.3006 -0.9521
vn 0.8595 0.2072 -0.4674
vn 0.5067 -0.7561 0.4142
vn -0.5615 0.8112 -0.1632
vn 0.5524 0.6574 0.5126
vn -0.6961 -0.6142 -0.3717
vn -0.4247 -0.1773 0.8878
vn 0.8710 0.3640 0.3300
vn -0.5684 0.4486 0.6897
vn 0.3731 -0.9268 0.0437
vn 0.0684 0.7961 -0.6012
vn -0.7575 -0.4762 -0.4467
vn -0.5642 0.8198 -0.0980
vn -0.0677 0.8770 -0.4756
vn 0.1725 0.0942 -0.9805
vn -0.4745 0.8513 -0.2238
vn 0.2936 0.8183 -0.4942
vn -0.1436 -0.0627 -0.9876
vn -0.9381 0.3446 -0.0346
vn -0.1852 0.9789 0.0861
vn 0.1189 -0.0808 -0.9896
vn 0.1736 -0.8962 -0.4082
vn -0.9188 0.0704 0.3885
vn -0.5628 -0.7554 0.3355
vn -0.7924 0.5979 0.1207
vn 0.0989 0.9909 -0.0911
vn -0.0018 0.9614 -0.2752
vn -0.7588 -0.1046 -0.6429
vn -0.6577 -0.5216 0.5435
vn -0.4071 0.5323 0.7422
vn -0.2028 0.9582 0.2018
vn 0.0514 -0.9917 -0.1175
vn 0.0145 -0.9901 0.1394
vn -0.4512 -0.8036 -0.3880
vn -0.1688 -0.9537 0.2488
vn -0.8886 -0.1570 -0.4310
vn -0.3255 0.9453 -0.0236
vn -0.0392 0.8536 -0.5195
vn -0.2113 0.5187 0.8285
vn -0.4926 -0.8256 -0.2751
vn 0.0557 0.9261 0.3731
vn -0.4116 0.8956 0.1687
vn 0.3040 -0.6434 -0.7026
vn -0.7485 -0.2005 -0.6321
vn -0.0198 0.6618 0.7494
vn -0.2166 0.9532 -0.2107
vn -0.4374 0.8560 -0.2755
vn -0.1382 -0.9887 0.0586
vn -0.7388 -0.5912 -0.3235
vn -0.4151 -0.2827 -0.8647
vn 0.0964 -0.6591 0.7459
vn 0.1118 0.9742 -0.1962
vn -0.6581 -0.5230 0.5416
vn -0.9928 0.1162 -0.0294
vn -0.9918 -0.0988 -0.0805
vn -0.8998 -0.3159 -0.3009
vn -0.2651 -0.0865 0.9603
vn -0.9072 0.0643 0.4158
vn -0.1919 -0.9791 -0.0670
vn -0.5429 -0.8105 -0.2199
vn -0.7679 -0.2968 -0.5676
vn -0.9886 -0.0207 -0.1491
vn -0.5433 -0.0459 -0.8383
vn -0.7546 -0.4885 -0.4382
vn -0.9965 -0.0295 0.0777
vn -0.8295 0.5110 -0.2254
vn -0.2640 -0.0868 0.9606
vn -0.9072 0.0643 0.4157
vn 0.2952 0.5627 0.7722
vn 0.0495 -0.9660 -0.2537
vn -0.1895 -0.9818 -0.0102
vn -0.0711 -0.8734 -0.4818
vn -0.6932 0.5109 -0.5083
vn -0.1678 -0.8603 0.4813
vn -0.7292 -0.6814 -0.0629
vn -0.2851 -0.9205 -0.2674
vn 0.1002 -0.7255 0.6809
vn -0.4102 0.8689 -0.2769
vn 0.0944 0.6317 -0.7694
vn 0.2964 0.5623 0.7720
vn 0.0509 -0.9658 -0.2542
vn -0.4184 -0.6493 0.6350
vn -0.2112 -0.9589 -0.1896
vn -0.8986 0.0086 0.4387
vn -0.6174 -0.4822 -0.6215
vn -0.0996 0.8671 0.4881
vn -0.4989 -0.4328 0.7509
vn 0.2224 -0.9294 -0.2945
vn -0.3871 -0.9219 0.0146
vn -0.9564 0.2866 -0.0566
vn -0.2770 0.5487 -0.7888
vn 0.7070 0.0808 -0.7026
vn -0.4384 -0.7304 0.5238
vn -0.6092 0.0996 0.7868
vn -0.1521 -0.9684 0.1979
vn 0.9450 -0.1185 0.3050
vn -0.8439 0.2690 0.4642
vn -0.5723 0.8029 -0.1666
vn -0.9920 -0.0283 0.1228
vn -0.9130 0.2440 0.3271
vn -0.6363 0.7688 0.0629
vn -0.8376 -0.4947 0.2318
vn -0.9027 0.0471 0.4277
vn 0.2376 0.7294 0.6416
vn -0.3116 -0.9177 0.2465
vn -0.1830 -0.9723 0.1457
vn -0.1533 -0.9471 0.2821
vn -0.1059 -0.7330 0.6719
vn -0.2543 -0.8134 0.5232
vn -0.5059 0.8597 0.0706
vn -0.6146 -0.5550 -0.5605
vn -0.5426 -0.7591 -0.3597
vn -0.1840 -0.4824 -0.8564
vn -0.9231 -0.2979 -0.2433
vn -0.1464 -0.9724 0.1816
vn -0.7916 -0.2808 -0.5427
vn -0.7583 0.5848 0.2880
vn -0.3038 -0.9462 -0.1114
vn -0.8529 -0.4946 -0.1671
vn -0.7605 -0.3375 -0.5547
vn -0.9876 -0.1561 -0.0153
vn -0.7874 -0.0772 0.6116
vn -0.0349 0.8485 -0.5281
vn -0.3259 0.9405 -0.0961
vn -0.8529 -0.4939 -0.1693
vn -0.7160 -0.6046 -0.3490
vn 0.2552 0.9668 0.0080
vn -0.0274 0.4331 -0.9009
vn -0.8535 0.1322 -0.5040
vn 0.6212 0.1919 0.7598
vn -0.3205 -0.1581 -0.9340
vn 0.2034 -0.7549 -0.6235
vn -0.0085 0.2209 -0.9753
vn 0.5402 -0.6535 -0.5302
vn -0.6272 -0.7772 0.0507
vn -0.8445 0.2695 0.4628
vn -0.2598 -0.1604 0.9522
vt 0.306962 0.883441
vt 0.322019 0.894027
vt 0.305985 0.884326
vt 0.308621 0.899152
vt 0.288834 0.879748
vt 0.337032 0.909700
vt 0.285869 0.898542
vt 0.258774 0.889413
vt 0.278803 0.923907
vt 0.269714 0.876453
vt 0.260479 0.920500
vt 0.312526 0.929008
vt 0.251109 0.876488
vt 0.265616 0.928391
vt 0.284057 0.935268
vt 0.225523 0.916913
vt 0.234395 0.878898
vt 0.269327 0.936424
vt 0.297884 0.953116
vt 0.239494 0.931082
vt 0.217350 0.894521
vt 0.327942 0.964209
vt 0.249767 0.935035
vt 0.226541 0.932708
vt 0.205453 0.906309
vt 0.211278 0.884617
vt 0.311283 0.973180
vt 0.243370 0.937218
vt 0.206413 0.936784
vt 0.232966 0.941931
vt 0.197473 0.892829
vt 0.221234 0.879927
vt 0.329046 0.971183
vt 0.295785 0.963601
vt 0.189579 0.897260
vt 0.174988 0.919016
vt 0.318022 0.983162
vt 0.343179 0.954306
vt 0.294162 0.973610
vt 0.176322 0.908472
vt 0.291176 0.970548
vt 0.164242 0.929006
vt 0.279783 0.983631
vt 0.288643 0.963521
vt 0.172435 0.952625
vt 0.266375 0.979177
vt 0.291033 0.958231
vt 0.269563 0.987590
vt 0.294109 0.954978
vt 0.244878 0.986152
vt 0.242386 0.991800
vt 0.221746 0.982043
vt 0.270371 0.990209
vt 0.221933 0.977373
vt 0.169822 0.917364
vt 0.168795 0.919053
vt 0.166392 0.916278
vt 0.169984 0.915851
vt 0.440589 0.980326
vt 0.428549 0.962039
vt 0.444986 0.980294
vt 0.420830 0.957584
vt 0.424981 0.955913
vt 0.443065 0.985495
vt 0.421762 0.954595
vt 0.444712 0.977299
vt 0.446171 0.991262
vt 0.420934 0.952655
vt 0.453373 0.987669
vt 0.450670 0.991837
vt 0.526367 0.935547
vt 0.524433 0.934452
vt 0.519763 0.931808
vt 0.510435 0.927041
vt 0.523065 0.933677
vt 0.514278 0.928703
vt 0.477290 0.907762
vt 0.509942 0.925011
vt 0.475502 0.911190
vt 0.490353 0.922034
vt 0.480711 0.902440
vt 0.482736 0.899813
vt 0.473081 0.917076
vt 0.512541 0.924223
vt 0.471441 0.922751
vt 0.531862 0.910381
vt 0.502478 0.931005
vt 0.500591 0.885386
vt 0.470343 0.929074
vt 0.491806 0.890982
vt 0.570672 0.900652
vt 0.469971 0.935368
vt 0.527627 0.879164
vt 0.470009 0.937616
vt 0.582764 0.935547
vt 0.549518 0.986973
vt 0.471175 0.947138
vt 0.575590 0.963073
vt 0.511626 0.989983
vt 0.474020 0.956531
vt 0.521355 0.991720
vt 0.509676 0.961638
vt 0.482323 0.970771
vt 0.518008 0.948761
vt 0.504470 0.974228
vt 0.492866 0.980915
vt 0.489072 0.977851
vt 0.743566 0.963759
vt 0.733304 0.961125
vt 0.743496 0.954647
vt 0.737100 0.964743
vt 0.734677 0.935309
vt 0.731004 0.966013
vt 0.729843 0.938163
vt 0.755026 0.931548
vt 0.724006 0.967046
vt 0.720791 0.949373
vt 0.722310 0.963646
vt 0.725559 0.969997
vt 0.720153 0.935247
vt 0.715335 0.937587
vt 0.713367 0.957987
vt 0.709018 0.933875
vt 0.701856 0.922261
vt 0.706062 0.951134
vt 0.803324 0.963459
vt 0.773193 0.985390
vt 0.771674 0.953323
vt 0.813480 0.982603
vt 0.826453 0.966046
vt 0.784046 0.991929
vt 0.840551 0.989366
vt 0.816036 0.941493
vt 0.859975 0.974627
vt 0.784183 0.935669
vt 0.836244 0.932199
vt 0.853806 0.941272
vt 0.825641 0.917823
vt 0.806876 0.919748
vt 0.840807 0.920599
vt 0.795456 0.918251
vt 0.835730 0.917482
vt 0.852845 0.923701
vt 0.869199 0.932146
vt 0.884154 0.951977
vt 0.673914 0.892150
vt 0.694153 0.879910
vt 0.697918 0.898449
vt 0.683455 0.877836
vt 0.707910 0.874635
vt 0.661143 0.905567
vt 0.667386 0.882787
vt 0.674366 0.873441
vt 0.665370 0.887887
vt 0.658033 0.876882
vt 0.658856 0.891478
vt 0.632860 0.886528
vt 0.653063 0.869682
vt 0.634041 0.881911
vt 0.672345 0.869465
vt 0.641582 0.870459
vt 0.625368 0.883992
vt 0.688840 0.868516
vt 0.660976 0.866521
vt 0.648230 0.866760
vt 0.623034 0.875183
vt 0.672727 0.864485
vt 0.645728 0.867375
vt 0.648877 0.866523
vt 0.627240 0.870779
vt 0.611976 0.878070
vt 0.680758 0.863807
vt 0.663436 0.862084
vt 0.643193 0.864691
vt 0.622225 0.871851
vt 0.680574 0.859508
vt 0.675587 0.861475
vt 0.644574 0.867730
vt 0.664719 0.844745
vt 0.608977 0.869402
vt 0.607315 0.873810
vt 0.599106 0.878091
vt 0.836572 0.889215
vt 0.858948 0.895150
vt 0.827791 0.892219
vt 0.869944 0.889885
vt 0.853644 0.901069
vt 0.822765 0.887546
vt 0.882566 0.894097
vt 0.844747 0.872021
vt 0.810785 0.891801
vt 0.876755 0.871936
vt 0.799834 0.866664
vt 0.784078 0.878274
vt 0.809186 0.845944
vt 0.771595 0.853278
vt 0.250553 0.814197
vt 0.270564 0.808107
vt 0.283562 0.822708
vt 0.243646 0.801198
vt 0.322846 0.806009
vt 0.219482 0.809195
vt 0.333536 0.821860
vt 0.303113 0.801141
vt 0.244934 0.790901
vt 0.349695 0.808638
vt 0.312200 0.825395
vt 0.320400 0.801591
vt 0.252363 0.792786
vt 0.363238 0.819757
vt 0.317999 0.825494
vt 0.301650 0.824946
vt 0.351766 0.822914
vt 0.956820 0.962833
vt 0.965407 0.962367
vt 0.959996 0.964831
vt 0.956617 0.951351
vt 0.969883 0.965695
vt 0.950133 0.968285
vt 0.973583 0.958990
vt 0.951198 0.960938
vt 0.946506 0.963669
vt 0.966074 0.970049
vt 0.913851 0.954729
vt 0.942747 0.967278
vt 0.959144 0.982138
vt 0.939123 0.941857
vt 0.935456 0.965617
vt 0.936145 0.970343
vt 0.929617 0.975216
vt 0.945935 0.924370
vt 0.910964 0.938313
vt 0.926748 0.969762
vt 0.935980 0.987202
vt 0.900761 0.946965
vt 0.908588 0.967070
vt 0.927714 0.972364
vt 0.954970 0.991713
vt 0.918459 0.970112
vt 0.927383 0.973367
vt 0.923760 0.976432
vt 0.957744 0.876703
vt 0.961962 0.883802
vt 0.948206 0.872474
vt 0.954369 0.874518
vt 0.945158 0.871228
vt 0.392471 0.789441
vt 0.405959 0.779142
vt 0.407350 0.794882
vt 0.393889 0.779046
vt 0.421128 0.782517
vt 0.385166 0.803516
vt 0.395695 0.772673
vt 0.388456 0.786545
vt 0.419948 0.771174
vt 0.380077 0.801039
vt 0.387407 0.807151
vt 0.386210 0.767061
vt 0.438604 0.782043
vt 0.384158 0.791633
vt 0.379882 0.810362
vt 0.415561 0.818892
vt 0.452132 0.783203
vt 0.448297 0.791809
vt 0.420583 0.808236
vt 0.445580 0.784985
vt 0.435457 0.810677
vt 0.450345 0.786915
vt 0.450451 0.798537
vt 0.446144 0.825468
vt 0.460630 0.795268
vt 0.602503 0.804300
vt 0.562651 0.798623
vt 0.576622 0.793258
vt 0.583550 0.821093
vt 0.545643 0.788966
vt 0.568324 0.822036
vt 0.540408 0.792053
vt 0.562411 0.816820
vt 0.541848 0.798182
vt 0.556976 0.825256
vt 0.556571 0.816643
vt 0.523509 0.791478
vt 0.535330 0.815161
vt 0.477261 0.803388
vt 0.523299 0.806674
vt 0.492306 0.818702
vt 0.506537 0.825603
vt 0.670858 0.814656
vt 0.705031 0.812015
vt 0.697309 0.815079
vt 0.713326 0.813458
vt 0.657355 0.816808
vt 0.704334 0.815740
vt 0.713331 0.818779
vt 0.638987 0.820414
vt 0.652931 0.820231
vt 0.624170 0.814029
vt 0.646395 0.809877
vt 0.620178 0.816292
vt 0.623826 0.804779
vt 0.619130 0.821655
vt 0.684239 0.799194
vt 0.657248 0.785525
vt 0.681252 0.784924
vt 0.635840 0.782128
vt 0.654777 0.779076
vt 0.738766 0.809433
vt 0.752058 0.817020
vt 0.731429 0.820068
vt 0.742337 0.803875
vt 0.756159 0.823664
vt 0.729824 0.810396
vt 0.737340 0.805750
vt 0.761622 0.808246
vt 0.766232 0.819385
vt 0.737645 0.781620
vt 0.765868 0.825629
vt 0.735529 0.793689
vt 0.805329 0.817509
vt 0.794376 0.784257
vt 0.804227 0.783220
vt 0.826965 0.796074
vt 0.824469 0.785591
vt 0.026401 0.696093
vt 0.031325 0.692840
vt 0.030396 0.719926
vt 0.020262 0.698170
vt 0.020273 0.721316
vt 0.025716 0.688774
vt 0.016530 0.699675
vt 0.031679 0.688885
vt 0.008259 0.707908
vt 0.043461 0.689964
vt 0.047208 0.687258
vt 0.066488 0.690395
vt 0.087228 0.699919
vt 0.049164 0.685937
vt 0.083646 0.694414
vt 0.087291 0.688069
vt 0.049122 0.671924
vt 0.034568 0.678590
vt 0.990926 0.781533
vt 0.982700 0.785529
vt 0.969348 0.782286
vt 0.955588 0.786976
vt 0.969130 0.781136
vt 0.952558 0.780018
vt 0.960940 0.775041
vt 0.944913 0.786534
vt 0.955656 0.791810
vt 0.934719 0.778265
vt 0.930529 0.770526
vt 0.967254 0.792588
vt 0.930821 0.793766
vt 0.960533 0.802371
vt 0.925879 0.793870
vt 0.933314 0.795848
vt 0.955862 0.808391
vt 0.965205 0.802097
vt 0.929383 0.796838
vt 0.959342 0.806036
vt 0.970704 0.810099
vt 0.934022 0.804116
vt 0.958852 0.810195
vt 0.963423 0.807862
vt 0.939601 0.823945
vt 0.930377 0.822709
vt 0.967539 0.811277
vt 0.921815 0.803776
vt 0.933854 0.825678
vt 0.922434 0.818106
vt 0.930801 0.824048
vt 0.038529 0.621541
vt 0.036932 0.623937
vt 0.035950 0.627085
vt 0.038177 0.594485
vt 0.020668 0.649712
vt 0.032689 0.626086
vt 0.021635 0.614151
vt 0.060278 0.603547
vt 0.017512 0.647084
vt 0.024724 0.652194
vt 0.008564 0.630539
vt 0.022341 0.599158
vt 0.035408 0.634766
vt 0.045223 0.621564
vt 0.037597 0.631576
vt 0.009742 0.614998
vt 0.065211 0.610108
vt 0.041058 0.655416
vt 0.011768 0.610413
vt 0.068639 0.619765
vt 0.052465 0.652173
vt 0.013596 0.607466
vt 0.015993 0.604472
vt 0.064101 0.641724
vt 0.069092 0.625000
vt 0.145070 0.691449
vt 0.103891 0.696685
vt 0.114982 0.687091
vt 0.154228 0.706847
vt 0.139691 0.682626
vt 0.104625 0.721348
vt 0.152388 0.678567
vt 0.158682 0.679562
vt 0.187157 0.683170
vt 0.171119 0.700843
vt 0.176743 0.678885
vt 0.493728 0.759485
vt 0.477145 0.760612
vt 0.479559 0.758623
vt 0.499907 0.769390
vt 0.512743 0.761622
vt 0.491592 0.772276
vt 0.523850 0.756866
vt 0.531495 0.771191
vt 0.537097 0.757634
vt 0.540960 0.763363
vt 0.557427 0.747047
vt 0.554707 0.769067
vt 0.554737 0.756008
vt 0.576435 0.770120
vt 0.578351 0.755982
vt 0.600431 0.763766
vt 0.582188 0.744398
vt 0.221969 0.711427
vt 0.223533 0.709363
vt 0.236354 0.717501
vt 0.209261 0.703080
vt 0.245736 0.718685
vt 0.203831 0.694761
vt 0.248950 0.709217
vt 0.223974 0.696923
vt 0.243465 0.694770
vt 0.269790 0.721327
vt 0.277054 0.707487
vt 0.233551 0.674092
vt 0.319791 0.687650
vt 0.293557 0.692709
vt 0.316185 0.685844
vt 0.304572 0.697453
vt 0.319214 0.681833
vt 0.324899 0.695434
vt 0.323968 0.685468
vt 0.324843 0.703733
vt 0.327263 0.688255
vt 0.341341 0.695034
vt 0.303464 0.708458
vt 0.340843 0.684038
vt 0.341423 0.700561
vt 0.316050 0.718601
vt 0.296625 0.699403
vt 0.337176 0.682896
vt 0.344912 0.690168
vt 0.347281 0.706276
vt 0.301879 0.721194
vt 0.359854 0.695804
vt 0.348690 0.684454
vt 0.360505 0.689586
vt 0.355220 0.709980
vt 0.361982 0.691358
vt 0.373620 0.686098
vt 0.368036 0.706186
vt 0.369915 0.688935
vt 0.369754 0.691916
vt 0.356211 0.712361
vt 0.369630 0.697614
vt 0.373818 0.688534
vt 0.354491 0.711743
vt 0.375300 0.690755
vt 0.100935 0.605895
vt 0.112992 0.606771
vt 0.112168 0.609260
vt 0.108464 0.602424
vt 0.118717 0.612184
vt 0.097256 0.610397
vt 0.106076 0.597708
vt 0.116597 0.602659
vt 0.122090 0.614272
vt 0.123611 0.619633
vt 0.087476 0.612571
vt 0.085286 0.611227
vt 0.121081 0.643242
vt 0.111096 0.598004
vt 0.090425 0.599778
vt 0.127387 0.628781
vt 0.102934 0.595715
vt 0.085691 0.603352
vt 0.135321 0.649679
vt 0.129685 0.655445
vt 0.300824 0.767469
vt 0.295863 0.758765
vt 0.304184 0.762978
vt 0.284728 0.766379
vt 0.316687 0.752615
vt 0.313542 0.764153
vt 0.273735 0.753793
vt 0.284875 0.774306
vt 0.295244 0.750022
vt 0.320251 0.766949
vt 0.250268 0.764551
vt 0.281807 0.770992
vt 0.267943 0.747437
vt 0.242149 0.755486
vt 0.290428 0.745841
vt 0.229840 0.764353
vt 0.219398 0.747947
vt 0.437610 0.690346
vt 0.448191 0.691072
vt 0.449787 0.695100
vt 0.456339 0.699251
vt 0.423795 0.705526
vt 0.453555 0.701993
vt 0.450331 0.682773
vt 0.421521 0.694821
vt 0.465275 0.721003
vt 0.432947 0.689639
vt 0.391883 0.707874
vt 0.430140 0.710554
vt 0.439146 0.682859
vt 0.410924 0.714839
vt 0.397228 0.697656
vt 0.421418 0.713883
vt 0.403241 0.715261
vt 0.403652 0.718722
vt 0.404630 0.717540
vt 0.394039 0.721230
vt 0.426819 0.715450
vt 0.151904 0.655396
vt 0.172027 0.626413
vt 0.179024 0.644586
vt 0.154490 0.631837
vt 0.202563 0.602335
vt 0.175050 0.618483
vt 0.202631 0.629927
vt 0.156004 0.628844
vt 0.795782 0.753276
vt 0.789794 0.745705
vt 0.823621 0.756628
vt 0.784055 0.756112
vt 0.754008 0.747113
vt 0.759940 0.738458
vt 0.756016 0.753517
vt 0.778300 0.738650
vt 0.729862 0.756376
vt 0.745590 0.764924
vt 0.797924 0.740135
vt 0.789767 0.738513
vt 0.110246 0.751026
vt 0.086811 0.738931
vt 0.128859 0.742408
vt 0.127918 0.750317
vt 0.121589 0.754674
vt 0.154448 0.745795
vt 0.142079 0.752347
vt 0.158169 0.740133
vt 0.174257 0.755104
vt 0.142327 0.757567
vt 0.172032 0.744097
vt 0.163075 0.755660
vt 0.186388 0.749292
vt 0.169790 0.762292
vt 0.191359 0.756939
vt 0.186939 0.759592
vt 0.508466 0.718731
vt 0.506018 0.701148
vt 0.528729 0.700655
vt 0.489821 0.719739
vt 0.521741 0.697793
vt 0.531816 0.717679
vt 0.481738 0.707152
vt 0.539680 0.700106
vt 0.549628 0.716698
vt 0.561229 0.706758
vt 0.557337 0.705026
vt 0.586131 0.721389
vt 0.637634 0.713783
vt 0.608892 0.708061
vt 0.611481 0.706774
vt 0.641507 0.707343
vt 0.624251 0.703848
vt 0.659717 0.717466
vt 0.620955 0.699252
vt 0.657639 0.711472
vt 0.661047 0.719233
vt 0.604527 0.697561
vt 0.654021 0.705759
vt 0.676791 0.719707
vt 0.602594 0.691566
vt 0.684853 0.721330
vt 0.664722 0.708373
vt 0.670834 0.709920
vt 0.671515 0.713839
vt 0.603069 0.707132
vt 0.627500 0.712674
vt 0.613249 0.710074
vt 0.604524 0.708105
vt 0.726327 0.708334
vt 0.742169 0.688642
vt 0.753743 0.695838
vt 0.718116 0.686765
vt 0.743956 0.714946
vt 0.701541 0.704620
vt 0.756124 0.714229
vt 0.766022 0.700446
vt 0.749402 0.717815
vt 0.767038 0.697876
vt 0.764499 0.712373
vt 0.755738 0.721344
vt 0.743265 0.717503
vt 0.771661 0.705422
vt 0.763884 0.719333
vt 0.833902 0.693876
vt 0.813464 0.704738
vt 0.811926 0.694328
vt 0.826197 0.705066
vt 0.806239 0.699591
vt 0.850086 0.702502
vt 0.823553 0.709522
vt 0.804452 0.701585
vt 0.788217 0.693930
vt 0.846012 0.693910
vt 0.834821 0.710725
vt 0.812227 0.710384
vt 0.806218 0.705597
vt 0.791548 0.702946
vt 0.864070 0.701730
vt 0.849987 0.706398
vt 0.830998 0.711708
vt 0.859485 0.693771
vt 0.862256 0.705246
vt 0.850574 0.710234
vt 0.845518 0.713299
vt 0.864638 0.695047
vt 0.872234 0.707569
vt 0.872926 0.711121
vt 0.864762 0.711564
vt 0.863223 0.717271
vt 0.866996 0.716477
vt 0.868741 0.721380
vt 0.347283 0.630839
vt 0.345855 0.626006
vt 0.354730 0.626504
vt 0.338538 0.632269
vt 0.357681 0.627762
vt 0.335668 0.628622
vt 0.357591 0.624985
vt 0.344350 0.623408
vt 0.325986 0.634884
vt 0.316876 0.637483
vt 0.324615 0.632188
vt 0.308365 0.642995
vt 0.303606 0.643610
vt 0.316385 0.639495
vt 0.517489 0.641261
vt 0.511344 0.643955
vt 0.514173 0.626271
vt 0.516521 0.646384
vt 0.530701 0.642478
vt 0.505624 0.653159
vt 0.532776 0.617041
vt 0.511344 0.655430
vt 0.523613 0.655492
vt 0.560691 0.623497
vt 0.661318 0.745533
vt 0.681853 0.739382
vt 0.688852 0.749124
vt 0.694768 0.739792
vt 0.680785 0.635282
vt 0.652712 0.637424
vt 0.670757 0.631594
vt 0.666535 0.655278
vt 0.658997 0.631314
vt 0.638638 0.649829
vt 0.698053 0.646666
vt 0.660233 0.630480
vt 0.697522 0.634144
vt 0.709216 0.639098
vt 0.707455 0.632088
vt 0.725709 0.636789
vt 0.725628 0.633199
vt 0.727814 0.643934
vt 0.734063 0.623128
vt 0.746811 0.613527
vt 0.726028 0.630233
vt 0.731446 0.649073
vt 0.735008 0.617004
vt 0.732788 0.618692
vt 0.761716 0.619969
vt 0.741251 0.614213
vt 0.753784 0.614799
vt 0.740939 0.654745
vt 0.767578 0.634521
vt 0.757247 0.652607
vt 0.763375 0.647125
vt 0.767365 0.637508
vt 0.853076 0.637102
vt 0.845994 0.633033
vt 0.856050 0.634383
vt 0.842337 0.639984
vt 0.858333 0.637731
vt 0.852761 0.641341
vt 0.867142 0.629620
vt 0.841733 0.648264
vt 0.857951 0.647059
vt 0.867491 0.632982
vt 0.871427 0.640996
vt 0.869873 0.633305
vt 0.832155 0.655479
vt 0.877476 0.627388
vt 0.877570 0.636082
vt 0.876324 0.630215
vt 0.875847 0.633004
vt 0.891846 0.631882
vt 0.944979 0.622604
vt 0.947115 0.626010
vt 0.926499 0.629141
vt 0.955052 0.620269
vt 0.948908 0.638644
vt 0.924819 0.628512
vt 0.926995 0.655445
vt 0.908554 0.641371
vt 0.153630 0.554139
vt 0.139576 0.562996
vt 0.143516 0.559120
vt 0.135075 0.563821
vt 0.151582 0.553933
vt 0.129984 0.568811
vt 0.140026 0.560388
vt 0.160074 0.549608
vt 0.122730 0.569170
vt 0.124014 0.574538
vt 0.140147 0.557864
vt 0.168480 0.547273
vt 0.116072 0.578339
vt 0.126119 0.566169
vt 0.138804 0.557605
vt 0.311365 0.506105
vt 0.305208 0.519282
vt 0.295250 0.506210
vt 0.282772 0.514324
vt 0.289229 0.538786
vt 0.279223 0.507333
vt 0.263188 0.528553
vt 0.382867 0.559614
vt 0.394736 0.559066
vt 0.368812 0.567478
vt 0.400773 0.556878
vt 0.377552 0.561703
vt 0.407611 0.558236
vt 0.384639 0.558532
vt 0.356863 0.573096
vt 0.402322 0.559700
vt 0.407981 0.557121
vt 0.354842 0.575779
vt 0.420293 0.562539
vt 0.420272 0.561092
vt 0.349292 0.578325
vt 0.392665 0.505105
vt 0.375047 0.518733
vt 0.374123 0.518082
vt 0.374940 0.520752
vt 0.357775 0.531928
vt 0.349342 0.540146
vt 0.489272 0.572593
vt 0.494503 0.566226
vt 0.500168 0.573174
vt 0.490719 0.567513
vt 0.498635 0.567034
vt 0.487654 0.569957
vt 0.488594 0.563438
vt 0.503263 0.557465
vt 0.491138 0.554538
vt 0.501105 0.554432
vt 0.507602 0.572418
vt 0.496901 0.551307
vt 0.489029 0.561676
vt 0.506315 0.552201
vt 0.511486 0.556958
vt 0.493894 0.550165
vt 0.485561 0.561771
vt 0.487402 0.559503
vt 0.499344 0.552053
vt 0.510687 0.571487
vt 0.494380 0.549780
vt 0.516521 0.549638
vt 0.514410 0.568522
vt 0.508389 0.574221
vt 0.507823 0.550138
vt 0.513474 0.571729
vt 0.513099 0.559148
vt 0.516800 0.547259
vt 0.521608 0.566371
vt 0.519992 0.544752
vt 0.518445 0.548225
vt 0.512154 0.546783
vt 0.527398 0.543941
vt 0.516336 0.542240
vt 0.501627 0.546485
vt 0.521783 0.541860
vt 0.524249 0.542172
vt 0.621714 0.570468
vt 0.620839 0.568292
vt 0.622485 0.570137
vt 0.625380 0.578367
vt 0.620939 0.574586
vt 0.673187 0.559664
vt 0.671228 0.563220
vt 0.671615 0.560560
vt 0.674730 0.569392
vt 0.663699 0.560629
vt 0.683369 0.571316
vt 0.661940 0.565090
vt 0.668696 0.551327
vt 0.685447 0.576760
vt 0.660217 0.559862
vt 0.667817 0.550083
vt 0.673365 0.578344
vt 0.662728 0.557214
vt 0.670690 0.547117
vt 0.650159 0.568248
vt 0.661059 0.557172
vt 0.671129 0.548208
vt 0.679617 0.536727
vt 0.711866 0.532636
vt 0.755544 0.528578
vt 0.735489 0.537822
vt 0.741173 0.519411
vt 0.724445 0.538501
vt 0.752273 0.517856
vt 0.701925 0.537841
vt 0.764081 0.515214
vt 0.728595 0.519007
vt 0.713064 0.522707
vt 0.194827 0.522755
vt 0.197454 0.518870
vt 0.214945 0.520779
vt 0.185094 0.522685
vt 0.228302 0.516084
vt 0.206618 0.530463
vt 0.192312 0.512969
vt 0.228391 0.530115
vt 0.215186 0.532787
vt 0.234358 0.506333
vt 0.207310 0.535568
vt 0.215184 0.534000
vt 0.857561 0.564460
vt 0.852975 0.568713
vt 0.844634 0.561632
vt 0.870345 0.568826
vt 0.840807 0.561617
vt 0.850330 0.553522
vt 0.875037 0.578289
vt 0.868565 0.552365
vt 0.838002 0.553560
vt 0.872637 0.546524
vt 0.835601 0.554956
vt 0.840397 0.545758
vt 0.863188 0.542427
vt 0.852651 0.542433
vt 0.011979 0.481058
vt 0.032103 0.451109
vt 0.046143 0.469482
vt 0.008057 0.469527
vt 0.023455 0.488173
vt 0.019052 0.456249
vt 0.012429 0.481624
vt 0.036261 0.486177
vt 0.022144 0.451096
vt 0.011588 0.458436
vt 0.014809 0.454937
vt 0.066516 0.481487
vt 0.062444 0.466816
vt 0.080363 0.450462
vt 0.083156 0.488435
vt 0.079142 0.488403
vt 0.087610 0.451516
vt 0.095141 0.482560
vt 0.095874 0.457227
vt 0.098403 0.477853
vt 0.100342 0.469482
vt 0.906721 0.514165
vt 0.922872 0.509464
vt 0.921719 0.521751
vt 0.947578 0.529578
vt 0.910442 0.523316
vt 0.917857 0.531624
vt 0.933982 0.509791
vt 0.891659 0.518337
vt 0.926694 0.506695
vt 0.907644 0.530234
vt 0.897367 0.522450
vt 0.196415 0.484722
vt 0.182261 0.483045
vt 0.200211 0.479912
vt 0.188425 0.488500
vt 0.200975 0.464007
vt 0.206122 0.485613
vt 0.172848 0.484628
vt 0.206023 0.473467
vt 0.206989 0.482586
vt 0.228860 0.485901
vt 0.253843 0.468968
vt 0.258407 0.471326
vt 0.255737 0.476698
vt 0.245497 0.460400
vt 0.265995 0.488347
vt 0.262104 0.469225
vt 0.280178 0.479370
vt 0.255296 0.481859
vt 0.285066 0.476713
vt 0.293951 0.480942
vt 0.322518 0.482329
vt 0.310590 0.483496
vt 0.332425 0.456984
vt 0.313754 0.488489
vt 0.352157 0.469463
vt 0.335733 0.482260
vt 0.353932 0.476767
vt 0.405295 0.463882
vt 0.400792 0.484180
vt 0.370515 0.488414
vt 0.407134 0.479082
vt 0.394171 0.459292
vt 0.409139 0.457074
vt 0.391486 0.453777
vt 0.168277 0.516453
vt 0.168435 0.530759
vt 0.160963 0.524752
vt 0.160103 0.528155
vt 0.143995 0.516182
vt 0.130484 0.511563
vt 0.142383 0.519891
vt 0.130106 0.513550
vt 0.123188 0.507969
vt 0.116135 0.505565
vt 0.487618 0.476132
vt 0.485210 0.470804
vt 0.501070 0.482098
vt 0.482489 0.467346
vt 0.501757 0.483990
vt 0.479303 0.461039
vt 0.484660 0.473255
vt 0.514567 0.485296
vt 0.485973 0.479800
vt 0.478353 0.460579
vt 0.514525 0.485929
vt 0.512722 0.488469
vt 0.519690 0.484191
vt 0.519002 0.485167
vt 0.525413 0.481023
vt 0.686723 0.478355
vt 0.673523 0.467721
vt 0.698399 0.477027
vt 0.702496 0.482093
vt 0.718079 0.481290
vt 0.715062 0.484951
vt 0.735426 0.488285
vt 0.661426 0.606612
vt 0.638579 0.605628
vt 0.660589 0.595835
vt 0.648933 0.611439
vt 0.689261 0.603119
vt 0.658881 0.610379
vt 0.691406 0.600053
vt 0.684547 0.606622
vt 0.653022 0.613953
vt 0.670897 0.610364
vt 0.707603 0.603626
vt 0.842182 0.485415
vt 0.842765 0.468206
vt 0.862373 0.475138
vt 0.812309 0.479162
vt 0.859344 0.472013
vt 0.860308 0.488494
vt 0.820975 0.472181
vt 0.838977 0.464384
vt 0.829106 0.467960
vt 0.813416 0.467075
vt 0.833398 0.464086
vt 0.848793 0.466186
vt 0.821857 0.463156
vt 0.909169 0.479260
vt 0.894991 0.478600
vt 0.894243 0.475763
vt 0.912347 0.485747
vt 0.916231 0.485586
vt 0.897693 0.484276
vt 0.890316 0.479542
vt 0.898999 0.487399
vt 0.879084 0.479198
vt 0.960642 0.462532
vt 0.970122 0.458626
vt 0.961533 0.464135
vt 0.967278 0.455379
vt 0.952101 0.474080
vt 0.972521 0.454721
vt 0.960675 0.461310
vt 0.950114 0.475475
vt 0.981899 0.457251
vt 0.955250 0.466743
vt 0.948139 0.486512
vt 0.945021 0.488296
vt 0.060094 0.417624
vt 0.060762 0.411548
vt 0.066414 0.430147
vt 0.076071 0.398774
vt 0.070631 0.432785
vt 0.085964 0.432388
vt 0.091333 0.404813
vt 0.095703 0.416504
vt 0.095565 0.414292
vt 0.079965 0.335117
vt 0.078168 0.333965
vt 0.082047 0.333589
vt 0.075735 0.336713
vt 0.071130 0.343593
vt 0.068999 0.349241
vt 0.069411 0.345438
vt 0.060102 0.364183
vt 0.064467 0.353950
vt 0.061038 0.363738
vt 0.057673 0.368060
vt 0.055482 0.378142
vt 0.054558 0.377486
vt 0.146568 0.412998
vt 0.146884 0.414988
vt 0.143137 0.410510
vt 0.111961 0.414498
vt 0.143635 0.406443
vt 0.146973 0.416748
vt 0.137710 0.401261
vt 0.128247 0.434289
vt 0.128623 0.399187
vt 0.112212 0.413038
vt 0.116754 0.404533
vt 0.195253 0.419833
vt 0.194195 0.430413
vt 0.185001 0.428447
vt 0.191510 0.434089
vt 0.179332 0.413637
vt 0.185412 0.431286
vt 0.190020 0.412538
vt 0.175276 0.420141
vt 0.171586 0.429480
vt 0.185000 0.409511
vt 0.163281 0.424489
vt 0.171012 0.427774
vt 0.190204 0.400879
vt 0.181500 0.398776
vt 0.176000 0.409463
vt 0.188515 0.398947
vt 0.171753 0.405753
vt 0.181276 0.397427
vt 0.175981 0.398569
vt 0.212184 0.851724
vt 0.228932 0.859117
vt 0.203849 0.858395
vt 0.217105 0.859746
vt 0.182734 0.855561
vt 0.173643 0.845538
vt 0.187885 0.857383
vt 0.189181 0.843119
vt 0.164069 0.844265
vt 0.169420 0.842286
vt 0.234577 0.416365
vt 0.239113 0.411175
vt 0.253436 0.412398
vt 0.223036 0.414778
vt 0.245449 0.434101
vt 0.223824 0.419904
vt 0.231600 0.426873
vt 0.259507 0.433025
vt 0.211895 0.427250
vt 0.020137 0.306376
vt 0.018706 0.309191
vt 0.013731 0.303241
vt 0.022812 0.308829
vt 0.016312 0.309367
vt 0.011757 0.296421
vt 0.018233 0.312958
vt 0.009482 0.296290
vt 0.010753 0.294762
vt 0.029957 0.316775
vt 0.008228 0.289744
vt 0.009960 0.282014
vt 0.008654 0.281545
vt 0.011966 0.275526
vt 0.020597 0.267877
vt 0.471733 0.404644
vt 0.440031 0.434193
vt 0.436965 0.428538
vt 0.469359 0.410831
vt 0.465288 0.405127
vt 0.506988 0.415327
vt 0.510335 0.410855
vt 0.510402 0.413429
vt 0.512687 0.410992
vt 0.510377 0.415055
vt 0.513916 0.407297
vt 0.505063 0.419737
vt 0.510835 0.407673
vt 0.516753 0.405947
vt 0.509028 0.417944
vt 0.501880 0.420694
vt 0.514596 0.406212
vt 0.520666 0.403461
vt 0.503556 0.417387
vt 0.501425 0.421897
vt 0.508107 0.405773
vt 0.492465 0.430334
vt 0.506786 0.408500
vt 0.495408 0.430207
vt 0.501398 0.409658
vt 0.503017 0.410386
vt 0.491947 0.434105
vt 0.494317 0.412143
vt 0.495569 0.413060
vt 0.488429 0.413754
vt 0.497390 0.418712
vt 0.498368 0.418021
vt 0.498997 0.418056
vt 0.955250 0.743095
vt 0.938091 0.742856
vt 0.954164 0.741012
vt 0.957756 0.749610
vt 0.971209 0.743669
vt 0.921824 0.753947
vt 0.972224 0.747883
vt 0.966987 0.752655
vt 0.986045 0.744964
vt 0.967479 0.753890
vt 0.966762 0.738943
vt 0.624943 0.434108
vt 0.621494 0.429402
vt 0.630831 0.429052
vt 0.605523 0.427797
vt 0.608239 0.426024
vt 0.611746 0.405399
vt 0.601903 0.408507
vt 0.596739 0.407320
vt 0.109850 0.362543
vt 0.103061 0.374926
vt 0.110094 0.361617
vt 0.106416 0.365951
vt 0.117687 0.349318
vt 0.109222 0.361442
vt 0.102150 0.375319
vt 0.098788 0.377974
vt 0.118861 0.343834
vt 0.117801 0.344137
vt 0.121418 0.337560
vt 0.120399 0.336861
vt 0.775478 0.416103
vt 0.789615 0.411304
vt 0.788164 0.414936
vt 0.767423 0.433573
vt 0.763950 0.422889
vt 0.750221 0.434202
vt 0.450044 0.743275
vt 0.426695 0.750326
vt 0.427630 0.741486
vt 0.420362 0.746844
vt 0.418069 0.749838
vt 0.420045 0.741267
vt 0.407772 0.748063
vt 0.410193 0.743356
vt 0.423905 0.737869
vt 0.405640 0.738798
vt 0.394681 0.746335
vt 0.383245 0.741095
vt 0.379655 0.747890
vt 0.146084 0.340864
vt 0.145890 0.342988
vt 0.138088 0.336980
vt 0.150190 0.345867
vt 0.151024 0.346198
vt 0.156900 0.356133
vt 0.156737 0.357184
vt 0.153850 0.353692
vt 0.159119 0.362954
vt 0.158096 0.370289
vt 0.159785 0.370023
vt 0.158278 0.375509
vt 0.157214 0.375146
vt 0.156154 0.378000
vt 0.158111 0.377759
vt 0.277842 0.853079
vt 0.253014 0.852677
vt 0.278485 0.850455
vt 0.270043 0.859051
vt 0.245596 0.847722
vt 0.288129 0.859756
vt 0.256370 0.845056
vt 0.286105 0.842049
vt 0.295290 0.851004
vt 0.852711 0.427129
vt 0.875351 0.428351
vt 0.861441 0.434187
vt 0.870087 0.423315
vt 0.881939 0.425971
vt 0.889907 0.422917
vt 0.881516 0.428018
vt 0.920878 0.427475
vt 0.879376 0.430156
vt 0.905063 0.423530
vt 0.928362 0.424866
vt 0.928906 0.430719
vt 0.212401 0.372898
vt 0.231321 0.376068
vt 0.212833 0.373177
vt 0.212079 0.373968
vt 0.236362 0.377993
vt 0.198610 0.369652
vt 0.195789 0.369538
vt 0.187132 0.365548
vt 0.184862 0.364377
vt 0.176348 0.363705
vt 0.337122 0.378080
vt 0.317485 0.356315
vt 0.351590 0.353447
vt 0.400866 0.370445
vt 0.395225 0.362541
vt 0.407519 0.365579
vt 0.392785 0.370274
vt 0.384308 0.361434
vt 0.395945 0.375010
vt 0.379265 0.362984
vt 0.402604 0.373668
vt 0.389903 0.376364
vt 0.384409 0.370615
vt 0.401607 0.376864
vt 0.409129 0.369964
vt 0.391180 0.378004
vt 0.385553 0.373025
vt 0.368272 0.366615
vt 0.410960 0.375650
vt 0.395720 0.377097
vt 0.416576 0.369506
vt 0.434489 0.370306
vt 0.436269 0.355423
vt 0.460938 0.364258
vt 0.458233 0.356014
vt 0.439719 0.376104
vt 0.444474 0.350577
vt 0.450488 0.377735
vt 0.455359 0.353116
vt 0.303759 0.603336
vt 0.294546 0.602129
vt 0.299416 0.599539
vt 0.288262 0.600904
vt 0.302333 0.594928
vt 0.289092 0.595984
vt 0.312890 0.600403
vt 0.319935 0.595764
vt 0.307143 0.606781
vt 0.322568 0.601091
vt 0.319045 0.605223
vt 0.348655 0.603060
vt 0.336723 0.606416
vt 0.345900 0.606422
vt 0.480899 0.355884
vt 0.499800 0.367302
vt 0.503197 0.373138
vt 0.478371 0.350022
vt 0.477118 0.351500
vt 0.622662 0.510932
vt 0.623902 0.507073
vt 0.626978 0.506800
vt 0.615135 0.514781
vt 0.623200 0.504892
vt 0.622060 0.512708
vt 0.631273 0.507790
vt 0.603175 0.520904
vt 0.632692 0.505063
vt 0.604843 0.522396
vt 0.601846 0.518825
vt 0.598009 0.523937
vt 0.594373 0.519949
vt 0.599415 0.377966
vt 0.568784 0.372487
vt 0.594891 0.364284
vt 0.618384 0.363630
vt 0.661152 0.369234
vt 0.655954 0.375439
vt 0.645050 0.372524
vt 0.667204 0.368592
vt 0.634884 0.378105
vt 0.652109 0.369366
vt 0.681690 0.369057
vt 0.665004 0.363614
vt 0.659965 0.368468
vt 0.656918 0.368676
vt 0.661034 0.365481
vt 0.652513 0.366778
vt 0.663089 0.362938
vt 0.973753 0.635195
vt 0.979880 0.626598
vt 0.975198 0.636554
vt 0.983147 0.627561
vt 0.971555 0.644561
vt 0.978834 0.632796
vt 0.985247 0.621015
vt 0.972023 0.655500
vt 0.979715 0.636258
vt 0.988267 0.622317
vt 0.975203 0.647493
vt 0.989717 0.625598
vt 0.990217 0.617140
vt 0.046576 0.316765
vt 0.046923 0.313505
vt 0.049293 0.308525
vt 0.048228 0.306375
vt 0.049644 0.301732
vt 0.052206 0.299484
vt 0.049608 0.291930
vt 0.050869 0.292988
vt 0.052076 0.293009
vt 0.049499 0.289219
vt 0.050575 0.288581
vt 0.053877 0.280852
vt 0.054650 0.280634
vt 0.061906 0.271096
vt 0.060699 0.273010
vt 0.750870 0.367753
vt 0.753873 0.376963
vt 0.742795 0.369411
vt 0.759713 0.369429
vt 0.770899 0.375829
vt 0.767705 0.366604
vt 0.755988 0.378161
vt 0.790229 0.374097
vt 0.782824 0.363317
vt 0.781099 0.522925
vt 0.785805 0.518134
vt 0.782343 0.523493
vt 0.786979 0.516248
vt 0.783082 0.518211
vt 0.801226 0.508632
vt 0.780835 0.522641
vt 0.791871 0.510594
vt 0.802516 0.507223
vt 0.788155 0.512770
vt 0.798082 0.507630
vt 0.818861 0.505810
vt 0.805034 0.505199
vt 0.990679 0.521077
vt 0.974893 0.531475
vt 0.990967 0.518311
vt 0.979339 0.505004
vt 0.964331 0.515893
vt 0.807008 0.375158
vt 0.815878 0.367390
vt 0.806705 0.378127
vt 0.818367 0.367219
vt 0.825148 0.360697
vt 0.824149 0.360641
vt 0.829828 0.358146
vt 0.835042 0.353556
vt 0.856035 0.364357
vt 0.851679 0.361396
vt 0.851717 0.357412
vt 0.861710 0.371168
vt 0.867773 0.372044
vt 0.868293 0.373579
vt 0.875051 0.375661
vt 0.879366 0.378109
vt 0.881825 0.377452
vt 0.884691 0.377898
vt 0.921261 0.368463
vt 0.933525 0.377980
vt 0.920640 0.369597
vt 0.914332 0.363004
vt 0.911970 0.362985
vt 0.904953 0.358857
vt 0.911566 0.363323
vt 0.906543 0.358516
vt 0.901320 0.357004
vt 0.958396 0.366677
vt 0.951105 0.378159
vt 0.950187 0.377645
vt 0.963645 0.363007
vt 0.963905 0.361661
vt 0.974007 0.356904
vt 0.981793 0.357098
vt 0.100937 0.316694
vt 0.085634 0.310776
vt 0.090694 0.312640
vt 0.082773 0.306242
vt 0.100001 0.315844
vt 0.087735 0.309857
vt 0.111748 0.316825
vt 0.078569 0.296478
vt 0.167757 0.305008
vt 0.167880 0.312073
vt 0.151541 0.315064
vt 0.172547 0.301869
vt 0.151593 0.311289
vt 0.140784 0.315479
vt 0.155578 0.304672
vt 0.142227 0.316689
vt 0.141314 0.312540
vt 0.128363 0.315953
vt 0.139411 0.306161
vt 0.161893 0.314286
vt 0.162495 0.315821
vt 0.158503 0.315665
vt 0.133462 0.316778
vt 0.136602 0.315492
vt 0.206985 0.309824
vt 0.211424 0.309849
vt 0.208078 0.313050
vt 0.216737 0.306848
vt 0.215427 0.314159
vt 0.206217 0.312680
vt 0.211989 0.298341
vt 0.211439 0.316536
vt 0.201252 0.312837
vt 0.206973 0.315845
vt 0.221195 0.309674
vt 0.205902 0.301812
vt 0.221551 0.300322
vt 0.215675 0.316837
vt 0.221068 0.305733
vt 0.203624 0.296740
vt 0.204268 0.306326
vt 0.220706 0.304025
vt 0.221263 0.297872
vt 0.198895 0.299727
vt 0.195052 0.304645
vt 0.189085 0.296597
vt 0.245665 0.284878
vt 0.246199 0.286961
vt 0.238278 0.277564
vt 0.248734 0.292289
vt 0.238575 0.278215
vt 0.246688 0.290416
vt 0.248990 0.299054
vt 0.247658 0.296898
vt 0.251970 0.310043
vt 0.251257 0.310532
vt 0.254742 0.316891
vt 0.286813 0.307736
vt 0.280706 0.301402
vt 0.288274 0.305058
vt 0.282922 0.297133
vt 0.289716 0.308580
vt 0.271247 0.294583
vt 0.300721 0.311492
vt 0.293469 0.312319
vt 0.292901 0.316666
vt 0.600404 0.341333
vt 0.583994 0.344454
vt 0.584557 0.339901
vt 0.598243 0.334067
vt 0.617442 0.338482
vt 0.568622 0.337011
vt 0.616967 0.341518
vt 0.607502 0.346933
vt 0.612659 0.345116
vt 0.755839 0.344539
vt 0.763468 0.336919
vt 0.784291 0.346703
vt 0.742712 0.339454
vt 0.788515 0.333413
vt 0.458802 0.305225
vt 0.457307 0.306481
vt 0.437820 0.316672
vt 0.470861 0.302714
vt 0.454713 0.309298
vt 0.468174 0.298202
vt 0.443860 0.314850
vt 0.542573 0.316782
vt 0.525676 0.308959
vt 0.528817 0.293375
vt 0.541596 0.292322
vt 0.545342 0.292950
vt 0.548458 0.301490
vt 0.548451 0.315490
vt 0.550448 0.295056
vt 0.579750 0.302989
vt 0.571710 0.307789
vt 0.574438 0.301616
vt 0.585013 0.309705
vt 0.567021 0.301689
vt 0.577350 0.314023
vt 0.571817 0.296173
vt 0.582779 0.314455
vt 0.593218 0.314484
vt 0.575383 0.316095
vt 0.618783 0.299412
vt 0.624440 0.311000
vt 0.612886 0.316746
vt 0.632464 0.296237
vt 0.619792 0.291479
vt 0.627954 0.286320
vt 0.613176 0.299412
vt 0.674601 0.297048
vt 0.675820 0.297133
vt 0.670145 0.305029
vt 0.676170 0.294688
vt 0.667509 0.306343
vt 0.662354 0.311215
vt 0.657497 0.313488
vt 0.658023 0.313882
vt 0.656831 0.313632
vt 0.649113 0.316689
vt 0.701218 0.309106
vt 0.692681 0.291598
vt 0.698166 0.295883
vt 0.696571 0.313147
vt 0.716339 0.308778
vt 0.703067 0.316806
vt 0.202110 0.344813
vt 0.216257 0.340797
vt 0.201772 0.346998
vt 0.218059 0.333752
vt 0.220849 0.336847
vt 0.176336 0.339098
vt 0.146275 0.275295
vt 0.134961 0.277927
vt 0.145799 0.273721
vt 0.134675 0.285211
vt 0.138405 0.275468
vt 0.162874 0.270061
vt 0.151601 0.280462
vt 0.132932 0.277233
vt 0.167227 0.275085
vt 0.128258 0.278527
vt 0.750596 0.293209
vt 0.741624 0.293626
vt 0.751793 0.290527
vt 0.747764 0.302362
vt 0.755454 0.292494
vt 0.732973 0.315480
vt 0.754764 0.307714
vt 0.747054 0.316745
vt 0.787674 0.310271
vt 0.772098 0.316660
vt 0.787243 0.309700
vt 0.781365 0.315271
vt 0.796990 0.306879
vt 0.791645 0.310355
vt 0.805161 0.307198
vt 0.803387 0.304390
vt 0.813991 0.304743
vt 0.815551 0.303447
vt 0.852644 0.401331
vt 0.874122 0.398584
vt 0.872172 0.402640
vt 0.891351 0.400451
vt 0.910368 0.406305
vt 0.914618 0.398444
vt 0.924275 0.403101
vt 0.936867 0.310107
vt 0.928768 0.302611
vt 0.947026 0.307928
vt 0.921743 0.305914
vt 0.957477 0.316724
vt 0.102466 0.245522
vt 0.102016 0.238285
vt 0.107295 0.230198
vt 0.098051 0.251416
vt 0.108213 0.225474
vt 0.110977 0.223456
vt 0.110590 0.222603
vt 0.112802 0.217642
vt 0.112358 0.221121
vt 0.684478 0.520245
vt 0.673654 0.516104
vt 0.670836 0.513582
vt 0.652835 0.508206
vt 0.650329 0.505796
vt 0.189753 0.251357
vt 0.165623 0.238097
vt 0.189153 0.230863
vt 0.269299 0.244887
vt 0.276749 0.235344
vt 0.280546 0.232124
vt 0.264543 0.246278
vt 0.279791 0.227266
vt 0.271863 0.244363
vt 0.278106 0.229819
vt 0.282764 0.231061
vt 0.262665 0.251288
vt 0.341646 0.843542
vt 0.316504 0.858085
vt 0.316403 0.856400
vt 0.311990 0.859717
vt 0.314457 0.855636
vt 0.322739 0.249988
vt 0.319755 0.251334
vt 0.319234 0.248781
vt 0.300806 0.231349
vt 0.320412 0.246827
vt 0.299505 0.232437
vt 0.301827 0.230646
vt 0.311297 0.237906
vt 0.344982 0.245199
vt 0.343871 0.245405
vt 0.352981 0.220116
vt 0.341873 0.249837
vt 0.354311 0.219929
vt 0.339130 0.251402
vt 0.956027 0.423347
vt 0.966160 0.426631
vt 0.963765 0.426103
vt 0.988212 0.434192
vt 0.948469 0.423118
vt 0.961276 0.427549
vt 0.975722 0.431915
vt 0.945514 0.424220
vt 0.960636 0.427869
vt 0.989643 0.399619
vt 0.991084 0.402350
vt 0.984831 0.403530
vt 0.990794 0.397411
vt 0.985185 0.406278
vt 0.940916 0.404130
vt 0.553007 0.251335
vt 0.535613 0.244240
vt 0.536124 0.225483
vt 0.537057 0.246840
vt 0.232974 0.214040
vt 0.232669 0.215167
vt 0.227663 0.215764
vt 0.241635 0.214738
vt 0.223893 0.214980
vt 0.240667 0.215540
vt 0.206506 0.211526
vt 0.213210 0.222653
vt 0.244389 0.216157
vt 0.222713 0.222510
vt 0.245243 0.215797
vt 0.368205 0.344808
vt 0.387885 0.337344
vt 0.401350 0.338659
vt 0.368493 0.339151
vt 0.402547 0.335383
vt 0.383098 0.336492
vt 0.397397 0.334411
vt 0.406555 0.334105
vt 0.647780 0.239051
vt 0.640267 0.237504
vt 0.649275 0.238359
vt 0.646304 0.237028
vt 0.654357 0.242384
vt 0.653973 0.249234
vt 0.659534 0.251228
vt 0.664096 0.246025
vt 0.662969 0.249552
vt 0.664183 0.242681
vt 0.666416 0.246966
vt 0.668862 0.247005
vt 0.661468 0.240060
vt 0.690748 0.242205
vt 0.686395 0.235418
vt 0.704885 0.246112
vt 0.685330 0.241629
vt 0.702927 0.251456
vt 0.711255 0.249127
vt 0.281180 0.340512
vt 0.266560 0.343473
vt 0.269750 0.337320
vt 0.259956 0.342338
vt 0.279027 0.337871
vt 0.258525 0.337308
vt 0.293890 0.338733
vt 0.264747 0.334556
vt 0.290901 0.343064
vt 0.273706 0.333566
vt 0.254783 0.334176
vt 0.253061 0.339277
vt 0.769079 0.240163
vt 0.765465 0.228929
vt 0.773094 0.239573
vt 0.778026 0.237113
vt 0.769426 0.244300
vt 0.773650 0.251399
vt 0.760861 0.246315
vt 0.759859 0.240077
vt 0.861449 0.231501
vt 0.847900 0.241224
vt 0.855568 0.251133
vt 0.868408 0.241211
vt 0.901271 0.248876
vt 0.902412 0.248135
vt 0.902966 0.251336
vt 0.900443 0.244997
vt 0.899565 0.243359
vt 0.895764 0.240953
vt 0.893974 0.241666
vt 0.891361 0.235929
vt 0.890721 0.236704
vt 0.884569 0.229532
vt 0.794619 0.222688
vt 0.803474 0.215468
vt 0.809861 0.220790
vt 0.811197 0.217431
vt 0.816220 0.213236
vt 0.818539 0.218952
vt 0.811695 0.223898
vt 0.825179 0.216312
vt 0.830921 0.219827
vt 0.928520 0.243999
vt 0.929199 0.241835
vt 0.929831 0.241891
vt 0.919524 0.241174
vt 0.938286 0.247004
vt 0.927167 0.241209
vt 0.943611 0.251265
vt 0.923997 0.235176
vt 0.923639 0.239056
vt 0.943179 0.248813
vt 0.966794 0.232590
vt 0.963215 0.236883
vt 0.964474 0.231146
vt 0.964878 0.235859
vt 0.960435 0.239188
vt 0.970777 0.225631
vt 0.966060 0.238649
vt 0.960583 0.251388
vt 0.967680 0.234938
vt 0.963966 0.240963
vt 0.964419 0.246342
vt 0.975373 0.227327
vt 0.008287 0.188864
vt 0.048049 0.182349
vt 0.038243 0.191710
vt 0.213142 0.278417
vt 0.221243 0.279007
vt 0.213580 0.279876
vt 0.199562 0.275787
vt 0.202963 0.275149
vt 0.189106 0.268273
vt 0.190752 0.268318
vt 0.022311 0.158729
vt 0.016044 0.156672
vt 0.015634 0.153681
vt 0.019532 0.160469
vt 0.008247 0.147320
vt 0.023613 0.156907
vt 0.022344 0.161452
vt 0.026844 0.158293
vt 0.028901 0.165626
vt 0.012886 0.109005
vt 0.014437 0.105658
vt 0.012693 0.111227
vt 0.014943 0.108053
vt 0.008262 0.123659
vt 0.015099 0.103400
vt 0.008146 0.130782
vt 0.019206 0.107457
vt 0.015153 0.109077
vt 0.021516 0.111529
vt 0.018754 0.103228
vt 0.058634 0.162142
vt 0.045440 0.165662
vt 0.046244 0.160916
vt 0.053613 0.165691
vt 0.114672 0.117993
vt 0.108082 0.129202
vt 0.104323 0.117825
vt 0.121570 0.115557
vt 0.111090 0.111637
vt 0.117658 0.129942
vt 0.123291 0.121094
vt 0.194282 0.159442
vt 0.194522 0.160193
vt 0.180925 0.162465
vt 0.170291 0.165616
vt 0.194852 0.151438
vt 0.175886 0.155653
vt 0.289167 0.165550
vt 0.285754 0.159699
vt 0.298400 0.164982
vt 0.297225 0.159415
vt 0.306990 0.164082
vt 0.309440 0.151494
vt 0.151873 0.114762
vt 0.154925 0.110068
vt 0.153129 0.118208
vt 0.152990 0.108912
vt 0.141055 0.130106
vt 0.150437 0.113454
vt 0.144675 0.130707
vt 0.139520 0.128565
vt 0.591750 0.268122
vt 0.595768 0.274809
vt 0.566951 0.273484
vt 0.588066 0.279549
vt 0.370442 0.157340
vt 0.365380 0.159495
vt 0.361843 0.160576
vt 0.370533 0.161274
vt 0.372729 0.148585
vt 0.381397 0.162686
vt 0.374278 0.165588
vt 0.010103 0.083829
vt 0.009941 0.086459
vt 0.009774 0.077071
vt 0.008685 0.084238
vt 0.010022 0.077735
vt 0.009055 0.070390
vt 0.008156 0.078909
vt 0.433342 0.160943
vt 0.418637 0.157495
vt 0.419518 0.156523
vt 0.412531 0.165543
vt 0.398006 0.156922
vt 0.460058 0.160480
vt 0.475288 0.153313
vt 0.469915 0.156906
vt 0.454145 0.164723
vt 0.449720 0.165574
vt 0.564550 0.507124
vt 0.565703 0.510158
vt 0.556624 0.510477
vt 0.577538 0.508599
vt 0.560837 0.514163
vt 0.575945 0.513650
vt 0.545573 0.513746
vt 0.544127 0.516456
vt 0.572946 0.515221
vt 0.556631 0.516526
vt 0.647336 0.218548
vt 0.648670 0.220080
vt 0.640335 0.220387
vt 0.659649 0.214623
vt 0.641534 0.218033
vt 0.653399 0.215078
vt 0.667884 0.209283
vt 0.918561 0.599977
vt 0.941948 0.596768
vt 0.936709 0.597764
vt 0.923773 0.600789
vt 0.943722 0.598684
vt 0.909608 0.603602
vt 0.949554 0.596941
vt 0.908533 0.601987
vt 0.950890 0.597423
vt 0.528681 0.596527
vt 0.507289 0.600505
vt 0.505656 0.599466
vt 0.547585 0.597574
vt 0.554555 0.594892
vt 0.199590 0.130653
vt 0.212425 0.118725
vt 0.209472 0.126206
vt 0.214180 0.118524
vt 0.211356 0.113254
vt 0.212833 0.110699
vt 0.780336 0.156370
vt 0.784398 0.150006
vt 0.784245 0.157516
vt 0.793711 0.150643
vt 0.775555 0.165705
vt 0.784607 0.160729
vt 0.867238 0.156789
vt 0.873882 0.159366
vt 0.861500 0.159551
vt 0.876331 0.157113
vt 0.867962 0.150553
vt 0.078530 0.279992
vt 0.091708 0.275100
vt 0.089386 0.276892
vt 0.108038 0.270623
vt 0.275787 0.276001
vt 0.271398 0.268479
vt 0.292172 0.277988
vt 0.299866 0.276644
vt 0.982422 0.157227
vt 0.967291 0.151782
vt 0.978903 0.158625
vt 0.973801 0.148682
vt 0.981571 0.160944
vt 0.967376 0.162772
vt 0.298260 0.112805
vt 0.304922 0.108064
vt 0.296939 0.119957
vt 0.294376 0.127150
vt 0.292765 0.122030
vt 0.293229 0.130636
vt 0.333957 0.124142
vt 0.325828 0.130517
vt 0.323522 0.129874
vt 0.334101 0.124646
vt 0.321437 0.130774
vt 0.333416 0.124070
vt 0.346580 0.119972
vt 0.340876 0.120501
vt 0.378335 0.115584
vt 0.377004 0.130790
vt 0.363110 0.115492
vt 0.380888 0.127412
vt 0.419161 0.512942
vt 0.417290 0.524449
vt 0.415531 0.526713
vt 0.410307 0.539372
vt 0.409243 0.540083
vt 0.397557 0.112187
vt 0.403240 0.122851
vt 0.402083 0.122519
vt 0.409181 0.130816
vt 0.412082 0.129072
vt 0.440149 0.125229
vt 0.435862 0.122652
vt 0.439238 0.121302
vt 0.431732 0.125754
vt 0.438976 0.115528
vt 0.442980 0.122492
vt 0.432717 0.121384
vt 0.438891 0.128242
vt 0.433317 0.117079
vt 0.441124 0.119425
vt 0.434550 0.114892
vt 0.428506 0.119109
vt 0.440069 0.112197
vt 0.573719 0.126624
vt 0.568855 0.124967
vt 0.567979 0.121893
vt 0.567322 0.127078
vt 0.576881 0.115168
vt 0.577471 0.130687
vt 0.560901 0.128518
vt 0.606143 0.127545
vt 0.610046 0.129063
vt 0.604862 0.128294
vt 0.610735 0.127895
vt 0.609819 0.130668
vt 0.601837 0.123887
vt 0.594172 0.116551
vt 0.596635 0.115184
vt 0.679028 0.129279
vt 0.663803 0.130697
vt 0.664406 0.127833
vt 0.665338 0.125522
vt 0.662027 0.125504
vt 0.679704 0.126353
vt 0.683318 0.127444
vt 0.665287 0.121729
vt 0.677882 0.118875
vt 0.851822 0.677043
vt 0.833079 0.677114
vt 0.822237 0.675704
vt 0.811475 0.676580
vt 0.794853 0.673767
vt 0.788166 0.673590
vt 0.965837 0.337771
vt 0.958607 0.333500
vt 0.980171 0.337417
vt 0.957954 0.337798
vt 0.971460 0.340171
vt 0.949997 0.333796
vt 0.986285 0.338478
vt 0.951256 0.336918
vt 0.717674 0.125758
vt 0.713601 0.126654
vt 0.711077 0.124832
vt 0.717332 0.128149
vt 0.699789 0.123286
vt 0.717743 0.124367
vt 0.728953 0.130661
vt 0.731488 0.125693
vt 0.771943 0.129358
vt 0.753666 0.130620
vt 0.766264 0.128913
vt 0.760089 0.128321
vt 0.775343 0.127750
vt 0.748204 0.129080
vt 0.771636 0.125867
vt 0.779649 0.123228
vt 0.919559 0.212280
vt 0.921220 0.209541
vt 0.925885 0.212075
vt 0.933040 0.212088
vt 0.923010 0.217208
vt 0.943555 0.208590
vt 0.928436 0.218719
vt 0.941934 0.213957
vt 0.407376 0.595824
vt 0.420122 0.595282
vt 0.421908 0.598191
vt 0.878171 0.127650
vt 0.888096 0.120068
vt 0.884714 0.125966
vt 0.881984 0.120979
vt 0.894567 0.121241
vt 0.883613 0.130162
vt 0.896897 0.127666
vt 0.895876 0.129798
vt 0.900093 0.130668
vt 0.916611 0.121098
vt 0.917841 0.121777
vt 0.920272 0.126153
vt 0.918286 0.121599
vt 0.920507 0.123327
vt 0.919337 0.118535
vt 0.926797 0.127441
vt 0.920931 0.117229
vt 0.927363 0.126797
vt 0.922724 0.127557
vt 0.921644 0.114858
vt 0.931401 0.130130
vt 0.921785 0.130635
vt 0.922030 0.130358
vt 0.706025 0.215929
vt 0.700342 0.214923
vt 0.700327 0.214574
vt 0.710959 0.218837
vt 0.690710 0.211840
vt 0.702281 0.216593
vt 0.695221 0.214151
vt 0.687957 0.211509
vt 0.685342 0.210100
vt 0.035058 0.073049
vt 0.047106 0.075052
vt 0.033874 0.074391
vt 0.040154 0.071046
vt 0.048096 0.078857
vt 0.044532 0.072301
vt 0.034945 0.075563
vt 0.033366 0.082490
vt 0.033131 0.075714
vt 0.042973 0.086192
vt 0.032798 0.081094
vt 0.035952 0.085360
vt 0.076657 0.075729
vt 0.079834 0.078857
vt 0.078057 0.073896
vt 0.076375 0.085345
vt 0.064465 0.080842
vt 0.064472 0.183842
vt 0.092926 0.188256
vt 0.089483 0.191807
vt 0.439501 0.209540
vt 0.439556 0.213706
vt 0.412878 0.217983
vt 0.149289 0.076103
vt 0.143419 0.086149
vt 0.127970 0.080255
vt 0.133755 0.086492
vt 0.109475 0.189948
vt 0.114431 0.186735
vt 0.117949 0.188493
vt 0.125410 0.185834
vt 0.120640 0.191691
vt 0.125136 0.184355
vt 0.138195 0.184197
vt 0.984337 0.314394
vt 0.974029 0.316770
vt 0.990003 0.302993
vt 0.177423 0.076684
vt 0.175874 0.079067
vt 0.165779 0.076929
vt 0.187636 0.083827
vt 0.188073 0.086450
vt 0.181673 0.083436
vt 0.174256 0.079245
vt 0.218585 0.076853
vt 0.210604 0.081385
vt 0.213711 0.074286
vt 0.221210 0.086314
vt 0.209201 0.079420
vt 0.206613 0.086433
vt 0.208658 0.076178
vt 0.204766 0.079364
vt 0.210909 0.073268
vt 0.206262 0.074258
vt 0.071049 0.042034
vt 0.069556 0.040412
vt 0.074035 0.037142
vt 0.064606 0.051839
vt 0.068450 0.034782
vt 0.067014 0.050539
vt 0.063791 0.054738
vt 0.074660 0.044326
vt 0.070348 0.050000
vt 0.237794 0.079194
vt 0.243778 0.071701
vt 0.252930 0.079102
vt 0.278239 0.079896
vt 0.284745 0.086654
vt 0.279580 0.081929
vt 0.274303 0.077646
vt 0.269064 0.072914
vt 0.040254 0.016604
vt 0.032612 0.022864
vt 0.040441 0.013775
vt 0.047146 0.008369
vt 0.302670 0.082642
vt 0.312726 0.079570
vt 0.307846 0.083419
vt 0.306532 0.081202
vt 0.301403 0.086430
vt 0.314149 0.077337
vt 0.319601 0.075048
vt 0.467717 0.086421
vt 0.456585 0.086590
vt 0.454607 0.080130
vt 0.451420 0.078071
vt 0.456785 0.075809
vt 0.452712 0.073923
vt 0.981026 0.110830
vt 0.984322 0.122972
vt 0.983360 0.124102
vt 0.983563 0.114017
vt 0.990749 0.130635
vt 0.984335 0.120406
vt 0.986171 0.118452
vt 0.990014 0.128446
vt 0.990554 0.129224
vt 0.603126 0.078559
vt 0.608467 0.076189
vt 0.622157 0.083484
vt 0.618205 0.086442
vt 0.642847 0.079536
vt 0.652579 0.079719
vt 0.638735 0.086444
vt 0.649284 0.072388
vt 0.639030 0.074884
vt 0.731474 0.080227
vt 0.733756 0.084822
vt 0.732542 0.080040
vt 0.738042 0.075495
vt 0.731795 0.077393
vt 0.745605 0.079590
vt 0.735971 0.072987
vt 0.739452 0.072571
vt 0.776864 0.075402
vt 0.778014 0.078689
vt 0.773820 0.080410
vt 0.778395 0.084418
vt 0.761840 0.076546
vt 0.778095 0.086525
vt 0.763997 0.084062
vt 0.766409 0.086162
vt 0.769990 0.086341
vt 0.799599 0.084751
vt 0.796577 0.077521
vt 0.814109 0.084665
vt 0.795092 0.083906
vt 0.815390 0.086471
vt 0.802831 0.086387
vt 0.857591 0.086645
vt 0.845241 0.082654
vt 0.854238 0.083767
vt 0.845373 0.084123
vt 0.831826 0.079613
vt 0.845367 0.080632
vt 0.846683 0.084757
vt 0.892596 0.085317
vt 0.878280 0.086123
vt 0.884932 0.084069
vt 0.874129 0.086542
vt 0.901393 0.082972
vt 0.899142 0.080129
vt 0.847297 0.742985
vt 0.843585 0.741405
vt 0.844844 0.739091
vt 0.853698 0.739132
vt 0.885159 0.741345
vt 0.335136 0.268075
vt 0.342214 0.275008
vt 0.317244 0.268093
vt 0.173584 0.048041
vt 0.187256 0.048096
vt 0.183659 0.054116
vt 0.187256 0.018311
vt 0.175961 0.023492
vt 0.180103 0.011482
vt 0.205000 0.046212
vt 0.210310 0.038070
vt 0.208336 0.051896
vt 0.211159 0.046283
vt 0.203569 0.054832
vt 0.211942 0.052149
vt 0.213688 0.044375
vt 0.213571 0.050033
vt 0.239729 0.044990
vt 0.244412 0.042894
vt 0.239179 0.047491
vt 0.230291 0.051520
vt 0.231057 0.054753
vt 0.276709 0.053383
vt 0.278166 0.054786
vt 0.270088 0.050232
vt 0.260991 0.044928
vt 0.314142 0.185043
vt 0.322980 0.182510
vt 0.326480 0.186347
vt 0.320083 0.182973
vt 0.316346 0.188864
vt 0.308724 0.191718
vt 0.270984 0.022063
vt 0.274153 0.023624
vt 0.276211 0.028401
vt 0.270735 0.018850
vt 0.265844 0.018433
vt 0.275438 0.017456
vt 0.261028 0.017691
vt 0.370960 0.215766
vt 0.393446 0.209635
vt 0.396176 0.215942
vt 0.375893 0.190814
vt 0.343199 0.191771
vt 0.385524 0.188274
vt 0.525744 0.268473
vt 0.540412 0.271129
vt 0.526563 0.272183
vt 0.535853 0.275649
vt 0.547647 0.274608
vt 0.438346 0.191850
vt 0.407466 0.189334
vt 0.405702 0.187756
vt 0.402153 0.188027
vt 0.439708 0.191416
vt 0.458493 0.190088
vt 0.465621 0.185142
vt 0.467024 0.187164
vt 0.472576 0.187146
vt 0.468555 0.187549
vt 0.473185 0.183390
vt 0.456369 0.191857
vt 0.474046 0.185375
vt 0.474464 0.184417
vt 0.475154 0.186619
vt 0.535800 0.188711
vt 0.546311 0.184879
vt 0.535974 0.188975
vt 0.545820 0.183483
vt 0.528313 0.191770
vt 0.535516 0.187890
vt 0.530080 0.189697
vt 0.361737 0.045115
vt 0.366234 0.048969
vt 0.356315 0.050376
vt 0.358569 0.052152
vt 0.360088 0.054664
vt 0.368406 0.054891
vt 0.371049 0.053345
vt 0.370275 0.047915
vt 0.371774 0.052148
vt 0.332617 0.013684
vt 0.339355 0.020020
vt 0.333193 0.026365
vt 0.368896 0.022217
vt 0.357729 0.018086
vt 0.367227 0.017927
vt 0.358087 0.026731
vt 0.588485 0.189808
vt 0.590296 0.191620
vt 0.562853 0.188115
vt 0.598625 0.191861
vt 0.545994 0.335296
vt 0.550057 0.334889
vt 0.546674 0.336062
vt 0.537839 0.335170
vt 0.544749 0.338095
vt 0.535809 0.334544
vt 0.527570 0.337736
vt 0.527309 0.336564
vt 0.528286 0.339008
vt 0.528146 0.335647
vt 0.519800 0.337260
vt 0.426699 0.050304
vt 0.422789 0.049543
vt 0.430813 0.044612
vt 0.423883 0.052938
vt 0.431914 0.046748
vt 0.418416 0.054823
vt 0.631308 0.191768
vt 0.615212 0.187760
vt 0.617184 0.183117
vt 0.091095 0.016479
vt 0.097560 0.009778
vt 0.097609 0.021957
vt 0.101678 0.019982
vt 0.103271 0.015869
vt 0.400391 0.021729
vt 0.392952 0.027684
vt 0.395408 0.015729
vt 0.429467 0.018698
vt 0.426125 0.027802
vt 0.418315 0.020861
vt 0.430420 0.021973
vt 0.697924 0.272460
vt 0.713050 0.268537
vt 0.692744 0.275045
vt 0.467667 0.212552
vt 0.472374 0.211908
vt 0.473380 0.215517
vt 0.478476 0.211974
vt 0.471115 0.209309
vt 0.457537 0.209207
vt 0.661879 0.191689
vt 0.647829 0.184190
vt 0.651394 0.184967
vt 0.665019 0.191363
vt 0.739259 0.268198
vt 0.740757 0.269726
vt 0.733148 0.268542
vt 0.752498 0.273908
vt 0.749328 0.268554
vt 0.755225 0.269799
vt 0.532631 0.052171
vt 0.537346 0.054202
vt 0.535813 0.054763
vt 0.541668 0.045070
vt 0.528466 0.045099
vt 0.698106 0.191796
vt 0.690887 0.190646
vt 0.689501 0.189283
vt 0.681450 0.184159
vt 0.528321 0.022821
vt 0.534983 0.016901
vt 0.540039 0.022705
vt 0.507730 0.022828
vt 0.503456 0.024572
vt 0.503177 0.022649
vt 0.501152 0.024584
vt 0.505052 0.022223
vt 0.502255 0.021995
vt 0.500781 0.026213
vt 0.506886 0.019535
vt 0.509690 0.020085
vt 0.506699 0.013388
vt 0.510463 0.015905
vt 0.014691 0.026094
vt 0.012982 0.020924
vt 0.012448 0.017893
vt 0.013490 0.029419
vt 0.008187 0.011401
vt 0.819212 0.183973
vt 0.830211 0.189939
vt 0.814983 0.184943
vt 0.815685 0.191707
vt 0.855432 0.210961
vt 0.851364 0.208482
vt 0.865843 0.213601
vt 0.848108 0.209355
vt 0.864649 0.214664
vt 0.856078 0.211278
vt 0.895486 0.191724
vt 0.892184 0.187977
vt 0.903128 0.190551
vt 0.876754 0.188383
vt 0.319514 0.211529
vt 0.305273 0.211898
vt 0.306047 0.209893
vt 0.299532 0.209235
vt 0.644108 0.054753
vt 0.633307 0.044640
vt 0.643103 0.051489
vt 0.929851 0.191722
vt 0.919756 0.187211
vt 0.923537 0.186667
vt 0.921883 0.184295
vt 0.934085 0.189790
vt 0.452586 0.018831
vt 0.448556 0.021092
vt 0.452519 0.016758
vt 0.453370 0.015945
vt 0.456007 0.014614
vt 0.452302 0.009132
vt 0.456824 0.022458
vt 0.950891 0.189567
vt 0.955594 0.183098
vt 0.957903 0.186173
vt 0.952832 0.191083
vt 0.954515 0.190284
vt 0.963292 0.189767
vt 0.955172 0.191797
vt 0.327936 0.335400
vt 0.325595 0.335055
vt 0.337166 0.334789
vt 0.317571 0.336763
vt 0.341013 0.334387
vt 0.336306 0.333792
vt 0.350069 0.336785
vt 0.666535 0.024701
vt 0.660688 0.018836
vt 0.661662 0.018762
vt 0.667302 0.023694
vt 0.671232 0.028951
vt 0.663507 0.019938
vt 0.720010 0.053671
vt 0.713043 0.053626
vt 0.711253 0.048690
vt 0.721172 0.052300
vt 0.721924 0.049561
vt 0.720370 0.045782
vt 0.716104 0.044208
vt 0.721924 0.022705
vt 0.718795 0.027586
vt 0.720420 0.018978
vt 0.711186 0.022500
vt 0.743521 0.044191
vt 0.748779 0.049561
vt 0.743124 0.054924
vt 0.739362 0.026238
vt 0.741826 0.017572
vt 0.748779 0.022705
vt 0.745209 0.027765
vt 0.740847 0.027426
vt 0.775635 0.049561
vt 0.769557 0.054885
vt 0.765535 0.047014
vt 0.774947 0.052190
vt 0.562113 0.020123
vt 0.559744 0.008926
vt 0.564778 0.010632
vt 0.558328 0.019104
vt 0.562930 0.024299
vt 0.561068 0.022239
vt 0.819249 0.334275
vt 0.832472 0.334952
vt 0.806654 0.337006
vt 0.809382 0.333266
vt 0.517735 0.213071
vt 0.514197 0.208418
vt 0.518811 0.212021
vt 0.497825 0.211221
vt 0.846603 0.105139
vt 0.847812 0.103622
vt 0.851999 0.103321
vt 0.841788 0.106481
vt 0.857903 0.103147
vt 0.838548 0.106132
vt 0.841443 0.103478
vt 0.835888 0.104150
vt 0.830737 0.105524
vt 0.178583 0.211026
vt 0.180946 0.214132
vt 0.174835 0.212820
vt 0.188433 0.213997
vt 0.169925 0.212172
vt 0.182312 0.210524
vt 0.176558 0.210132
vt 0.165588 0.210486
vt 0.823718 0.052281
vt 0.822082 0.047488
vt 0.835588 0.054696
vt 0.063880 0.018136
vt 0.064009 0.010732
vt 0.073964 0.008493
vt 0.775146 0.022949
vt 0.770962 0.027989
vt 0.764935 0.022289
vt 0.769447 0.017854
vt 0.766059 0.019694
vt 0.822254 0.027406
vt 0.831724 0.023565
vt 0.832275 0.025879
vt 0.865778 0.054750
vt 0.858773 0.054598
vt 0.852225 0.053511
vt 0.854747 0.048455
vt 0.905992 0.024553
vt 0.908206 0.024029
vt 0.904565 0.028646
vt 0.906271 0.022945
vt 0.900640 0.030882
vt 0.909328 0.020742
vt 0.921359 0.050578
vt 0.927778 0.047647
vt 0.919498 0.053722
vt 0.915726 0.054822
vt 0.944339 0.051960
vt 0.959556 0.049086
vt 0.946244 0.054873
vt 0.928254 0.021876
vt 0.935547 0.026123
vt 0.926052 0.027727
vt 0.961426 0.026123
vt 0.958239 0.030702
vt 0.953297 0.029771
vt 0.954683 0.021608
vt 0.506530 0.272117
vt 0.487464 0.267870
vt 0.490663 0.268232
vt 0.751131 0.103815
vt 0.762540 0.103983
vt 0.772029 0.106655
vt 0.748247 0.105037
vt 0.890179 0.210703
vt 0.885665 0.213073
vt 0.884529 0.211965
vt 0.893834 0.210270
vt 0.899745 0.208919
vt 0.896151 0.208706
vt 0.715885 0.333500
vt 0.718296 0.335418
vt 0.698360 0.335770
vt 0.722635 0.333450
vt 0.690772 0.019253
vt 0.690168 0.017222
vt 0.691966 0.013007
vt 0.689146 0.020008
vt 0.694026 0.011241
vt 0.694689 0.008445
vt 0.692840 0.009304
vt 0.722325 0.104997
vt 0.715040 0.106510
vt 0.715697 0.105591
vt 0.726322 0.105903
vt 0.702421 0.105488
vt 0.699927 0.104620
vt 0.741258 0.597175
vt 0.751807 0.596062
vt 0.756057 0.596445
vt 0.725730 0.595768
vt 0.601862 0.597348
vt 0.577203 0.597218
vt 0.584540 0.595271
vt 0.619034 0.211365
vt 0.619214 0.209529
vt 0.623549 0.209061
vt 0.763740 0.209436
vt 0.776200 0.210418
vt 0.759900 0.212337
vt 0.586435 0.211501
vt 0.569605 0.210059
vt 0.574211 0.208867
vt 0.612486 0.673932
vt 0.608477 0.672434
vt 0.614784 0.672690
vt 0.602686 0.674946
vt 0.620426 0.673297
vt 0.651829 0.674820
vt 0.636965 0.671945
vt 0.650891 0.673558
vt 0.262629 0.208302
vt 0.279869 0.209643
vt 0.277504 0.210666
vt 0.668346 0.674880
vt 0.671536 0.673837
vt 0.671556 0.674814
vt 0.678488 0.672275
vt 0.682655 0.672455
vt 0.611527 0.014164
vt 0.613767 0.015965
vt 0.614908 0.017473
vt 0.616579 0.009426
vt 0.615178 0.011967
vt 0.237777 0.594925
vt 0.232779 0.596015
vt 0.219135 0.595658
vt 0.712326 0.750864
vt 0.712554 0.758248
vt 0.711250 0.753948
vt 0.713025 0.762526
vt 0.260915 0.595090
vt 0.269193 0.596005
vt 0.254296 0.595410
vt 0.542574 0.208300
vt 0.552055 0.208764
vt 0.535411 0.208523
vt 0.991375 0.984476
vt 0.991500 0.991737
vt 0.990141 0.986637
vt 0.440259 0.334143
vt 0.433107 0.333890
vt 0.439020 0.333336
vt 0.456947 0.333522
vt 0.459573 0.333840
vt 0.460459 0.334111
vt 0.338379 0.103516
vt 0.338135 0.103516
vt 0.338135 0.103271
vt 0.038951 0.721069
vt 0.067473 0.699455
vt 0.044102 0.726537
vt 0.043106 0.689444
vt 0.042368 0.735071
vt 0.010503 0.692878
vt 0.010970 0.780420
vt 0.257346 0.966469
vt 0.244779 0.957528
vt 0.313828 0.990125
vt 0.207536 0.940369
vt 0.433732 0.968349
vt 0.408457 0.988925
vt 0.392144 0.983002
vt 0.442099 0.940238
vt 0.336210 0.966862
vt 0.467193 0.966268
vt 0.466367 0.950073
vt 0.535048 0.971195
vt 0.484460 0.929525
vt 0.550794 0.989480
vt 0.574502 0.915557
vt 0.644923 0.990204
vt 0.607139 0.977396
vt 0.158686 0.808806
vt 0.155533 0.849862
vt 0.097422 0.872427
vt 0.113222 0.891345
vt 0.100247 0.859281
vt 0.149625 0.881370
vt 0.925592 0.960098
vt 0.762988 0.989550
vt 0.795529 0.970254
vt 0.252074 0.891258
vt 0.218318 0.872171
vt 0.182552 0.818872
vt 0.029727 0.536570
vt 0.047574 0.664481
vt 0.010540 0.624488
vt 0.533592 0.884552
vt 0.577108 0.824514
vt 0.593750 0.855469
vt 0.807578 0.868395
vt 0.707642 0.851289
vt 0.824238 0.862599
vt 0.783401 0.883040
vt 0.738299 0.890867
vt 0.952888 0.845563
vt 0.900129 0.875723
vt 0.897130 0.864300
vt 0.848248 0.891017
vt 0.255400 0.725657
vt 0.222514 0.743646
vt 0.201724 0.741110
vt 0.167550 0.780375
vt 0.418105 0.744125
vt 0.454409 0.763517
vt 0.369593 0.780614
vt 0.415802 0.724153
vt 0.119228 0.637790
vt 0.071806 0.665110
vt 0.153510 0.607624
vt 0.282068 0.645915
vt 0.182529 0.664429
vt 0.206686 0.625962
vt 0.291052 0.664544
vt 0.177718 0.635871
vt 0.411719 0.633842
vt 0.338933 0.665167
vt 0.420476 0.622380
vt 0.365319 0.648735
vt 0.314626 0.663695
vt 0.443667 0.644803
vt 0.554502 0.624143
vt 0.453544 0.665554
vt 0.929980 0.781180
vt 0.914729 0.738532
vt 0.974609 0.702676
vt 0.462981 0.541232
vt 0.476430 0.554152
vt 0.444761 0.560548
vt 0.515940 0.557954
vt 0.449037 0.590088
vt 0.515842 0.589253
vt 0.522031 0.599944
vt 0.641588 0.564760
vt 0.684700 0.665922
vt 0.639021 0.585617
vt 0.684889 0.654539
vt 0.917255 0.635671
vt 0.879714 0.639788
vt 0.954073 0.624582
vt 0.878281 0.652942
vt 0.940624 0.641910
vt 0.847718 0.665953
vt 0.944707 0.662435
vt 0.503116 0.478100
vt 0.605630 0.471164
vt 0.587490 0.483118
vt 0.599090 0.512270
vt 0.042168 0.060583
vt 0.040961 0.118450
vt 0.011122 0.191988
vt 0.642260 0.496645
vt 0.628927 0.452834
vt 0.700413 0.512554
vt 0.417663 0.390295
vt 0.431609 0.388749
vt 0.352210 0.416489
vt 0.316329 0.422188
vt 0.519531 0.390625
vt 0.462116 0.367904
vt 0.481058 0.357843
vt 0.500653 0.420579
vt 0.594621 0.415174
vt 0.544783 0.371993
vt 0.605469 0.390625
vt 0.626169 0.399358
vt 0.637405 0.364743
vt 0.691406 0.390625
vt 0.679485 0.416111
vt 0.223926 0.291655
vt 0.214815 0.318836
vt 0.202241 0.303693
vt 0.270959 0.275183
vt 0.287005 0.279527
vt 0.508482 0.279500
vt 0.509397 0.310128
vt 0.416623 0.318408
vt 0.532768 0.267278
vt 0.565035 0.264182
vt 0.568345 0.283549
vt 0.598735 0.318478
vt 0.698472 0.284265
vt 0.708768 0.278882
vt 0.783294 0.289035
vt 0.753796 0.318743
vt 0.071817 0.585814
vt 0.128588 0.535471
vt 0.120776 0.550714
vt 0.144309 0.542425
vt 0.833780 0.286060
vt 0.888038 0.320055
vt 0.808188 0.275462
vt 0.911367 0.318552
vt 0.955929 0.242265
vt 0.938578 0.286061
vt 0.133199 0.184585
vt 0.192493 0.166716
vt 0.195312 0.179688
vt 0.133207 0.092709
vt 0.195312 0.097656
vt 0.133695 0.105030
vt 0.791238 0.202554
vt 0.766932 0.209731
vt 0.675066 0.185270
vt 0.511334 0.044779
vt 0.496208 0.059689
vt 0.485146 0.013495
vt 0.448935 0.063327
vt 0.814544 0.200101
vt 0.886848 0.192917
vt 0.886184 0.210778
vt 0.895152 0.171244
vt 0.757410 0.113147
vt 0.827921 0.114696
vt 0.712283 0.137744
vt 0.780540 0.047810
vt 0.769707 0.064814
vt 0.759181 0.066030
vt 0.795158 0.040061
vt 0.756154 0.081694
vt 0.831962 0.068380
vt 0.918043 0.165761
vt 0.982246 0.196618
vt 0.986170 0.210165
vt 0.937512 0.804058
vt 0.920740 0.812242
vt 0.847757 0.820361
vt 0.980538 0.816928
vt 0.796014 0.923865
vt 0.809519 0.936647
vt 0.762399 0.923911
vt 0.923121 0.930541
vt 0.751159 0.812412
vt 0.758660 0.825467
vt 0.708822 0.812975
vt 0.824284 0.826829
vt 0.242069 0.043547
vt 0.215312 0.074432
vt 0.216172 0.014911
vt 0.242448 0.077317
vt 0.508673 0.240685
vt 0.497130 0.253535
vt 0.417105 0.257619
vt 0.284591 0.245213
vt 0.202373 0.250459
vt 0.229879 0.233782
vt 0.304605 0.812023
vt 0.379635 0.821635
vt 0.275499 0.823296
vt 0.934783 0.357474
vt 0.833181 0.354955
vt 0.881462 0.347448
vt 0.804459 0.704757
vt 0.883408 0.687643
vt 0.866126 0.700562
vt 0.646198 0.693656
vt 0.615725 0.692544
vt 0.650863 0.690790
vt 0.609339 0.688836
vt 0.669305 0.698928
vt 0.590638 0.697071
vt 0.666667 0.701821
vt 0.193923 0.448539
vt 0.207610 0.455689
vt 0.100044 0.454896
vt 0.806932 0.252179
vt 0.807612 0.240531
vt 0.864700 0.233020
vt 0.370631 0.699892
vt 0.448724 0.687715
vt 0.403197 0.700709
vt 0.451774 0.695104
vt 0.051868 0.038599
vt 0.011553 0.034464
vt 0.015835 0.014042
vt 0.768405 0.692984
vt 0.719630 0.697718
vt 0.700469 0.687842
vt 0.964994 0.104524
vt 0.987843 0.120707
vt 0.968125 0.138083
vt 0.421586 0.811887
vt 0.408475 0.806762
vt 0.461679 0.807582
vt 0.021260 0.970205
vt 0.011134 0.950764
vt 0.087464 0.989963
vt 0.115242 0.885094
vt 0.135913 0.927116
vt 0.064153 0.890437
vt 0.175195 0.927596
vt 0.158321 0.896443
vt 0.206976 0.926100
vt 0.203129 0.865747
vt 0.181617 0.863707
vt 0.299320 0.925948
vt 0.289971 0.878563
vt 0.347806 0.886573
vt 0.183370 0.989736
vt 0.128317 0.969610
vt 0.110008 0.950734
vt 0.434636 0.918723
vt 0.440067 0.926719
vt 0.372631 0.886638
vt 0.206201 0.988845
vt 0.246122 0.952280
vt 0.241855 0.976271
vt 0.279550 0.965005
vt 0.267611 0.981343
vt 0.665492 0.900253
vt 0.656336 0.927104
vt 0.630041 0.886268
vt 0.689221 0.923026
vt 0.658611 0.881173
vt 0.690591 0.908964
vt 0.760356 0.878736
vt 0.735433 0.892800
vt 0.756554 0.870467
vt 0.731118 0.908568
vt 0.713669 0.927567
vt 0.784461 0.889168
vt 0.854430 0.895563
vt 0.816919 0.907023
vt 0.811257 0.927311
vt 0.789022 0.899477
vt 0.345610 0.975813
vt 0.369663 0.983820
vt 0.327327 0.984214
vt 0.352528 0.949556
vt 0.332229 0.969374
vt 0.368490 0.954883
vt 0.304304 0.988832
vt 0.113281 0.779297
vt 0.061988 0.766102
vt 0.098561 0.755041
vt 0.090010 0.806336
vt 0.180450 0.760971
vt 0.187500 0.779297
vt 0.138774 0.796341
vt 0.261719 0.779297
vt 0.224494 0.753801
vt 0.252867 0.759155
vt 0.209043 0.769002
vt 0.237769 0.806429
vt 0.281333 0.781430
vt 0.287468 0.761937
vt 0.335938 0.779297
vt 0.314548 0.752609
vt 0.485361 0.953385
vt 0.547693 0.980796
vt 0.553792 0.988311
vt 0.879196 0.962218
vt 0.961860 0.985156
vt 0.901909 0.989242
vt 0.801399 0.749748
vt 0.804399 0.772120
vt 0.780955 0.771375
vt 0.788666 0.805726
vt 0.822076 0.793934
vt 0.054260 0.680430
vt 0.059900 0.646849
vt 0.071818 0.674112
vt 0.096020 0.644877
vt 0.066294 0.628289
vt 0.178293 0.662895
vt 0.204636 0.671310
vt 0.154626 0.671268
vt 0.165202 0.680014
vt 0.135841 0.658929
vt 0.120268 0.671377
vt 0.124872 0.656061
vt 0.149848 0.558122
vt 0.119882 0.631812
vt 0.134735 0.589861
vt 0.140046 0.589820
vt 0.924635 0.717004
vt 0.972656 0.728516
vt 0.927552 0.744517
vt 0.063912 0.862520
vt 0.079724 0.833897
vt 0.131433 0.840546
vt 0.785556 0.598277
vt 0.847512 0.606868
vt 0.811433 0.632345
vt 0.911148 0.602453
vt 0.937314 0.629884
vt 0.869494 0.631174
vt 0.094307 0.533193
vt 0.099978 0.513971
vt 0.134337 0.521803
vt 0.069790 0.520273
vt 0.109749 0.502190
vt 0.010818 0.355600
vt 0.027691 0.405148
vt 0.023833 0.453388
vt 0.454409 0.510160
vt 0.436812 0.495080
vt 0.432979 0.517573
vt 0.478516 0.509766
vt 0.462763 0.513088
vt 0.465144 0.530932
vt 0.502354 0.857921
vt 0.464703 0.857148
vt 0.484833 0.855508
vt 0.467986 0.847785
vt 0.508277 0.844159
vt 0.523439 0.828266
vt 0.829579 0.532607
vt 0.791009 0.492720
vt 0.834169 0.493868
vt 0.052205 0.393405
vt 0.071537 0.371487
vt 0.060573 0.453805
vt 0.985670 0.521444
vt 0.939954 0.531680
vt 0.935885 0.496162
vt 0.131182 0.356790
vt 0.135632 0.396989
vt 0.094778 0.385156
vt 0.208067 0.435403
vt 0.194574 0.454890
vt 0.171281 0.427018
vt 0.168407 0.411218
vt 0.519579 0.421210
vt 0.474936 0.454442
vt 0.473097 0.419541
vt 0.275536 0.393828
vt 0.231187 0.383538
vt 0.245931 0.358440
vt 0.513907 0.580649
vt 0.473070 0.558389
vt 0.537951 0.556896
vt 0.881416 0.447298
vt 0.879041 0.450335
vt 0.858147 0.449695
vt 0.842859 0.453751
vt 0.839581 0.419211
vt 0.896246 0.578343
vt 0.869177 0.562261
vt 0.930140 0.556005
vt 0.903087 0.373263
vt 0.860397 0.383966
vt 0.839304 0.377563
vt 0.866008 0.394534
vt 0.588184 0.390745
vt 0.618726 0.356967
vt 0.627458 0.392031
vt 0.049323 0.193231
vt 0.062126 0.124559
vt 0.068349 0.151610
vt 0.687344 0.356619
vt 0.689287 0.372355
vt 0.650835 0.387604
vt 0.653621 0.391955
vt 0.076064 0.703622
vt 0.105253 0.731400
vt 0.058796 0.720294
vt 0.750474 0.365590
vt 0.751953 0.373047
vt 0.713983 0.379486
vt 0.169912 0.356096
vt 0.208804 0.387773
vt 0.171263 0.362336
vt 0.368857 0.714522
vt 0.405888 0.726995
vt 0.381327 0.728528
vt 0.380823 0.705305
vt 0.355578 0.709279
vt 0.785701 0.557164
vt 0.844988 0.564177
vt 0.830581 0.576036
vt 0.496094 0.316406
vt 0.462689 0.324054
vt 0.469366 0.301397
vt 0.520926 0.303826
vt 0.550781 0.316406
vt 0.516045 0.320225
vt 0.547310 0.326894
vt 0.570910 0.310851
vt 0.585474 0.302351
vt 0.601791 0.333187
vt 0.601054 0.316213
vt 0.207608 0.732098
vt 0.210283 0.712227
vt 0.254388 0.723515
vt 0.323628 0.727912
vt 0.325085 0.730560
vt 0.283010 0.709861
vt 0.693719 0.326204
vt 0.625176 0.333541
vt 0.661974 0.321627
vt 0.834422 0.317387
vt 0.828902 0.333639
vt 0.779485 0.327175
vt 0.490938 0.679875
vt 0.508393 0.669677
vt 0.521753 0.671665
vt 0.555861 0.673005
vt 0.175107 0.264353
vt 0.151204 0.226751
vt 0.161720 0.235472
vt 0.604232 0.680767
vt 0.578152 0.668693
vt 0.641234 0.676497
vt 0.721556 0.656440
vt 0.731428 0.657474
vt 0.754298 0.681065
vt 0.722407 0.655523
vt 0.315143 0.235022
vt 0.314186 0.254413
vt 0.298346 0.265484
vt 0.321529 0.229541
vt 0.906246 0.663688
vt 0.950636 0.681287
vt 0.911123 0.667911
vt 0.780959 0.715596
vt 0.790955 0.704222
vt 0.789767 0.715328
vt 0.786181 0.726225
vt 0.816036 0.719108
vt 0.572188 0.263925
vt 0.561424 0.253463
vt 0.602725 0.247631
vt 0.749826 0.264323
vt 0.712502 0.258908
vt 0.734776 0.245537
vt 0.827273 0.258307
vt 0.860621 0.242369
vt 0.843578 0.264773
vt 0.940401 0.232081
vt 0.945927 0.216976
vt 0.954539 0.264011
vt 0.631813 0.186221
vt 0.580317 0.192457
vt 0.594255 0.180824
vt 0.626848 0.297839
vt 0.646177 0.288448
vt 0.657607 0.291159
vt 0.681188 0.295791
vt 0.808122 0.185056
vt 0.783037 0.192114
vt 0.804475 0.175461
vt 0.816757 0.176649
vt 0.244488 0.141364
vt 0.227872 0.133322
vt 0.245773 0.128356
vt 0.267932 0.138360
vt 0.374893 0.560044
vt 0.324451 0.557674
vt 0.371533 0.555497
vt 0.330879 0.565208
vt 0.735997 0.127344
vt 0.711933 0.142220
vt 0.698023 0.136858
vt 0.848749 0.126663
vt 0.848971 0.136484
vt 0.815635 0.140818
vt 0.921860 0.113036
vt 0.921715 0.136280
vt 0.913494 0.131340
vt 0.931250 0.142544
vt 0.161861 0.836390
vt 0.197978 0.828200
vt 0.159275 0.840204
vt 0.337534 0.088139
vt 0.313960 0.074481
vt 0.334466 0.069218
vt 0.437095 0.564691
vt 0.400386 0.559206
vt 0.433414 0.555573
vt 0.638191 0.086722
vt 0.662055 0.078245
vt 0.668552 0.088679
vt 0.510313 0.223464
vt 0.497730 0.218127
vt 0.536878 0.216994
vt 0.813507 0.031567
vt 0.825967 0.054405
vt 0.810865 0.036885
vt 0.848354 0.044806
vt 0.876044 0.043748
vt 0.862968 0.053178
vt 0.714353 0.089240
vt 0.691510 0.079513
vt 0.704200 0.083529
vt 0.870968 0.084859
vt 0.856271 0.089489
vt 0.857144 0.084517
vt 0.863693 0.077205
vt 0.984375 0.082031
vt 0.971470 0.087955
vt 0.975393 0.074307
vt 0.250628 0.984516
vt 0.252733 0.978295
vt 0.289886 0.960561
vt 0.323261 0.954426
vt 0.354333 0.985325
vt 0.335329 0.985837
vt 0.383376 0.970504
vt 0.383186 0.949529
vt 0.412114 0.986632
s 1
g mesh_lowpoly_material0000
usemtl material0000
f 100/1/1 87/2/2 99/3/3
f 87/2/2 127/4/4 99/3/3
f 99/3/3 128/5/5 100/1/1
f 87/2/2 84/6/6 127/4/4
f 99/3/3 127/4/4 169/7/7
f 264/8/8 128/5/5 99/3/3
f 297/9/9 169/7/7 127/4/4
f 264/8/8 99/3/3 169/7/7
f 183/10/10 128/5/5 264/8/8
f 297/9/9 356/11/11 169/7/7
f 127/4/4 200/12/12 297/9/9
f 264/8/8 169/7/7 356/11/11
f 259/13/13 183/10/10 264/8/8
f 356/11/11 297/9/9 381/14/14
f 297/9/9 200/12/12 333/15/15
f 264/8/8 356/11/11 502/16/16
f 317/17/17 259/13/13 264/8/8
f 399/18/18 381/14/14 297/9/9
f 399/18/18 297/9/9 333/15/15
f 200/12/12 370/19/19 333/15/15
f 502/16/16 356/11/11 488/20/20
f 452/21/21 264/8/8 502/16/16
f 452/21/21 317/17/17 264/8/8
f 370/19/19 200/12/12 339/22/22
f 481/23/23 488/20/20 356/11/11
f 554/24/24 502/16/16 488/20/20
f 520/25/25 452/21/21 502/16/16
f 317/17/17 452/21/21 460/26/26
f 370/19/19 339/22/22 433/27/27
f 488/20/20 481/23/23 510/28/28
f 554/24/24 709/29/29 502/16/16
f 570/30/30 554/24/24 488/20/20
f 530/31/31 452/21/21 520/25/25
f 520/25/25 502/16/16 709/29/29
f 460/26/26 452/21/21 530/31/31
f 460/26/26 401/32/32 317/17/17
f 433/27/27 339/22/22 358/33/33
f 370/19/19 433/27/27 440/34/34
f 488/20/20 510/28/28 570/30/30
f 520/25/25 593/35/35 530/31/31
f 709/29/29 864/36/36 520/25/25
f 433/27/27 358/33/33 465/37/37
f 358/33/33 339/22/22 210/38/38
f 440/34/34 433/27/27 487/39/39
f 593/35/35 520/25/25 765/40/40
f 765/40/40 520/25/25 864/36/36
f 478/41/41 440/34/34 487/39/39
f 864/36/36 1016/42/42 765/40/40
f 478/41/41 487/39/39 615/43/43
f 440/34/34 478/41/41 442/44/44
f 1146/45/45 1016/42/42 864/36/36
f 678/46/46 478/41/41 615/43/43
f 415/47/47 440/34/34 442/44/44
f 442/44/44 478/41/41 678/46/46
f 678/46/46 615/43/43 698/48/48
f 390/49/49 440/34/34 415/47/47
f 678/46/46 698/48/48 874/50/50
f 971/51/51 874/50/50 698/48/48
f 976/52/52 874/50/50 971/51/51
f 698/48/48 752/53/53 971/51/51
f 929/54/54 874/50/50 976/52/52
f 1548/55/55 1546/56/56 1535/57/57
f 1548/55/55 1535/57/57 1543/58/58
f 853/59/59 987/60/60 798/61/61
f 987/60/60 853/59/59 1063/62/62
f 798/61/61 987/60/60 1028/63/63
f 798/61/61 850/64/64 853/59/59
f 1044/65/65 987/60/60 1063/62/62
f 1044/65/65 1028/63/63 987/60/60
f 805/66/66 798/61/61 1028/63/63
f 850/64/64 798/61/61 759/67/67
f 1062/68/68 1028/63/63 1044/65/65
f 798/61/61 676/69/69 759/67/67
f 676/69/69 702/70/70 759/67/67
f 705/71/71 741/71/72 756/71/73
f 818/71/74 741/71/72 705/71/71
f 818/71/74 756/71/73 741/71/72
f 695/72/75 705/71/71 756/71/73
f 705/71/71 779/73/76 818/71/74
f 849/74/77 756/71/73 818/71/74
f 695/72/75 756/71/73 771/75/78
f 695/72/75 753/76/79 705/71/71
f 779/73/76 705/71/71 753/76/79
f 818/71/74 779/73/76 814/71/80
f 771/75/78 756/71/73 849/74/77
f 849/74/77 818/71/74 814/71/80
f 771/75/78 799/77/81 695/72/75
f 753/76/79 695/72/75 799/77/81
f 779/73/76 753/76/79 799/77/81
f 847/78/82 814/71/80 779/73/76
f 849/74/77 799/77/81 771/75/78
f 849/74/77 814/71/80 847/78/82
f 779/73/76 799/77/81 847/78/82
f 836/79/83 799/77/81 849/74/77
f 849/74/77 847/78/82 882/80/84
f 799/77/81 810/81/85 847/78/82
f 882/80/84 836/79/83 849/74/77
f 882/80/84 847/78/82 813/82/86
f 813/82/86 847/78/82 810/81/85
f 883/83/87 836/79/83 882/80/84
f 882/80/84 813/82/86 875/84/88
f 882/80/84 913/85/89 883/83/87
f 875/84/88 813/82/86 896/86/90
f 882/80/84 875/84/88 941/71/91
f 882/80/84 973/87/92 913/85/89
f 813/82/86 711/88/93 896/86/90
f 875/84/88 896/86/90 941/71/91
f 882/80/84 941/71/91 973/87/92
f 975/89/94 913/85/89 973/87/92
f 711/88/93 813/82/86 685/90/95
f 977/91/96 896/86/90 711/88/93
f 941/71/91 896/86/90 973/87/92
f 1015/92/97 975/89/94 973/87/92
f 973/87/92 896/86/90 977/91/96
f 711/88/93 553/93/98 977/91/96
f 973/87/92 1030/94/99 1015/92/97
f 1285/95/100 973/87/92 977/91/96
f 1030/94/99 973/87/92 1076/96/101
f 1285/95/100 1076/96/101 973/87/92
f 1030/94/99 1076/96/101 1105/97/102
f 1076/96/101 1285/95/100 1380/98/103
f 1173/99/104 1105/97/102 1076/96/101
f 1183/100/105 1105/97/102 1173/99/104
f 1173/99/104 1076/96/101 1284/101/106
f 1183/100/105 1173/99/104 1148/102/107
f 1148/102/107 1215/103/108 1183/100/105
f 1173/99/104 1165/104/109 1148/102/107
f 1165/104/109 1215/103/108 1148/102/107
f 1198/105/110 1165/104/109 1173/99/104
f 1165/104/109 1198/105/110 1215/103/108
f 1198/105/110 1173/99/104 1261/106/111
f 1270/107/112 1215/103/108 1198/105/110
f 1261/106/111 1270/107/112 1198/105/110
f 464/108/113 505/109/114 499/110/115
f 509/111/116 505/109/114 464/108/113
f 499/110/115 505/109/114 494/112/117
f 517/113/118 505/109/114 509/111/116
f 515/114/119 494/112/117 505/109/114
f 413/115/120 499/110/115 494/112/117
f 549/116/121 505/109/114 517/113/118
f 565/117/122 515/114/119 505/109/114
f 558/118/123 505/109/114 549/116/121
f 549/116/121 517/113/118 525/119/124
f 515/114/119 565/117/122 567/120/125
f 565/117/122 505/109/114 558/118/123
f 590/121/126 567/120/125 565/117/122
f 565/117/122 558/118/123 610/122/127
f 647/123/128 567/120/125 590/121/126
f 610/122/127 590/121/126 565/117/122
f 769/124/129 567/120/125 647/123/128
f 610/122/127 647/123/128 590/121/126
f 647/123/128 610/122/127 683/125/130
f 1010/126/131 740/127/132 950/128/133
f 740/127/132 1010/126/131 971/129/51
f 1065/130/134 971/129/51 1010/126/131
f 971/129/51 752/131/53 740/127/132
f 976/132/52 971/129/51 1065/130/134
f 1065/130/134 1010/126/131 1216/133/135
f 1184/134/136 976/132/52 1065/130/134
f 1216/133/135 1010/126/131 1097/135/137
f 1369/136/138 1065/130/134 1216/133/135
f 1184/134/136 1065/130/134 1381/137/139
f 1369/136/138 1216/133/135 1468/138/140
f 1369/136/138 1381/137/139 1065/130/134
f 1468/138/140 1216/133/135 1346/139/141
f 1369/136/138 1468/138/140 1499/140/142
f 1381/137/139 1369/136/138 1499/140/142
f 1468/138/140 1346/139/141 1275/141/143
f 1499/140/142 1468/138/140 1506/142/144
f 1563/143/145 1381/137/139 1499/140/142
f 1563/143/145 1499/140/142 1506/142/144
f 1563/143/145 1568/144/146 1381/137/139
f 1426/145/147 1381/137/139 1568/144/146
f 133/146/148 81/147/149 64/148/150
f 81/147/149 133/146/148 120/149/151
f 81/147/149 52/150/152 64/148/150
f 133/146/148 64/148/150 174/151/153
f 166/152/154 120/149/151 133/146/148
f 52/150/152 81/147/149 120/149/151
f 156/153/155 120/149/151 166/152/154
f 133/146/148 187/154/156 166/152/154
f 156/153/155 166/152/154 209/155/157
f 166/152/154 187/154/156 206/156/158
f 363/157/159 209/155/157 166/152/154
f 268/158/160 156/153/155 209/155/157
f 363/157/159 166/152/154 206/156/158
f 348/159/161 209/155/157 363/157/159
f 168/160/162 156/153/155 268/158/160
f 353/161/163 268/158/160 209/155/157
f 353/161/163 209/155/157 348/159/161
f 348/159/161 363/157/159 386/162/164
f 156/153/155 168/160/162 113/163/165
f 268/158/160 239/164/166 168/160/162
f 353/161/163 298/165/167 268/158/160
f 437/166/168 353/161/163 348/159/161
f 437/166/168 348/159/161 386/162/164
f 168/160/162 181/167/169 113/163/165
f 239/164/166 181/167/169 168/160/162
f 298/165/167 353/161/163 328/168/170
f 298/165/167 303/169/171 268/158/160
f 423/170/172 353/161/163 437/166/168
f 386/162/164 483/171/173 437/166/168
f 181/167/169 153/172/174 113/163/165
f 239/164/166 199/173/175 181/167/169
f 335/174/176 298/165/167 328/168/170
f 335/174/176 303/169/171 298/165/167
f 436/175/177 423/170/172 437/166/168
f 436/175/177 437/166/168 483/171/173
f 181/167/169 146/176/178 153/172/174
f 181/167/169 199/173/175 154/177/179
f 239/164/166 345/178/180 199/173/175
f 335/174/176 328/168/170 345/178/180
f 335/174/176 224/179/181 303/169/171
f 436/175/177 491/180/182 423/170/172
f 483/171/173 503/181/183 436/175/177
f 154/177/179 146/176/178 181/167/169
f 224/179/181 154/177/179 199/173/175
f 345/178/180 423/170/172 335/174/176
f 224/179/181 199/173/175 303/169/171
f 503/181/183 491/180/182 436/175/177
f 491/180/182 335/174/176 423/170/172
f 503/181/183 483/171/173 524/182/184
f 224/179/181 146/176/178 154/177/179
f 486/183/185 412/184/186 537/185/187
f 412/184/186 486/183/185 355/186/188
f 537/185/187 412/184/186 429/187/189
f 533/188/190 486/183/185 537/185/187
f 355/186/188 300/189/191 412/184/186
f 465/190/37 355/186/188 486/183/185
f 589/191/192 537/185/187 429/187/189
f 465/190/37 486/183/185 533/188/190
f 533/188/190 537/185/187 589/191/192
f 465/190/37 358/192/33 355/186/188
f 465/190/37 533/188/190 686/193/193
f 777/194/194 533/188/190 589/191/192
f 465/190/37 686/193/193 740/195/132
f 777/194/194 686/193/193 533/188/190
f 740/195/132 686/193/193 950/196/133
f 598/197/195 534/198/196 446/199/197
f 760/200/198 534/198/196 598/197/195
f 446/199/197 534/198/196 285/201/199
f 760/200/198 598/197/195 905/202/200
f 285/201/199 198/203/201 446/199/197
f 285/201/199 534/198/196 402/204/202
f 905/202/200 726/205/203 760/200/198
f 167/206/204 198/203/201 285/201/199
f 446/199/197 198/203/201 313/207/205
f 318/208/206 285/201/199 402/204/202
f 760/200/198 726/205/203 670/209/207
f 167/206/204 108/210/208 198/203/201
f 313/207/205 198/203/201 289/211/209
f 446/199/197 313/207/205 376/212/210
f 108/210/208 151/213/211 198/203/201
f 198/203/201 151/213/211 289/211/209
f 654/214/212 584/215/213 679/216/214
f 709/217/29 584/215/213 654/214/212
f 584/215/213 570/218/30 679/216/214
f 725/219/215 654/214/212 679/216/214
f 554/220/24 584/215/213 709/217/29
f 712/221/216 709/217/29 654/214/212
f 584/215/213 554/220/24 570/218/30
f 725/219/215 782/222/217 654/214/212
f 679/216/214 576/223/218 725/219/215
f 709/217/29 712/221/216 1147/224/219
f 782/222/217 712/221/216 654/214/212
f 797/225/220 782/222/217 725/219/215
f 576/223/218 637/226/221 725/219/215
f 867/227/222 709/217/29 1147/224/219
f 712/221/216 894/228/223 1147/224/219
f 712/221/216 782/222/217 894/228/223
f 797/225/220 725/219/215 891/229/224
f 782/222/217 797/225/220 894/228/223
f 725/219/215 637/226/221 929/230/54
f 864/231/36 709/217/29 867/227/222
f 867/227/222 1147/224/219 1146/232/45
f 1147/224/219 894/228/223 926/233/225
f 891/229/224 725/219/215 929/230/54
f 894/228/223 797/225/220 891/229/224
f 929/230/54 637/226/221 874/234/50
f 1146/232/45 864/231/36 867/227/222
f 1147/224/219 1243/235/226 1146/232/45
f 926/233/225 1184/236/136 1147/224/219
f 894/228/223 959/237/227 926/233/225
f 959/237/227 891/229/224 929/230/54
f 959/237/227 894/228/223 891/229/224
f 637/226/221 678/238/46 874/234/50
f 1147/224/219 1184/236/136 1243/235/226
f 1184/236/136 926/233/225 1048/239/228
f 926/233/225 959/237/227 1048/239/228
f 959/237/227 929/230/54 940/240/229
f 1048/239/228 976/241/52 1184/236/136
f 959/237/227 976/241/52 1048/239/228
f 940/240/229 929/230/54 976/241/52
f 959/237/227 940/240/229 976/241/52
f 1323/242/230 1238/243/231 1498/244/232
f 1407/245/233 1323/242/230 1498/244/232
f 1407/245/233 1498/244/232 1534/246/234
f 469/247/235 399/248/18 467/249/236
f 428/250/237 399/248/18 469/247/235
f 399/248/18 391/251/238 467/249/236
f 577/252/239 469/247/235 467/249/236
f 399/248/18 428/250/237 381/253/14
f 481/254/23 428/250/237 469/247/235
f 399/248/18 333/255/15 391/251/238
f 570/256/30 469/247/235 577/252/239
f 576/257/218 577/252/239 467/249/236
f 356/258/11 381/253/14 428/250/237
f 356/258/11 428/250/237 481/254/23
f 391/251/238 333/255/15 374/259/240
f 570/256/30 510/260/28 469/247/235
f 577/252/239 679/261/214 570/256/30
f 577/252/239 576/257/218 679/261/214
f 637/262/221 576/257/218 467/249/236
f 374/259/240 333/255/15 370/263/19
f 391/251/238 374/259/240 415/264/47
f 637/262/221 467/249/236 531/265/241
f 374/259/240 370/263/19 407/266/242
f 374/259/240 407/266/242 415/264/47
f 531/265/241 467/249/236 535/267/243
f 637/262/221 531/265/241 535/267/243
f 390/268/49 407/266/242 370/263/19
f 407/266/242 390/268/49 415/264/47
f 467/249/236 442/269/44 535/267/243
f 678/270/46 637/262/221 535/267/243
f 440/271/34 390/268/49 370/263/19
f 535/267/243 442/269/44 678/270/46
f 87/272/2 80/273/244 84/274/6
f 80/273/244 87/272/2 126/275/245
f 107/276/246 84/274/6 80/273/244
f 126/275/245 132/277/247 80/273/244
f 80/273/244 97/278/248 107/276/246
f 118/279/249 80/273/244 132/277/247
f 97/278/248 80/273/244 103/280/250
f 132/277/247 170/281/251 118/279/249
f 118/279/249 129/282/252 80/273/244
f 110/283/253 97/278/248 103/280/250
f 80/273/244 145/284/254 103/280/250
f 118/279/249 170/281/251 129/282/252
f 145/284/254 80/273/244 129/282/252
f 103/280/250 232/285/255 110/283/253
f 103/280/250 145/284/254 137/286/256
f 145/284/254 129/282/252 170/281/251
f 232/285/255 103/280/250 137/286/256
f 207/287/257 137/286/256 145/284/254
f 145/284/254 170/281/251 235/288/258
f 235/288/258 207/287/257 145/284/254
f 244/289/259 90/290/260 123/291/261
f 123/291/261 90/290/260 77/292/262
f 244/289/259 123/291/261 293/293/263
f 94/294/264 123/291/261 77/292/262
f 94/294/264 77/292/262 76/295/265
f 396/296/266 293/293/263 309/297/267
f 464/298/113 293/293/263 396/296/266
f 378/299/268 293/293/263 464/298/113
f 471/300/269 464/298/113 396/296/266
f 499/301/115 378/299/268 464/298/113
f 498/302/270 471/300/269 396/296/266
f 499/301/115 174/303/153 378/299/268
f 323/304/271 174/303/153 499/301/115
f 323/304/271 206/305/158 174/303/153
f 413/306/120 323/304/271 499/301/115
f 363/307/159 206/305/158 323/304/271
f 413/306/120 363/307/159 323/304/271
f 586/308/272 547/309/273 644/310/274
f 547/309/273 586/308/272 572/311/275
f 644/310/274 547/309/273 546/312/276
f 644/310/274 666/313/277 586/308/272
f 580/314/278 572/311/275 586/308/272
f 572/311/275 508/315/279 547/309/273
f 547/309/273 491/316/182 546/312/276
f 666/313/277 580/314/278 586/308/272
f 508/315/279 572/311/275 602/317/280
f 508/315/279 491/316/182 547/309/273
f 491/316/182 503/318/183 546/312/276
f 600/319/281 602/317/280 572/311/275
f 508/315/279 335/320/176 491/316/182
f 335/320/176 508/315/279 346/321/282
f 316/322/283 335/320/176 346/321/282
f 316/322/283 224/323/181 335/320/176
f 316/322/283 242/324/284 224/323/181
f 23/325/285 22/326/286 18/327/287
f 22/326/286 23/325/285 31/328/288
f 18/327/287 40/329/289 23/325/285
f 40/329/289 31/328/288 23/325/285
f 56/330/290 22/326/286 31/328/288
f 56/330/290 31/328/288 57/331/291
f 56/330/290 53/332/292 22/326/286
f 57/331/291 31/328/288 89/333/293
f 41/334/294 22/326/286 53/332/292
f 53/332/292 60/335/295 41/334/294
f 102/336/296 41/334/294 60/335/295
f 146/337/178 41/334/294 102/336/296
f 102/336/296 60/335/295 62/338/297
f 102/336/296 153/339/174 146/337/178
f 62/338/297 113/340/165 102/336/296
f 153/339/174 102/336/296 113/340/165
f 5/341/298 113/340/165 62/338/297
f 16/342/299 5/341/298 62/338/297
f 446/343/197 507/344/300 556/345/301
f 507/344/300 672/346/302 556/345/301
f 551/347/303 446/343/197 556/345/301
f 556/345/301 672/346/302 655/348/304
f 551/347/303 556/345/301 655/348/304
f 598/349/195 446/343/197 551/347/303
f 655/348/304 672/346/302 744/350/305
f 551/347/303 655/348/304 598/349/195
f 672/346/302 631/351/306 744/350/305
f 841/352/307 655/348/304 744/350/305
f 655/348/304 905/353/200 598/349/195
f 672/346/302 602/354/280 631/351/306
f 744/350/305 631/351/306 857/355/308
f 841/352/307 905/353/200 655/348/304
f 631/351/306 602/354/280 617/356/309
f 897/357/310 744/350/305 857/355/308
f 631/351/306 803/358/311 857/355/308
f 646/359/312 631/351/306 617/356/309
f 602/354/280 600/360/281 617/356/309
f 857/355/308 862/361/313 897/357/310
f 631/351/306 646/359/312 803/358/311
f 857/355/308 803/358/311 862/361/313
f 646/359/312 617/356/309 623/362/314
f 617/356/309 600/360/281 527/363/315
f 803/358/311 646/359/312 820/364/316
f 820/364/316 862/361/313 803/358/311
f 623/362/314 619/365/317 646/359/312
f 623/362/314 617/356/309 578/366/318
f 617/356/309 527/363/315 578/366/318
f 646/359/312 754/367/319 820/364/316
f 820/364/316 870/368/320 862/361/313
f 562/369/321 578/366/318 527/363/315
f 870/368/320 820/364/316 754/367/319
f 862/361/313 870/368/320 917/370/322
f 754/367/319 804/371/323 870/368/320
f 917/370/322 870/368/320 920/372/324
f 870/368/320 804/371/323 868/373/325
f 868/373/325 920/372/324 870/368/320
f 196/374/326 294/375/327 312/376/328
f 196/374/326 192/377/329 294/375/327
f 327/378/330 312/376/328 294/375/327
f 212/379/331 196/374/326 312/376/328
f 171/380/332 192/377/329 196/374/326
f 294/375/327 192/377/329 373/381/333
f 327/378/330 311/382/334 312/376/328
f 327/378/330 294/375/327 361/383/335
f 171/380/332 196/374/326 212/379/331
f 312/376/328 197/384/336 212/379/331
f 142/385/337 192/377/329 171/380/332
f 294/375/327 373/381/333 369/386/338
f 312/376/328 311/382/334 197/384/336
f 369/386/338 361/383/335 294/375/327
f 197/384/336 171/380/332 212/379/331
f 197/384/336 142/385/337 171/380/332
f 369/386/338 373/381/333 398/387/339
f 369/386/338 394/388/340 361/383/335
f 125/389/341 142/385/337 197/384/336
f 398/387/339 373/381/333 419/390/342
f 394/388/340 369/386/338 398/387/339
f 361/383/335 394/388/340 431/391/343
f 142/385/337 125/389/341 140/392/344
f 490/393/345 398/387/339 419/390/342
f 490/393/345 394/388/340 398/387/339
f 431/391/343 394/388/340 489/394/346
f 140/392/344 124/395/347 142/385/337
f 394/388/340 490/393/345 489/394/346
f 124/395/347 89/396/293 142/385/337
f 592/397/348 489/394/346 490/393/345
f 592/397/348 490/393/345 500/398/349
f 210/399/38 107/400/246 110/401/253
f 210/399/38 339/402/22 107/400/246
f 210/399/38 110/401/253 152/403/350
f 200/404/12 107/400/246 339/402/22
f 152/403/350 110/401/253 232/405/255
f 210/399/38 152/403/350 201/406/351
f 232/405/255 201/406/351 152/403/350
f 355/407/188 210/399/38 201/406/351
f 358/408/33 210/399/38 355/407/188
f 201/406/351 300/409/191 355/407/188
f 765/410/40 530/411/31 593/412/35
f 530/411/31 765/410/40 739/413/352
f 765/410/40 901/414/353 739/413/352
f 553/415/98 530/411/31 739/413/352
f 901/414/353 765/410/40 1016/416/42
f 901/414/353 977/417/96 739/413/352
f 739/413/352 977/417/96 553/415/98
f 901/414/353 1016/416/42 1094/418/354
f 1088/419/355 977/417/96 901/414/353
f 1094/418/354 1016/416/42 1146/420/45
f 901/414/353 1094/418/354 1088/419/355
f 1110/421/356 977/417/96 1088/419/355
f 1094/418/354 1146/420/45 1231/422/357
f 1088/419/355 1094/418/354 1231/422/357
f 1285/423/100 977/417/96 1110/421/356
f 1325/424/358 1110/421/356 1088/419/355
f 1231/422/357 1146/420/45 1325/424/358
f 1325/424/358 1088/419/355 1231/422/357
f 1392/425/359 1285/423/100 1110/421/356
f 1243/426/226 1325/424/358 1146/420/45
f 1153/427/360 1134/428/361 1009/429/362
f 1275/430/143 1134/428/361 1153/427/360
f 1009/429/362 1134/428/361 942/431/363
f 1275/430/143 1346/432/141 1134/428/361
f 942/431/363 1134/428/361 927/433/364
f 1346/432/141 1097/434/137 1134/428/361
f 950/435/133 927/433/364 1134/428/361
f 777/436/194 942/431/363 927/433/364
f 1097/434/137 950/435/133 1134/428/361
f 927/433/364 950/435/133 686/437/193
f 927/433/364 686/437/193 777/436/194
f 1010/438/131 950/435/133 1097/434/137
f 542/439/365 409/440/366 526/441/367
f 466/442/368 409/440/366 542/439/365
f 526/441/367 536/443/369 542/439/365
f 466/442/368 542/439/365 561/444/370
f 545/445/371 542/439/365 536/443/369
f 466/442/368 561/444/370 550/446/372
f 561/444/370 542/439/365 566/447/373
f 545/445/371 566/447/373 542/439/365
f 626/448/374 550/446/372 561/444/370
f 475/449/375 466/442/368 550/446/372
f 594/450/376 561/444/370 566/447/373
f 545/445/371 594/450/376 566/447/373
f 626/448/374 561/444/370 594/450/376
f 550/446/372 626/448/374 604/451/377
f 500/452/349 475/449/375 550/446/372
f 475/449/375 416/453/378 466/442/368
f 594/450/376 545/445/371 629/454/379
f 649/455/380 626/448/374 594/450/376
f 626/448/374 641/456/381 604/451/377
f 604/451/377 641/456/381 550/446/372
f 500/452/349 419/457/342 475/449/375
f 500/452/349 550/446/372 641/456/381
f 626/448/374 649/455/380 736/458/382
f 649/455/380 594/450/376 625/459/383
f 736/458/382 641/456/381 626/448/374
f 736/458/382 649/455/380 722/460/384
f 649/455/380 625/459/383 722/460/384
f 641/456/381 736/458/382 687/461/385
f 713/462/386 736/458/382 722/460/384
f 829/463/387 722/460/384 625/459/383
f 687/461/385 736/458/382 807/464/388
f 713/462/386 722/460/384 830/465/389
f 808/466/390 736/458/382 713/462/386
f 829/463/387 830/465/389 722/460/384
f 807/464/388 694/467/391 687/461/385
f 807/464/388 736/458/382 783/468/392
f 808/466/390 713/462/386 830/465/389
f 808/466/390 783/468/392 736/458/382
f 830/465/389 829/463/387 838/469/393
f 687/461/385 694/467/391 681/470/394
f 808/466/390 830/465/389 838/469/393
f 783/468/392 808/466/390 815/471/395
f 829/463/387 815/471/395 838/469/393
f 838/469/393 815/471/395 808/466/390
f 7/472/396 2/473/397 5/474/298
f 2/473/397 7/472/396 3/475/398
f 2/473/397 8/476/399 5/474/298
f 16/477/299 7/472/396 5/474/298
f 1/478/400 3/475/398 7/472/396
f 3/475/398 4/479/401 2/473/397
f 8/476/399 2/473/397 10/480/402
f 5/474/298 8/476/399 21/481/403
f 37/482/404 7/472/396 16/477/299
f 4/479/401 3/475/398 1/478/400
f 1/478/400 7/472/396 49/483/405
f 10/480/402 2/473/397 4/479/401
f 8/476/399 10/480/402 21/481/403
f 5/474/298 21/481/403 113/484/165
f 49/483/405 7/472/396 37/482/404
f 4/479/401 1/478/400 9/485/406
f 34/486/407 1/478/400 49/483/405
f 52/487/152 113/484/165 21/481/403
f 12/488/408 9/485/406 1/478/400
f 1/478/400 34/486/407 12/488/408
f 34/486/407 49/483/405 38/489/409
f 113/484/165 52/487/152 120/490/151
f 113/484/165 120/490/151 156/491/155
f 92/492/410 95/493/411 91/494/412
f 106/495/413 95/493/411 92/492/410
f 91/494/412 95/493/411 65/496/414
f 109/497/415 92/492/410 91/494/412
f 112/498/416 95/493/411 106/495/413
f 111/499/417 106/495/413 92/492/410
f 65/496/414 95/493/411 71/500/418
f 91/494/412 65/496/414 109/497/415
f 96/501/419 92/492/410 109/497/415
f 95/493/411 112/498/416 71/500/418
f 106/495/413 158/502/420 112/498/416
f 115/503/421 106/495/413 111/499/417
f 86/504/422 71/500/418 112/498/416
f 158/502/420 159/505/423 112/498/416
f 159/505/423 86/504/422 112/498/416
f 70/506/424 71/500/418 86/504/422
f 214/507/425 159/505/423 158/502/420
f 151/508/211 86/504/422 159/505/423
f 40/509/289 18/510/287 24/511/426
f 42/512/427 24/511/426 18/510/287
f 85/513/428 40/509/289 24/511/426
f 48/514/429 24/511/426 42/512/427
f 18/510/287 22/515/286 42/512/427
f 85/513/428 61/516/430 40/509/289
f 85/513/428 24/511/426 48/514/429
f 92/517/410 48/514/429 42/512/427
f 61/516/430 47/518/431 40/509/289
f 144/519/432 61/516/430 85/513/428
f 85/513/428 48/514/429 101/520/433
f 47/518/431 61/516/430 31/521/288
f 31/521/288 40/509/289 47/518/431
f 144/519/432 85/513/428 139/522/434
f 150/523/435 61/516/430 144/519/432
f 85/513/428 101/520/433 119/524/436
f 31/521/288 61/516/430 150/523/435
f 139/522/434 85/513/428 119/524/436
f 139/522/434 141/525/437 144/519/432
f 139/522/434 119/524/436 162/526/438
f 141/525/437 139/522/434 163/527/439
f 217/528/440 144/519/432 141/525/437
f 139/522/434 162/526/438 163/527/439
f 162/526/438 119/524/436 117/529/441
f 141/525/437 163/527/439 217/528/440
f 163/527/439 162/526/438 217/528/440
f 311/530/334 147/531/442 125/532/341
f 277/533/443 147/531/442 311/530/334
f 38/534/409 125/532/341 147/531/442
f 277/533/443 148/535/444 147/531/442
f 49/536/405 125/532/341 38/534/409
f 38/534/409 147/531/442 148/535/444
f 148/535/444 277/533/443 292/537/445
f 336/538/446 359/539/447 223/540/448
f 359/539/447 336/538/446 385/541/449
f 336/538/446 223/540/448 385/541/449
f 385/541/449 507/542/300 359/539/447
f 359/539/447 507/542/300 446/543/197
f 497/544/450 507/542/300 385/541/449
f 446/543/197 376/545/210 359/539/447
f 507/542/300 497/544/450 672/546/302
f 497/544/450 385/541/449 602/547/280
f 376/545/210 289/548/209 359/539/447
f 672/546/302 497/544/450 602/547/280
f 376/545/210 313/549/205 289/548/209
f 522/550/451 589/551/192 429/552/189
f 429/552/189 463/553/452 522/550/451
f 512/554/453 522/550/451 463/553/452
f 463/553/452 429/552/189 321/555/454
f 463/553/452 321/555/454 422/556/455
f 429/552/189 288/557/456 321/555/454
f 321/555/454 301/558/457 422/556/455
f 463/553/452 422/556/455 435/559/458
f 321/555/454 288/557/456 252/560/459
f 301/558/457 321/555/454 252/560/459
f 422/556/455 301/558/457 347/561/460
f 252/560/459 207/562/257 301/558/457
f 301/558/457 352/563/461 347/561/460
f 207/562/257 235/564/258 301/558/457
f 263/565/462 301/558/457 235/564/258
f 143/566/463 88/567/464 69/568/465
f 88/567/464 143/566/463 177/569/466
f 69/568/465 88/567/464 74/570/467
f 143/566/463 69/568/465 116/571/468
f 88/567/464 177/569/466 136/572/469
f 65/573/414 69/568/465 74/570/467
f 104/574/470 116/571/468 69/568/465
f 69/568/465 65/573/414 70/575/424
f 104/574/470 69/568/465 70/575/424
f 65/573/414 71/576/418 70/575/424
f 98/577/471 104/574/470 70/575/424
f 936/578/472 1122/579/473 1123/580/474
f 1123/580/474 908/581/475 936/578/472
f 1123/580/474 1027/582/476 908/581/475
f 809/583/477 936/578/472 908/581/475
f 1123/580/474 1024/584/478 1027/582/476
f 809/583/477 908/581/475 828/585/479
f 809/583/477 788/586/480 936/578/472
f 1152/587/481 1024/584/478 1123/580/474
f 908/581/475 833/588/482 828/585/479
f 809/583/477 683/589/130 788/586/480
f 1195/590/483 1024/584/478 1152/587/481
f 683/589/130 610/591/127 788/586/480
f 745/592/484 699/593/485 708/594/486
f 828/585/479 745/592/484 708/594/486
f 1121/595/487 958/596/488 1025/597/489
f 1121/595/487 1025/597/489 1102/598/490
f 149/599/491 100/600/1 128/601/5
f 100/600/1 149/599/491 87/602/2
f 149/599/491 128/601/5 179/603/492
f 126/604/245 87/602/2 149/599/491
f 179/603/492 128/601/5 202/605/493
f 165/606/494 202/605/493 128/601/5
f 179/603/492 202/605/493 260/607/495
f 128/601/5 183/608/10 165/606/494
f 265/609/496 202/605/493 165/606/494
f 260/607/495 202/605/493 304/610/497
f 260/607/495 234/611/498 179/603/492
f 183/608/10 259/612/13 165/606/494
f 259/612/13 265/609/496 165/606/494
f 202/605/493 265/609/496 331/613/499
f 331/613/499 304/610/497 202/605/493
f 265/609/496 259/612/13 331/613/499
f 1341/614/500 1129/615/501 1170/616/502
f 1341/614/500 1208/617/503 1129/615/501
f 1129/615/501 1109/618/504 1170/616/502
f 1419/619/505 1208/617/503 1341/614/500
f 1167/620/506 1129/615/501 1208/617/503
f 1129/615/501 1081/621/507 1109/618/504
f 1170/616/502 1109/618/504 966/622/508
f 1448/623/509 1419/619/505 1341/614/500
f 1258/624/510 1167/620/506 1208/617/503
f 1167/620/506 1079/625/511 1129/615/501
f 1129/615/501 1073/626/512 1081/621/507
f 1109/618/504 1081/621/507 982/627/513
f 982/627/513 966/622/508 1109/618/504
f 1586/628/514 1419/619/505 1448/623/509
f 1411/629/515 1258/624/510 1208/617/503
f 1258/624/510 1221/630/516 1167/620/506
f 1221/630/516 1079/625/511 1167/620/506
f 1073/626/512 1129/615/501 1079/625/511
f 1448/623/509 1549/631/517 1586/628/514
f 1561/632/518 1419/619/505 1586/628/514
f 1357/633/519 1258/624/510 1411/629/515
f 1309/634/520 1221/630/516 1258/624/510
f 1586/628/514 1549/631/517 1587/635/521
f 1561/632/518 1411/629/515 1419/619/505
f 1592/636/522 1561/632/518 1586/628/514
f 1561/632/518 1357/633/519 1411/629/515
f 1309/634/520 1258/624/510 1357/633/519
f 1592/636/522 1584/637/523 1561/632/518
f 1502/638/524 1357/633/519 1561/632/518
f 1357/633/519 1412/639/525 1309/634/520
f 1584/637/523 1502/638/524 1561/632/518
f 1502/638/524 1412/639/525 1357/633/519
f 1584/637/523 1480/640/526 1502/638/524
f 1480/640/526 1412/639/525 1502/638/524
f 1480/640/526 1466/641/527 1412/639/525
f 588/642/528 574/643/529 543/644/530
f 574/643/529 588/642/528 620/645/531
f 543/644/530 539/646/532 588/642/528
f 597/647/533 574/643/529 620/645/531
f 543/644/530 529/648/534 539/646/532
f 579/649/535 574/643/529 597/647/533
f 675/650/536 597/647/533 620/645/531
f 701/651/537 597/647/533 675/650/536
f 661/652/538 597/647/533 701/651/537
f 701/651/537 675/650/536 758/653/539
f 772/654/540 701/651/537 758/653/539
f 700/655/541 758/653/539 675/650/536
f 596/656/542 615/657/43 487/658/39
f 630/659/543 615/657/43 596/656/542
f 596/656/542 487/658/39 614/660/544
f 630/659/543 698/661/48 615/657/43
f 596/656/542 614/660/544 630/659/543
f 487/658/39 433/662/27 614/660/544
f 698/661/48 630/659/543 752/663/53
f 740/664/132 630/659/543 614/660/544
f 433/662/27 465/665/37 614/660/544
f 752/663/53 630/659/543 740/664/132
f 614/660/544 465/665/37 740/664/132
f 11/666/545 9/667/406 14/668/546
f 9/667/406 12/669/408 14/668/546
f 1183/670/105 1032/671/547 1105/672/102
f 1306/673/548 1032/671/547 1183/670/105
f 1105/672/102 1032/671/547 1015/674/97
f 1306/673/548 1095/675/549 1032/671/547
f 1306/673/548 1183/670/105 1336/676/550
f 1015/674/97 1030/677/99 1105/672/102
f 1183/670/105 1215/678/108 1336/676/550
f 1336/676/550 1215/678/108 1296/679/551
f 1296/679/551 1215/678/108 1270/680/112
f 1623/681/552 1609/682/553 1603/683/554
f 1609/682/553 1582/684/555 1603/683/554
f 1615/685/556 1603/683/554 1582/684/555
f 1582/684/555 1609/682/553 1606/686/557
f 1615/685/556 1630/687/558 1603/683/554
f 1582/684/555 1520/688/559 1615/685/556
f 1606/686/557 1533/689/560 1582/684/555
f 1615/685/556 1665/690/561 1630/687/558
f 1533/689/560 1520/688/559 1582/684/555
f 1576/691/562 1615/685/556 1520/688/559
f 1665/690/561 1615/685/556 1641/692/563
f 1662/693/564 1630/687/558 1665/690/561
f 1658/694/565 1662/693/564 1665/690/561
f 1650/695/566 1662/693/564 1658/694/565
f 1637/696/567 1650/695/566 1658/694/565
f 1667/697/568 1637/696/567 1658/694/565
f 877/698/569 815/699/395 904/700/570
f 815/699/395 877/698/569 783/701/392
f 904/700/570 915/702/571 877/698/569
f 878/703/572 783/701/392 877/698/569
f 878/703/572 877/698/569 915/702/571
f 904/700/570 1005/704/573 915/702/571
f 807/705/388 783/701/392 878/703/572
f 930/706/574 878/703/572 915/702/571
f 915/702/571 1005/704/573 984/707/575
f 807/705/388 878/703/572 930/706/574
f 930/706/574 915/702/571 1006/708/576
f 998/709/577 984/707/575 1005/704/573
f 998/709/577 915/702/571 984/707/575
f 807/705/388 930/706/574 694/710/391
f 998/709/577 1006/708/576 915/702/571
f 1066/711/578 998/709/577 1005/704/573
f 1054/712/579 1006/708/576 998/709/577
f 1056/713/580 998/709/577 1066/711/578
f 998/709/577 1052/714/581 1054/712/579
f 1056/713/580 1052/714/581 998/709/577
f 1054/712/579 1052/714/581 1239/715/582
f 1052/714/581 1056/713/580 1239/715/582
f 397/716/583 418/717/584 521/718/585
f 354/719/586 418/717/584 397/716/583
f 454/720/587 521/718/585 418/717/584
f 544/721/588 397/716/583 521/718/585
f 521/718/585 454/720/587 605/722/589
f 544/721/588 521/718/585 734/723/590
f 605/722/589 734/723/590 521/718/585
f 1745/724/591 1711/725/592 1746/726/593
f 1746/726/593 1711/725/592 1713/727/594
f 1745/724/591 1746/726/593 1750/728/595
f 1711/725/592 1704/729/596 1713/727/594
f 1746/726/593 1713/727/594 1724/730/597
f 1746/726/593 1724/730/597 1750/728/595
f 1758/731/598 1745/724/591 1750/728/595
f 1713/727/594 1704/729/596 1702/732/599
f 1704/729/596 1711/725/592 1679/733/600
f 1724/730/597 1713/727/594 1733/734/601
f 1754/735/602 1745/724/591 1758/731/598
f 1702/732/599 1704/729/596 1679/733/600
f 1733/734/601 1713/727/594 1702/732/599
f 1679/733/600 1681/736/603 1702/732/599
f 1702/732/599 1709/737/604 1733/734/601
f 1733/734/601 1709/737/604 1737/738/605
f 1325/739/358 1243/740/226 1423/741/606
f 1243/740/226 1426/742/147 1423/741/606
f 1243/740/226 1184/743/136 1426/742/147
f 1541/744/607 1423/741/606 1426/742/147
f 1184/743/136 1381/745/139 1426/742/147
f 1763/746/608 1767/747/609 1725/748/610
f 1771/749/611 1767/747/609 1763/746/608
f 1759/750/612 1763/746/608 1725/748/610
f 1771/749/611 1774/751/613 1767/747/609
f 1771/749/611 1763/746/608 1765/752/614
f 1765/752/614 1763/746/608 1759/750/612
f 1706/753/615 1759/750/612 1725/748/610
f 1767/747/609 1774/751/613 1770/754/616
f 1771/749/611 1778/755/617 1774/751/613
f 1725/748/610 1693/756/618 1706/753/615
f 1780/757/619 1770/754/616 1774/751/613
f 1783/758/620 1774/751/613 1778/755/617
f 1706/753/621 1693/756/622 1677/759/623
f 1774/760/613 1782/761/624 1780/762/619
f 1782/761/624 1774/760/613 1783/763/620
f 1781/764/625 1782/761/624 1783/763/620
f 1781/764/625 1783/763/620 1776/765/626
f 1342/766/627 1389/767/628 1439/768/629
f 1389/767/628 1342/766/627 1335/769/630
f 1439/768/629 1389/767/628 1446/770/631
f 1334/771/632 1335/769/630 1342/766/627
f 1389/767/628 1335/769/630 1387/772/633
f 1511/773/634 1446/770/631 1389/767/628
f 1446/770/631 1511/773/634 1439/768/629
f 1334/771/632 1387/772/633 1335/769/630
f 1387/772/633 1384/774/635 1389/767/628
f 1511/773/634 1389/767/628 1469/775/636
f 1439/768/629 1511/773/634 1495/776/637
f 1389/767/628 1384/774/635 1401/777/638
f 1353/778/639 1384/774/635 1387/772/633
f 1401/777/638 1469/775/636 1389/767/628
f 1469/775/636 1436/779/640 1511/773/634
f 1511/773/634 1435/780/641 1495/776/637
f 1384/774/635 1358/781/642 1401/777/638
f 1387/772/633 1260/782/643 1353/778/639
f 1328/783/644 1384/774/635 1353/778/639
f 1401/777/638 1418/784/645 1469/775/636
f 1435/780/641 1511/773/634 1436/779/640
f 1495/776/637 1435/780/641 1440/785/646
f 1401/777/638 1358/781/642 1409/786/647
f 1353/778/639 1260/782/643 1328/783/644
f 1471/787/648 1435/780/641 1436/779/640
f 1360/788/649 1440/785/646 1435/780/641
f 1495/776/637 1440/785/646 1473/789/650
f 1436/779/640 1438/790/651 1471/787/648
f 1390/791/652 1440/785/646 1360/788/649
f 1332/792/653 1360/788/649 1435/780/641
f 1440/785/646 1390/791/652 1473/789/650
f 1438/790/651 1483/793/654 1471/787/648
f 1360/788/649 1122/794/473 1390/791/652
f 1483/793/654 1438/790/651 1585/795/655
f 1483/793/654 1420/796/656 1471/787/648
f 1585/795/655 1438/790/651 1560/797/657
f 1420/796/656 1483/793/654 1317/798/658
f 1595/799/659 1585/795/655 1560/797/657
f 1560/797/657 1438/790/651 1472/800/660
f 1595/799/659 1587/801/521 1585/795/655
f 1560/797/657 1472/800/660 1595/799/659
f 1587/801/521 1549/802/517 1585/795/655
f 1317/798/658 1585/795/655 1549/802/517
f 1691/803/661 1705/804/662 1688/805/663
f 1688/805/663 1643/806/664 1691/803/661
f 1673/807/665 1691/803/661 1643/806/664
f 569/808/666 571/809/667 583/810/668
f 571/809/667 569/808/666 552/811/669
f 583/810/668 571/809/667 636/812/670
f 479/813/671 552/811/669 569/808/666
f 571/809/667 552/811/669 628/814/672
f 636/812/670 571/809/667 628/814/672
f 724/815/673 583/810/668 636/812/670
f 479/813/671 431/816/343 552/811/669
f 636/812/670 628/814/672 642/817/674
f 724/815/673 636/812/670 737/818/675
f 431/816/343 489/819/346 552/811/669
f 642/817/674 664/820/676 636/812/670
f 724/815/673 737/818/675 735/821/677
f 636/812/670 664/820/676 737/818/675
f 552/811/669 489/819/346 728/822/678
f 653/823/679 664/820/676 642/817/674
f 735/821/677 721/824/680 724/815/673
f 812/825/681 721/824/680 735/821/677
f 104/826/470 167/827/204 184/828/682
f 104/826/470 98/829/471 167/827/204
f 160/830/683 104/826/470 184/828/682
f 167/827/204 98/829/471 108/831/208
f 116/832/468 104/826/470 160/830/683
f 98/829/471 151/833/211 108/831/208
f 151/833/211 98/829/471 86/834/422
f 70/835/424 86/834/422 98/829/471
f 299/836/684 271/837/685 180/838/686
f 329/839/687 271/837/685 299/836/684
f 144/840/432 180/838/686 271/837/685
f 299/836/684 180/838/686 284/841/688
f 271/837/685 329/839/687 340/842/689
f 340/842/689 144/840/432 271/837/685
f 180/838/686 144/840/432 217/843/440
f 278/844/690 284/841/688 180/838/686
f 144/840/432 340/842/689 150/845/435
f 180/838/686 217/843/440 278/844/690
f 305/846/691 284/841/688 278/844/690
f 278/844/690 217/843/440 270/847/692
f 305/846/691 278/844/690 270/847/692
f 964/848/693 1021/849/694 1117/850/695
f 964/848/693 905/851/200 1021/849/694
f 1117/850/695 1021/849/694 1204/852/696
f 964/848/693 1117/850/695 1099/853/697
f 841/854/307 1021/849/694 905/851/200
f 937/855/698 905/851/200 964/848/693
f 1267/856/699 1117/850/695 1204/852/696
f 1267/856/699 1099/853/697 1117/850/695
f 1099/853/697 937/855/698 964/848/693
f 937/855/698 934/857/700 905/851/200
f 1308/858/701 1267/856/699 1204/852/696
f 1099/853/697 1267/856/699 1316/859/702
f 1022/860/703 937/855/698 1099/853/697
f 1022/860/703 934/857/700 937/855/698
f 1308/858/701 1316/859/702 1267/856/699
f 1210/861/704 1099/853/697 1316/859/702
f 1210/861/704 1022/860/703 1099/853/697
f 68/862/705 25/863/706 75/864/707
f 55/865/708 25/863/706 68/862/705
f 105/866/709 68/862/705 75/864/707
f 25/863/706 55/865/708 33/867/710
f 105/866/709 72/868/711 68/862/705
f 122/869/712 105/866/709 75/864/707
f 13/870/713 25/863/706 33/867/710
f 55/865/708 26/871/714 33/867/710
f 36/872/715 13/870/713 33/867/710
f 33/867/710 26/871/714 36/872/715
f 1374/873/716 1212/874/717 1509/875/718
f 1555/876/719 1374/873/716 1509/875/718
f 1555/876/719 1573/877/720 1374/873/716
f 1554/878/721 1555/876/719 1509/875/718
f 1605/879/722 1555/876/719 1554/878/721
f 1554/878/721 1594/880/723 1605/879/722
f 1605/879/722 1594/880/723 1610/881/724
f 1594/880/723 1609/882/553 1610/881/724
f 413/883/120 494/884/117 557/885/725
f 769/886/129 557/885/725 494/884/117
f 480/887/726 413/883/120 557/885/725
f 524/888/184 557/885/725 769/886/129
f 494/884/117 567/889/125 769/886/129
f 557/885/725 524/888/184 480/887/726
f 480/887/726 363/890/159 413/883/120
f 567/889/125 494/884/117 515/891/119
f 480/887/726 524/888/184 483/892/173
f 386/893/164 363/890/159 480/887/726
f 483/892/173 386/893/164 480/887/726
f 691/894/727 754/895/319 660/896/728
f 767/897/729 754/895/319 691/894/727
f 660/896/728 754/895/319 646/898/312
f 650/899/730 691/894/727 660/896/728
f 767/897/729 868/900/325 754/895/319
f 660/896/728 646/898/312 666/901/277
f 660/896/728 644/902/274 650/899/730
f 660/896/728 666/901/277 644/902/274
f 650/899/730 644/902/274 546/903/276
f 1079/904/511 1023/905/731 1073/906/512
f 1079/904/511 1204/907/696 1023/905/731
f 1073/906/512 1023/905/731 982/908/513
f 1021/909/694 1023/905/731 1204/907/696
f 1023/905/731 855/910/732 982/908/513
f 1081/911/507 1073/906/512 982/908/513
f 855/910/732 1023/905/731 1021/909/694
f 1021/909/694 841/912/307 855/910/732
f 841/912/307 744/913/305 855/910/732
f 111/914/417 83/915/733 146/916/178
f 111/914/417 92/917/410 83/915/733
f 111/914/417 146/916/178 224/918/181
f 111/914/417 224/918/181 164/919/734
f 242/920/284 164/919/734 224/918/181
f 43/921/735 41/922/294 146/923/178
f 41/922/294 43/921/735 22/924/286
f 83/925/733 43/921/735 146/923/178
f 43/921/735 42/926/427 22/924/286
f 43/921/735 83/925/733 42/926/427
f 92/927/410 42/926/427 83/925/733
f 917/928/322 920/929/324 966/930/508
f 991/931/736 966/930/508 920/929/324
f 966/930/508 991/931/736 1170/932/502
f 1341/933/500 1170/932/502 991/931/736
f 1341/933/500 991/931/736 1193/934/737
f 1341/933/500 1193/934/737 1317/935/658
f 1448/936/509 1341/933/500 1317/935/658
f 1448/936/509 1317/935/658 1549/937/517
f 1579/938/738 1553/939/739 1643/940/664
f 1553/939/739 1579/938/738 1524/941/740
f 1579/938/738 1643/940/664 1642/942/741
f 1524/941/742 1461/943/743 1553/939/744
f 1562/944/745 1524/941/740 1579/938/738
f 1642/942/741 1643/940/664 1688/945/663
f 1570/946/746 1579/938/738 1642/942/741
f 1524/941/742 1449/947/747 1461/943/743
f 1570/946/746 1562/944/745 1579/938/738
f 1642/942/741 1688/945/663 1687/948/748
f 1690/949/749 1642/942/741 1687/948/748
f 1707/950/750 1687/948/748 1688/945/663
f 1690/949/749 1687/948/748 1705/951/662
f 1705/951/662 1687/948/748 1707/950/750
f 1705/951/751 1707/950/752 1710/952/753
f 1265/953/754 1468/954/140 1275/955/143
f 1275/955/143 1163/956/755 1265/953/754
f 1275/955/143 1153/957/360 1163/956/755
f 1163/956/755 1153/957/360 1100/958/756
f 1100/958/756 1153/957/360 967/959/757
f 1133/960/758 989/961/759 1095/962/549
f 1133/960/758 1029/963/760 989/961/759
f 1133/960/758 1095/962/549 1298/964/761
f 1064/965/762 1029/963/760 1133/960/758
f 1298/964/761 1095/962/549 1306/966/548
f 1298/964/761 1263/967/763 1133/960/758
f 1064/965/762 1018/968/764 1029/963/760
f 1174/969/765 1064/965/762 1133/960/758
f 1133/960/758 1263/967/763 1174/969/765
f 1263/967/763 1298/964/761 1415/970/766
f 1064/965/762 1174/969/765 1018/968/764
f 266/971/767 194/972/768 136/973/469
f 194/972/768 266/971/767 454/974/587
f 162/975/438 136/973/469 194/972/768
f 136/973/469 177/976/466 266/971/767
f 388/977/769 194/972/768 454/974/587
f 270/978/692 162/975/438 194/972/768
f 315/979/770 194/972/768 388/977/769
f 418/980/584 388/977/769 454/974/587
f 274/981/771 270/978/692 194/972/768
f 270/978/692 217/982/440 162/975/438
f 274/981/771 194/972/768 315/979/770
f 418/980/584 315/979/770 388/977/769
f 315/979/770 354/983/586 274/981/771
f 354/983/586 315/979/770 418/980/584
f 6/984/772 15/985/773 13/986/713
f 6/984/772 12/987/408 15/985/773
f 14/988/546 12/987/408 6/984/772
f 12/987/408 19/989/774 15/985/773
f 15/985/773 19/989/774 26/990/714
f 12/987/408 34/991/407 19/989/774
f 26/990/714 55/992/708 15/985/773
f 1616/993/775 1588/994/776 1606/995/557
f 1588/994/776 1616/993/775 1600/996/777
f 1606/995/557 1598/997/778 1616/993/775
f 1600/996/777 1571/998/779 1588/994/776
f 1616/993/775 1623/999/552 1600/996/777
f 1616/993/775 1598/997/778 1612/1000/780
f 1588/994/776 1571/998/779 1534/1001/234
f 1625/1002/781 1623/999/552 1616/993/775
f 1598/997/778 1557/1003/782 1612/1000/780
f 1616/993/775 1612/1000/780 1625/1002/781
f 1557/1003/782 1550/1004/783 1612/1000/780
f 1765/1005/614 1766/1006/784 1772/1007/785
f 1766/1006/784 1779/1008/786 1772/1007/785
f 1778/1009/617 1772/1007/785 1779/1008/786
f 1778/1009/617 1779/1008/786 1783/1010/620
f 1779/1008/786 1777/1011/787 1783/1010/620
f 1777/1011/787 1776/1012/626 1783/1010/620
f 1776/1012/626 1777/1011/787 1773/1013/788
f 1659/1014/789 1639/1015/790 1653/1016/791
f 1639/1015/790 1659/1014/789 1627/1017/792
f 1659/1014/793 1614/1018/794 1627/1017/795
f 1604/1019/796 1614/1018/794 1659/1014/793
f 1597/1020/797 1627/1017/795 1614/1018/794
f 1604/1019/796 1597/1020/797 1614/1018/794
f 1604/1019/796 1515/1021/798 1597/1020/797
f 1597/1020/797 1515/1021/798 1569/1022/799
f 1604/1019/796 1559/1023/800 1515/1021/798
f 1569/1022/799 1515/1021/798 1485/1024/801
f 1510/1025/802 1515/1021/798 1559/1023/800
f 1485/1024/801 1515/1021/798 1457/1026/803
f 1457/1026/803 1515/1021/798 1510/1025/802
f 687/1027/385 681/1028/394 656/1029/804
f 665/1030/805 656/1029/804 681/1028/394
f 687/1027/385 656/1029/804 641/1031/381
f 694/1032/391 665/1030/805 681/1028/394
f 656/1029/804 665/1030/805 638/1033/806
f 641/1031/381 656/1029/804 638/1033/806
f 665/1030/805 694/1032/391 930/1034/574
f 638/1033/806 665/1030/805 592/1035/348
f 671/1036/807 592/1035/348 665/1030/805
f 671/1036/807 728/1037/678 592/1035/348
f 299/1038/684 284/1039/688 365/1040/808
f 284/1039/688 305/1041/691 365/1040/808
f 409/1042/366 299/1038/684 365/1040/808
f 365/1040/808 305/1041/691 357/1043/809
f 409/1042/366 329/1044/687 299/1038/684
f 434/1045/810 409/1042/366 365/1040/808
f 357/1043/809 472/1046/811 365/1040/808
f 372/1047/812 329/1044/687 409/1042/366
f 409/1042/366 434/1045/810 526/1048/367
f 365/1040/808 461/1049/813 434/1045/810
f 461/1049/813 365/1040/808 472/1046/811
f 372/1047/812 340/1050/689 329/1044/687
f 406/1051/814 372/1047/812 409/1042/366
f 434/1045/810 461/1049/813 526/1048/367
f 472/1046/811 526/1048/367 461/1049/813
f 406/1051/814 340/1050/689 372/1047/812
f 406/1051/814 409/1042/366 416/1052/378
f 340/1050/689 406/1051/814 330/1053/815
f 406/1051/814 416/1052/378 475/1054/375
f 330/1053/815 406/1051/814 392/1055/816
f 475/1054/375 419/1056/342 406/1051/814
f 419/1056/342 392/1055/816 406/1051/814
f 589/1057/192 522/1058/451 714/1059/817
f 618/1060/818 714/1059/817 522/1058/451
f 887/1061/819 589/1057/192 714/1059/817
f 922/1062/820 589/1057/192 887/1061/819
f 887/1061/819 714/1059/817 866/1063/821
f 777/1064/194 589/1057/192 922/1062/820
f 1009/1065/362 922/1062/820 887/1061/819
f 922/1062/820 942/1066/363 777/1064/194
f 1009/1065/362 942/1066/363 922/1062/820
f 890/1067/822 854/1068/823 734/1069/590
f 890/1067/822 989/1070/759 854/1068/823
f 738/1071/824 890/1067/822 734/1069/590
f 890/1067/822 974/1072/825 989/1070/759
f 890/1067/822 738/1071/824 884/1073/826
f 734/1069/590 605/1074/589 738/1071/824
f 890/1067/822 884/1073/826 974/1072/825
f 1095/1075/549 989/1070/759 974/1072/825
f 974/1072/825 884/1073/826 1095/1075/549
f 684/1076/827 697/1077/828 778/1078/829
f 697/1077/828 684/1076/827 639/1079/830
f 721/1080/680 778/1078/829 697/1077/828
f 684/1076/827 778/1078/829 795/1081/831
f 724/1082/673 697/1077/828 639/1079/830
f 721/1080/680 697/1077/828 724/1082/673
f 812/1083/681 778/1078/829 721/1080/680
f 794/1084/832 795/1081/831 778/1078/829
f 724/1082/673 639/1079/830 583/1085/668
f 812/1083/681 811/1086/833 778/1078/829
f 794/1084/832 778/1078/829 811/1086/833
f 811/1086/833 781/1087/834 794/1084/832
f 811/1086/833 845/1088/835 781/1087/834
f 845/1088/835 766/1089/836 781/1087/834
f 781/1087/834 766/1089/836 690/1090/837
f 1652/1091/838 1313/1092/839 1397/1093/840
f 1652/1091/838 1624/1094/841 1313/1092/839
f 1638/1095/842 1652/1091/838 1397/1093/840
f 1505/1096/843 1556/1097/844 1540/1098/845
f 1539/1099/846 1540/1098/845 1556/1097/844
f 1504/1100/847 1505/1096/843 1540/1098/845
f 1556/1097/844 1572/1101/848 1539/1099/846
f 1504/1100/847 1540/1098/845 1539/1099/846
f 1504/1100/847 1434/1102/849 1505/1096/843
f 1556/1097/844 1564/1103/850 1572/1101/848
f 1613/1104/851 1539/1099/846 1572/1101/848
f 1409/1105/647 1434/1102/849 1504/1100/847
f 1434/1102/849 1445/1106/852 1505/1096/843
f 1564/1103/850 1565/1107/853 1572/1101/848
f 1572/1101/848 1565/1107/853 1613/1104/851
f 1539/1099/846 1613/1104/851 1636/1108/854
f 1505/1096/843 1445/1106/852 1431/1109/855
f 1405/1110/856 1445/1106/852 1434/1102/849
f 1565/1107/853 1564/1103/850 1591/1111/857
f 1405/1110/856 1355/1112/858 1445/1106/852
f 1591/1111/857 1564/1103/850 1578/1113/859
f 1405/1110/856 1375/1114/860 1355/1112/858
f 1645/1115/861 1591/1111/857 1578/1113/859
f 1564/1103/850 1589/1116/862 1578/1113/859
f 1432/1117/863 1355/1112/858 1375/1114/860
f 1578/1113/859 1589/1116/862 1645/1115/861
f 1685/1118/864 1645/1115/861 1589/1116/862
f 1646/1119/865 1685/1118/864 1589/1116/862
f 1701/1120/866 1685/1118/864 1646/1119/865
f 1581/1121/867 1593/1122/868 1583/1123/869
f 1467/1124/870 1325/1125/358 1423/1126/606
f 1467/1124/870 1392/1127/359 1325/1125/358
f 1467/1124/870 1423/1126/606 1541/1128/607
f 1325/1125/358 1392/1127/359 1110/1129/356
f 1541/1128/607 1392/1127/359 1467/1124/870
f 1475/1130/871 1392/1127/359 1541/1128/607
f 1475/1130/871 1391/1131/872 1392/1127/359
f 1568/1132/146 1475/1130/871 1541/1128/607
f 1391/1131/872 1475/1130/871 1380/1133/103
f 1541/1128/607 1426/1134/147 1568/1132/146
f 361/1135/335 341/1136/873 311/1137/334
f 361/1135/335 431/1138/343 341/1136/873
f 341/1136/873 417/1139/874 311/1137/334
f 341/1136/873 431/1138/343 417/1139/874
f 311/1137/334 417/1139/874 408/1140/875
f 457/1141/876 417/1139/874 431/1138/343
f 408/1140/875 417/1139/874 457/1141/876
f 408/1140/875 457/1141/876 493/1142/877
f 1124/1143/878 1004/1144/879 1175/1145/880
f 1175/1145/880 1004/1144/879 1111/1146/881
f 1124/1143/878 1175/1145/880 1214/1147/882
f 1175/1145/880 1111/1146/881 1155/1148/883
f 1111/1146/881 1004/1144/879 1039/1149/884
f 1214/1147/882 1175/1145/880 1155/1148/883
f 1111/1146/881 1039/1149/884 1000/1150/885
f 1155/1148/883 1262/1151/886 1214/1147/882
f 1262/1151/886 1155/1148/883 1245/1152/887
f 1262/1151/886 1288/1153/888 1214/1147/882
f 1307/1154/889 1262/1151/886 1245/1152/887
f 1288/1153/888 1262/1151/886 1307/1154/889
f 1415/1155/766 1298/1156/761 1306/1157/548
f 1306/1157/548 1336/1158/550 1415/1155/766
f 1415/1155/766 1336/1158/550 1489/1159/890
f 1529/1160/891 1489/1159/890 1336/1158/550
f 137/1161/256 207/1162/257 232/1163/255
f 241/1164/892 232/1163/255 207/1162/257
f 252/1165/459 241/1164/892 207/1162/257
f 232/1163/255 241/1164/892 248/1166/893
f 252/1165/459 288/1167/456 241/1164/892
f 248/1166/893 241/1164/892 291/1168/894
f 248/1166/893 201/1169/351 232/1163/255
f 291/1168/894 241/1164/892 288/1167/456
f 300/1170/191 248/1166/893 291/1168/894
f 300/1170/191 201/1169/351 248/1166/893
f 362/1171/895 291/1168/894 288/1167/456
f 300/1170/191 291/1168/894 412/1172/186
f 412/1172/186 291/1168/894 362/1171/895
f 429/1173/189 362/1171/895 288/1167/456
f 429/1173/189 412/1172/186 362/1171/895
f 1042/1174/896 1045/1175/897 1059/1176/898
f 1045/1175/897 1042/1174/896 1043/1177/899
f 1031/1178/900 1043/1177/899 1042/1174/896
f 1083/1179/901 1043/1177/899 1031/1178/900
f 1083/1179/901 1096/1180/902 1043/1177/899
f 1082/1181/903 1043/1177/899 1096/1180/902
f 1096/1180/902 1083/1179/901 1137/1182/904
f 1248/1183/905 1082/1181/903 1096/1180/902
f 1248/1183/905 1096/1180/902 1137/1182/904
f 1248/1183/905 1137/1182/904 1225/1184/906
f 1248/1183/905 1225/1184/906 1299/1185/907
f 1299/1185/907 1300/1186/908 1248/1183/905
f 1300/1186/909 1299/1185/910 1345/1187/911
f 1345/1187/911 1299/1185/910 1361/1188/912
f 93/1189/913 117/1190/441 96/1191/419
f 93/1189/913 74/1192/467 117/1190/441
f 119/1193/436 96/1191/419 117/1190/441
f 93/1189/913 65/1194/414 74/1192/467
f 96/1191/419 119/1193/436 101/1195/433
f 96/1191/419 101/1195/433 48/1196/429
f 96/1191/419 48/1196/429 92/1197/410
f 9/1198/406 20/1199/914 4/1200/401
f 20/1199/914 9/1198/406 11/1201/545
f 20/1199/914 11/1201/545 17/1202/915
f 28/1203/916 17/1202/915 11/1201/545
f 20/1199/914 17/1202/915 27/1204/917
f 59/1205/918 17/1202/915 28/1203/916
f 20/1199/914 27/1204/917 39/1206/919
f 28/1203/916 51/1207/920 59/1205/918
f 76/1208/265 59/1205/918 51/1207/920
f 76/1208/265 77/1209/262 59/1205/918
f 122/1210/712 75/1211/707 131/1212/921
f 131/1212/921 75/1211/707 134/1213/922
f 131/1212/921 134/1213/922 122/1210/712
f 134/1213/922 75/1211/707 72/1214/711
f 155/1215/923 122/1210/712 134/1213/922
f 155/1215/923 134/1213/922 178/1216/924
f 178/1216/924 186/1217/925 155/1215/923
f 155/1215/923 186/1217/925 190/1218/926
f 186/1217/925 221/1219/927 190/1218/926
f 508/1220/279 602/1221/280 456/1222/928
f 1514/1223/929 1256/1224/930 1316/1225/702
f 1528/1226/931 1256/1224/930 1514/1223/929
f 1283/1227/932 1256/1224/930 1528/1226/931
f 1442/1228/933 1528/1226/931 1514/1223/929
f 1296/1229/551 1283/1227/932 1528/1226/931
f 1421/1230/934 1442/1228/933 1514/1223/929
f 1442/1228/933 1396/1231/935 1528/1226/931
f 1296/1229/551 1528/1226/931 1529/1232/891
f 1412/1233/525 1442/1228/933 1421/1230/934
f 1421/1230/934 1514/1223/929 1447/1234/936
f 1403/1235/937 1396/1231/935 1442/1228/933
f 1396/1231/935 1512/1236/938 1528/1226/931
f 1529/1232/891 1528/1226/931 1512/1236/938
f 1296/1229/551 1529/1232/891 1336/1237/550
f 1412/1233/525 1421/1230/934 1309/1238/520
f 1412/1233/525 1466/1239/527 1442/1228/933
f 1421/1230/934 1447/1234/936 1309/1238/520
f 1403/1235/937 1442/1228/933 1466/1239/527
f 1309/1238/520 1447/1234/936 1308/1240/701
f 588/1241/528 580/1242/278 601/1243/939
f 580/1242/278 619/1244/317 601/1243/939
f 601/1243/939 620/1245/531 588/1241/528
f 666/1246/277 619/1244/317 580/1242/278
f 601/1243/939 675/1247/536 620/1245/531
f 666/1246/277 646/1248/312 619/1244/317
f 536/1249/369 432/1250/940 518/1251/941
f 518/1251/941 432/1250/940 384/1252/942
f 518/1251/941 544/1253/588 536/1249/369
f 384/1252/942 397/1254/583 518/1251/941
f 518/1251/941 397/1254/583 544/1253/588
f 544/1253/588 595/1255/943 536/1249/369
f 595/1255/943 544/1253/588 669/1256/944
f 536/1249/369 595/1255/943 545/1257/371
f 689/1258/945 595/1255/943 669/1256/944
f 595/1255/943 629/1259/379 545/1257/371
f 689/1258/945 629/1259/379 595/1255/943
f 928/1260/946 689/1258/945 669/1256/944
f 837/1261/947 629/1259/379 689/1258/945
f 689/1258/945 928/1260/946 837/1261/947
f 902/1262/948 837/1261/947 928/1260/946
f 50/1263/949 59/1264/918 77/1265/262
f 17/1266/915 59/1264/918 50/1263/949
f 27/1267/917 17/1266/915 50/1263/949
f 1470/1268/950 1430/1269/951 1490/1270/952
f 1478/1271/953 1430/1269/951 1470/1268/950
f 1490/1270/952 1430/1269/951 1397/1272/840
f 1470/1268/950 1490/1270/952 1444/1273/954
f 1478/1271/953 1470/1268/950 1444/1273/954
f 1478/1271/953 1397/1272/840 1430/1269/951
f 1459/1274/955 1444/1273/954 1490/1270/952
f 1397/1272/840 1478/1271/953 1632/1275/956
f 1490/1270/952 1482/1276/957 1459/1274/955
f 1608/1277/958 1632/1275/956 1478/1271/953
f 1638/1278/842 1397/1272/840 1632/1275/956
f 1632/1275/956 1608/1277/958 1602/1279/959
f 1632/1275/956 1657/1280/960 1638/1278/842
f 1632/1275/956 1602/1279/959 1657/1280/960
f 200/1281/12 127/1282/4 84/1283/6
f 200/1281/12 84/1283/6 107/1284/246
f 673/1285/961 728/1286/678 816/1287/962
f 673/1285/961 628/1288/672 728/1286/678
f 816/1287/962 728/1286/678 886/1289/963
f 816/1287/962 768/1290/964 673/1285/961
f 628/1288/672 552/1291/669 728/1286/678
f 642/1292/674 628/1288/672 673/1285/961
f 674/1293/965 673/1285/961 768/1290/964
f 673/1285/961 674/1293/965 642/1292/674
f 702/1294/70 674/1293/965 768/1290/964
f 642/1292/674 674/1293/965 676/1295/69
f 759/1296/67 702/1294/70 768/1290/964
f 702/1294/70 676/1295/69 674/1293/965
f 676/1295/69 667/1297/966 642/1292/674
f 1727/1298/967 1754/1299/602 1742/1300/968
f 1742/1300/968 1754/1299/602 1751/1301/969
f 1742/1300/968 1719/1302/970 1727/1298/967
f 1751/1301/969 1729/1303/971 1742/1300/968
f 1758/1304/598 1751/1301/969 1754/1299/602
f 1742/1300/968 1700/1305/972 1719/1302/970
f 1718/1306/973 1729/1303/971 1751/1301/969
f 1742/1300/968 1729/1303/971 1718/1306/973
f 1758/1304/598 1744/1307/974 1751/1301/969
f 1742/1300/968 1703/1308/975 1700/1305/972
f 1751/1301/969 1731/1309/976 1718/1306/973
f 1703/1308/975 1742/1300/968 1718/1306/973
f 1758/1304/598 1750/1310/595 1744/1307/974
f 1721/1311/977 1747/1312/978 1739/1313/979
f 1747/1312/978 1753/1314/980 1739/1313/979
f 1753/1314/980 1726/1315/981 1739/1313/979
f 1739/1313/979 1726/1315/981 1743/1316/982
f 1756/1317/983 1743/1316/982 1726/1315/981
f 1743/1316/982 1756/1317/983 1757/1318/984
f 1756/1317/983 1755/1319/985 1757/1318/984
f 1757/1318/986 1756/1317/987 1762/1320/988
f 1757/1318/986 1762/1320/988 1761/1321/989
f 1768/1322/990 1761/1321/989 1762/1320/988
f 1769/1323/991 1761/1321/989 1768/1322/990
f 1776/1324/626 1769/1323/991 1768/1322/990
f 1776/1324/626 1773/1325/788 1769/1323/991
f 317/1326/17 331/1327/499 259/1328/13
f 331/1327/499 317/1326/17 401/1329/32
f 331/1327/499 401/1329/32 453/1330/992
f 401/1329/32 460/1331/26 453/1330/992
f 304/1332/497 331/1327/499 453/1330/992
f 453/1330/992 460/1331/26 553/1333/98
f 553/1333/98 460/1331/26 530/1334/31
f 690/1335/837 635/1336/993 692/1337/994
f 690/1335/837 607/1338/995 635/1336/993
f 645/1339/996 607/1338/995 690/1335/837
f 607/1338/995 504/1340/997 635/1336/993
f 707/1341/998 645/1339/996 690/1335/837
f 607/1338/995 645/1339/996 555/1342/999
f 504/1340/997 607/1338/995 492/1343/1000
f 581/1344/1001 555/1342/999 645/1339/996
f 607/1338/995 555/1342/999 519/1345/1002
f 519/1345/1002 492/1343/1000 607/1338/995
f 492/1343/1000 414/1346/1003 504/1340/997
f 519/1345/1002 476/1347/1004 492/1343/1000
f 516/1348/1005 389/1349/1006 495/1350/1007
f 495/1350/1007 389/1349/1006 366/1351/1008
f 251/1352/1009 366/1351/1008 389/1349/1006
f 504/1353/997 414/1354/1003 516/1355/1005
f 516/1355/1005 414/1354/1003 389/1356/1006
f 414/1354/1003 320/1357/1010 389/1356/1006
f 414/1354/1003 319/1358/1011 320/1357/1010
f 320/1357/1010 251/1359/1009 389/1356/1006
f 205/1360/1012 251/1359/1009 320/1357/1010
f 1662/1361/564 1654/1362/1013 1630/1363/558
f 1666/1364/1014 1654/1362/1013 1662/1361/564
f 1666/1364/1014 1662/1361/564 1650/1365/566
f 1666/1364/1014 1650/1365/566 1651/1366/1015
f 1650/1365/566 1629/1367/1016 1651/1366/1015
f 1651/1366/1015 1629/1367/1016 1617/1368/1017
f 1629/1367/1016 1590/1369/1018 1617/1368/1017
f 1617/1368/1017 1590/1369/1018 1558/1370/1019
f 1197/1371/1020 1124/1372/878 1214/1373/882
f 1197/1371/1020 1214/1373/882 1268/1374/1021
f 1288/1375/888 1268/1374/1021 1214/1373/882
f 1366/1376/1022 1268/1374/1021 1288/1375/888
f 1288/1375/888 1307/1377/889 1366/1376/1022
f 1343/1378/1023 1268/1374/1021 1366/1376/1022
f 1343/1378/1023 1366/1376/1022 1441/1379/1024
f 1781/1380/625 1780/1381/619 1782/1382/624
f 1781/1380/625 1775/1383/1025 1780/1381/619
f 1781/1380/625 1776/1384/626 1775/1383/1025
f 1775/1383/1025 1776/1384/626 1768/1385/990
f 1760/1386/1026 1775/1383/1025 1768/1385/990
f 1725/1387/610 1767/1388/609 1764/1389/1027
f 1770/1390/616 1764/1389/1027 1767/1388/609
f 1749/1391/1028 1725/1387/610 1764/1389/1027
f 1764/1389/1027 1770/1390/616 1766/1392/784
f 1749/1391/1028 1693/1393/618 1725/1387/610
f 1779/1394/786 1766/1392/784 1770/1390/616
f 1506/1395/144 1265/1396/754 1383/1397/1029
f 1506/1395/144 1468/1398/140 1265/1396/754
f 1416/1399/1030 1506/1395/144 1383/1397/1029
f 1414/1400/1031 1416/1399/1030 1383/1397/1029
f 1416/1399/1030 1563/1401/145 1506/1395/144
f 1383/1397/1029 1351/1402/1032 1414/1400/1031
f 1416/1399/1030 1414/1400/1031 1487/1403/1033
f 1487/1403/1033 1563/1401/145 1416/1399/1030
f 1414/1400/1031 1351/1402/1032 1370/1404/1034
f 1568/1405/146 1563/1401/145 1487/1403/1033
f 994/1406/1035 934/1407/700 1008/1408/1036
f 1414/1400/1031 1493/1409/1037 1464/1410/1038
f 1290/1411/1039 1337/1412/1040 1310/1413/1041
f 1337/1412/1040 1290/1411/1039 1404/1414/1042
f 1368/1415/1043 1310/1413/1041 1337/1412/1040
f 1297/1416/1044 1290/1411/1039 1310/1413/1041
f 1368/1415/1043 1337/1412/1040 1404/1414/1042
f 1404/1414/1042 1290/1411/1039 1489/1417/890
f 1368/1415/1043 1322/1418/1045 1310/1413/1041
f 1290/1411/1039 1297/1416/1044 1247/1419/1046
f 1310/1413/1041 1278/1420/1047 1297/1416/1044
f 1450/1421/1048 1368/1415/1043 1404/1414/1042
f 1489/1417/890 1290/1411/1039 1344/1422/1049
f 1404/1414/1042 1489/1417/890 1512/1423/938
f 1372/1424/1050 1322/1418/1045 1368/1415/1043
f 1278/1420/1047 1310/1413/1041 1322/1418/1045
f 1278/1420/1047 1247/1419/1046 1297/1416/1044
f 1450/1421/1048 1404/1414/1042 1403/1425/937
f 1489/1417/890 1344/1422/1049 1415/1426/766
f 1340/1427/1051 1344/1422/1049 1290/1411/1039
f 1512/1423/938 1396/1428/935 1404/1414/1042
f 1512/1423/938 1489/1417/890 1529/1429/891
f 1403/1425/937 1404/1414/1042 1396/1428/935
f 1344/1422/1049 1319/1430/1052 1415/1426/766
f 1344/1422/1049 1340/1427/1051 1295/1431/1053
f 1263/1432/763 1415/1426/766 1319/1430/1052
f 1295/1431/1053 1319/1430/1052 1344/1422/1049
f 221/1433/927 222/1434/1054 319/1435/1011
f 222/1434/1054 221/1433/927 186/1436/925
f 319/1435/1011 222/1434/1054 320/1437/1010
f 222/1434/1054 186/1436/925 205/1438/1012
f 222/1434/1054 205/1438/1012 320/1437/1010
f 186/1436/925 178/1439/924 205/1438/1012
f 193/1440/1055 205/1438/1012 178/1439/924
f 134/1441/922 193/1440/1055 178/1439/924
f 193/1440/1055 134/1441/922 138/1442/1056
f 138/1442/1056 134/1441/922 105/1443/709
f 1408/1444/1057 1338/1445/1058 1463/1446/1059
f 1463/1446/1059 1338/1445/1058 1313/1447/839
f 1452/1448/1060 1408/1444/1057 1463/1446/1059
f 1313/1447/839 1338/1445/1058 1192/1449/1061
f 1624/1450/841 1463/1446/1059 1313/1447/839
f 1624/1450/841 1546/1451/56 1463/1446/1059
f 1624/1450/841 1535/1452/57 1546/1451/56
f 192/1453/329 142/1454/337 89/1455/293
f 192/1453/329 89/1455/293 150/1456/435
f 340/1457/689 192/1453/329 150/1456/435
f 150/1456/435 89/1455/293 31/1458/288
f 330/1459/815 192/1453/329 340/1457/689
f 373/1460/333 192/1453/329 330/1459/815
f 373/1460/333 330/1459/815 392/1461/816
f 884/1462/826 895/1463/1062 1095/1464/549
f 895/1463/1062 884/1462/826 738/1465/824
f 895/1463/1062 1032/1466/547 1095/1464/549
f 25/1467/706 29/1468/1063 75/1469/707
f 15/1470/773 29/1468/1063 25/1467/706
f 75/1469/707 29/1468/1063 55/1471/708
f 29/1468/1063 15/1470/773 55/1471/708
f 13/1472/713 15/1470/773 25/1467/706
f 72/1473/711 75/1469/707 55/1471/708
f 1595/1474/659 1494/1475/1064 1497/1476/1065
f 1595/1474/659 1497/1476/1065 1577/1477/1066
f 1577/1477/1066 1592/1478/522 1595/1474/659
f 1592/1478/522 1596/1479/1067 1595/1474/659
f 1595/1474/659 1596/1479/1067 1587/1480/521
f 1592/1478/522 1586/1481/514 1596/1479/1067
f 1587/1480/521 1596/1479/1067 1586/1481/514
f 970/1482/1068 939/1483/1069 935/1484/1070
f 939/1483/1069 970/1482/1068 986/1485/1071
f 939/1483/1069 881/1486/1072 935/1484/1070
f 986/1485/1071 924/1487/1073 939/1483/1069
f 881/1486/1072 918/1488/1074 935/1484/1070
f 986/1485/1071 947/1489/1075 924/1487/1073
f 947/1489/1075 986/1485/1071 1026/1490/1076
f 947/1489/1075 907/1491/1077 924/1487/1073
f 897/1492/310 855/1493/732 744/1494/305
f 982/1495/513 855/1493/732 897/1492/310
f 897/1492/310 917/1496/322 982/1495/513
f 966/1497/508 982/1495/513 917/1496/322
f 917/1496/322 897/1492/310 862/1498/313
f 1132/1499/1078 1103/1500/1079 1059/1501/898
f 1136/1502/1080 1103/1500/1079 1132/1499/1078
f 1132/1499/1078 1059/1501/898 1078/1503/1081
f 1045/1504/897 1078/1503/1081 1059/1501/898
f 1089/1505/1082 1078/1503/1081 1045/1504/897
f 1045/1504/897 1043/1506/899 1089/1505/1082
f 1078/1503/1081 1089/1505/1082 1031/1507/900
f 1082/1508/903 1089/1505/1082 1043/1506/899
f 514/1509/1083 431/1510/343 479/1511/671
f 457/1512/876 431/1510/343 514/1509/1083
f 479/1511/671 569/1513/666 514/1509/1083
f 514/1509/1083 493/1514/877 457/1512/876
f 493/1514/877 514/1509/1083 569/1513/666
f 66/1515/1084 56/1516/290 57/1517/291
f 56/1516/290 66/1515/1084 49/1518/405
f 56/1516/290 49/1518/405 37/1519/404
f 49/1518/405 66/1515/1084 125/1520/341
f 876/1521/1085 789/1522/1086 883/1523/87
f 876/1521/1085 738/1524/824 789/1522/1086
f 883/1523/87 789/1522/1086 810/1525/85
f 883/1523/87 1015/1526/97 876/1521/1085
f 738/1524/824 876/1521/1085 895/1527/1062
f 789/1522/1086 750/1528/1087 810/1525/85
f 1015/1526/97 1032/1529/547 876/1521/1085
f 1032/1529/547 895/1527/1062 876/1521/1085
f 750/1528/1087 789/1522/1086 710/1530/1088
f 30/1531/1089 52/1532/152 21/1533/403
f 35/1534/1090 52/1532/152 30/1531/1089
f 30/1531/1089 21/1533/403 10/1535/402
f 52/1532/152 35/1534/1090 64/1536/150
f 30/1531/1089 10/1535/402 35/1534/1090
f 64/1536/150 35/1534/1090 4/1537/401
f 10/1535/402 4/1537/401 35/1534/1090
f 20/1538/914 64/1536/150 4/1537/401
f 1619/1539/1091 1493/1540/1037 1620/1541/1092
f 1544/1542/1093 1493/1540/1037 1619/1539/1091
f 1663/1543/1094 1619/1539/1091 1620/1541/1092
f 1626/1544/1095 1544/1542/1093 1619/1539/1091
f 1663/1543/1094 1681/1545/603 1619/1539/1091
f 1689/1546/1096 1663/1543/1094 1620/1541/1092
f 1619/1539/1091 1681/1545/603 1626/1544/1095
f 1681/1545/603 1663/1543/1094 1702/1547/599
f 1702/1547/599 1663/1543/1094 1689/1546/1096
f 1702/1547/599 1689/1546/1096 1709/1548/604
f 544/1549/588 734/1550/590 669/1551/944
f 669/1551/944 734/1550/590 854/1552/823
f 669/1551/944 854/1552/823 928/1553/946
f 928/1553/946 854/1552/823 989/1554/759
f 1029/1555/760 928/1553/946 989/1554/759
f 1221/1556/516 1308/1557/701 1204/1558/696
f 1309/1559/520 1308/1557/701 1221/1556/516
f 1221/1556/516 1204/1558/696 1079/1560/511
f 1507/1561/1097 1611/1562/1098 1649/1563/1099
f 1611/1562/1098 1507/1561/1097 1432/1564/863
f 1649/1563/1099 1611/1562/1098 1674/1565/1100
f 1676/1566/1101 1649/1563/1099 1674/1565/1100
f 1674/1565/1100 1670/1567/1102 1676/1566/1101
f 1694/1568/1103 1676/1566/1101 1670/1567/1102
f 1676/1566/1101 1694/1568/1103 1683/1569/1104
f 74/1570/467 88/1571/464 117/1572/441
f 88/1571/464 136/1573/469 117/1572/441
f 162/1574/438 117/1572/441 136/1573/469
f 1216/1575/135 1097/1576/137 1346/1577/141
f 1661/1578/1105 1617/1579/1017 1574/1580/1106
f 1661/1578/1105 1651/1581/1015 1617/1579/1017
f 1574/1580/1106 1617/1579/1017 1536/1582/1107
f 1661/1578/1105 1574/1580/1106 1637/1583/567
f 1536/1582/1107 1617/1579/1017 1558/1584/1019
f 1536/1582/1107 1522/1585/1108 1574/1580/1106
f 1667/1586/568 1661/1578/1105 1637/1583/567
f 861/1587/1109 1047/1588/1110 1091/1589/1111
f 1047/1588/1110 1106/1590/1112 1091/1589/1111
f 1063/1591/62 1091/1589/1111 1106/1590/1112
f 1482/1592/957 1532/1593/1113 1545/1594/1114
f 1532/1593/1113 1675/1595/1115 1545/1594/1114
f 1521/1596/1116 1482/1592/957 1545/1594/1114
f 1521/1596/1116 1545/1594/1114 1675/1595/1115
f 1675/1595/1115 1532/1593/1113 1682/1597/1117
f 1671/1598/1118 1521/1596/1116 1675/1595/1115
f 1621/1599/1119 1521/1596/1116 1671/1598/1118
f 853/1600/59 861/1601/1109 1091/1602/1111
f 850/1603/64 861/1601/1109 853/1600/59
f 1091/1602/1111 1063/1604/62 853/1600/59
f 773/1605/1120 861/1601/1109 850/1603/64
f 430/1606/1121 366/1607/1008 375/1608/1122
f 375/1608/1122 366/1607/1008 221/1609/927
f 430/1606/1121 375/1608/1122 476/1610/1004
f 375/1608/1122 221/1609/927 405/1611/1123
f 476/1610/1004 375/1608/1122 405/1611/1123
f 405/1611/1123 221/1609/927 319/1612/1011
f 476/1610/1004 405/1611/1123 492/1613/1000
f 405/1611/1123 319/1612/1011 414/1614/1003
f 414/1614/1003 492/1613/1000 405/1611/1123
f 32/1615/1124 34/1616/407 45/1617/1125
f 19/1618/774 34/1616/407 32/1615/1124
f 34/1616/407 38/1619/409 45/1617/1125
f 148/1620/444 45/1617/1125 38/1619/409
f 408/1621/875 277/1622/443 311/1623/334
f 408/1621/875 292/1624/445 277/1622/443
f 711/1625/93 668/1626/1126 652/1627/1127
f 685/1628/95 668/1626/1126 711/1625/93
f 652/1627/1127 603/1629/1128 711/1625/93
f 680/1630/1129 668/1626/1126 685/1628/95
f 553/1631/98 711/1625/93 603/1629/1128
f 605/1632/589 603/1629/1128 652/1627/1127
f 680/1630/1129 685/1628/95 710/1633/1088
f 652/1627/1127 738/1634/824 605/1632/589
f 750/1635/1087 710/1633/1088 685/1628/95
f 1532/1636/1113 1656/1637/1130 1682/1638/1117
f 1656/1637/1130 1532/1636/1113 1591/1639/857
f 1695/1640/1131 1682/1638/1117 1656/1637/1130
f 1656/1637/1130 1591/1639/857 1645/1641/861
f 1695/1640/1131 1656/1637/1130 1645/1641/861
f 1695/1640/1131 1645/1641/861 1685/1642/864
f 1695/1640/1131 1685/1642/864 1701/1643/866
f 1361/1644/912 1300/1645/909 1393/1646/1132
f 1300/1645/909 1345/1647/911 1393/1646/1132
f 1361/1644/912 1393/1646/1132 1427/1648/1133
f 1361/1644/912 1427/1648/1133 1465/1649/1134
f 1557/1650/782 1465/1649/1134 1427/1648/1133
f 1427/1648/1133 1551/1651/1135 1557/1650/782
f 1550/1652/783 1557/1650/782 1551/1651/1135
f 1558/1653/1019 1551/1651/1135 1427/1648/1133
f 1573/1654/720 1550/1652/783 1551/1651/1135
f 1551/1651/1135 1558/1653/1019 1590/1655/1018
f 1536/1656/1107 1558/1653/1019 1427/1648/1133
f 1551/1651/1135 1590/1655/1018 1573/1654/720
f 1034/1657/1136 1009/1658/362 887/1659/819
f 1009/1658/362 1034/1657/1136 1153/1660/360
f 1034/1657/1136 887/1659/819 967/1661/757
f 1034/1657/1136 967/1661/757 1153/1660/360
f 887/1659/819 866/1662/821 967/1661/757
f 472/1663/811 357/1664/809 384/1665/942
f 305/1666/691 384/1665/942 357/1664/809
f 432/1667/940 472/1663/811 384/1665/942
f 310/1668/1137 384/1665/942 305/1666/691
f 472/1663/811 432/1667/940 536/1669/369
f 354/1670/586 384/1665/942 310/1668/1137
f 526/1671/367 472/1663/811 536/1669/369
f 384/1665/942 354/1670/586 397/1672/583
f 310/1668/1137 274/1673/771 354/1670/586
f 310/1668/1137 270/1674/692 274/1673/771
f 699/1675/485 769/1676/129 682/1677/1138
f 647/1678/128 682/1677/1138 769/1676/129
f 699/1675/485 682/1677/1138 708/1679/486
f 647/1678/128 683/1680/130 682/1677/1138
f 708/1679/486 682/1677/1138 683/1680/130
f 708/1679/486 683/1680/130 809/1681/477
f 828/1682/479 708/1679/486 809/1681/477
f 126/1683/245 189/1684/1139 203/1685/1140
f 126/1683/245 203/1685/1140 132/1686/247
f 1657/1687/960 1652/1688/838 1638/1689/842
f 1647/1690/1141 1652/1688/838 1657/1687/960
f 1652/1688/838 1647/1690/1141 1655/1691/1142
f 1657/1687/960 1684/1692/1143 1647/1690/1141
f 1655/1691/1142 1647/1690/1141 1684/1692/1143
f 1684/1692/1143 1657/1687/960 1700/1693/972
f 1655/1691/1142 1684/1692/1143 1692/1694/1144
f 1703/1695/975 1684/1692/1143 1700/1693/972
f 1684/1692/1143 1703/1695/975 1692/1694/1144
f 1692/1694/1144 1703/1695/975 1718/1696/973
f 1066/1697/578 1141/1698/1145 1169/1699/1146
f 1169/1699/1146 1141/1698/1145 1164/1700/1147
f 1164/1700/1147 1141/1698/1145 1247/1701/1046
f 1241/1702/1148 1169/1699/1146 1164/1700/1147
f 1241/1702/1148 1164/1700/1147 1247/1701/1046
f 1192/1703/1061 1169/1699/1146 1241/1702/1148
f 1247/1701/1046 1278/1704/1047 1241/1702/1148
f 1241/1702/1148 1320/1705/1149 1192/1703/1061
f 1320/1705/1149 1241/1702/1148 1278/1704/1047
f 1399/1706/1150 1345/1707/911 1361/1708/912
f 1345/1707/911 1399/1706/1150 1536/1709/1107
f 1269/1710/1151 1399/1706/1150 1361/1708/912
f 1536/1709/1107 1393/1711/1132 1345/1707/911
f 1269/1710/1151 1239/1712/582 1399/1706/1150
f 1465/1713/1134 1269/1710/1151 1361/1708/912
f 1536/1709/1107 1427/1714/1133 1393/1711/1132
f 1269/1710/1151 1212/1715/717 1239/1712/582
f 1465/1713/1134 1212/1715/717 1269/1710/1151
f 1720/1716/1152 1728/1717/1153 1727/1718/967
f 1729/1719/1154 1728/1717/1153 1720/1716/1152
f 1727/1718/967 1728/1717/1153 1754/1720/602
f 1727/1718/967 1719/1721/970 1720/1716/1152
f 1720/1716/1152 1723/1722/1155 1729/1719/1154
f 1728/1717/1153 1745/1723/591 1754/1720/602
f 1723/1722/1155 1720/1716/1152 1718/1724/973
f 1730/1725/1156 1729/1719/1154 1723/1722/1155
f 1722/1726/1157 1723/1722/1155 1718/1724/973
f 1692/1727/1144 1718/1724/973 1720/1716/1152
f 1723/1722/1155 1722/1726/1157 1730/1725/1156
f 378/1728/268 174/1729/153 243/1730/1158
f 1554/1731/721 1465/1732/1134 1557/1733/782
f 1554/1731/721 1557/1733/782 1598/1734/778
f 1594/1735/723 1554/1731/721 1598/1734/778
f 1606/1736/557 1594/1735/723 1598/1734/778
f 1594/1735/723 1606/1736/557 1609/1737/553
f 1668/1738/1159 1679/1739/600 1686/1740/1160
f 1679/1739/600 1668/1738/1159 1681/1741/603
f 1679/1739/600 1711/1742/592 1686/1740/1160
f 1653/1743/791 1668/1738/1159 1686/1740/1160
f 1668/1738/1159 1664/1744/1161 1681/1741/603
f 1639/1745/790 1668/1738/1159 1653/1743/791
f 1681/1741/603 1664/1744/1161 1626/1746/1095
f 1752/1747/1162 1755/1748/985 1741/1749/1163
f 1741/1749/1163 1755/1748/985 1748/1750/1164
f 1741/1749/1163 1715/1751/1165 1752/1747/1162
f 1755/1748/985 1756/1752/983 1748/1750/1164
f 1741/1749/1163 1748/1750/1164 1696/1753/1166
f 1715/1751/1165 1741/1749/1163 1696/1753/1166
f 1748/1750/1164 1756/1752/983 1714/1754/1167
f 1748/1750/1164 1714/1754/1167 1732/1755/1168
f 1714/1754/1167 1694/1756/1169 1732/1755/1168
f 1714/1754/1167 1726/1757/981 1694/1756/1169
f 525/1758/124 471/1759/269 498/1760/270
f 517/1761/118 471/1759/269 525/1758/124
f 848/1762/1170 893/1763/1171 886/1764/963
f 889/1765/1172 893/1763/1171 848/1762/1170
f 886/1764/963 791/1766/1173 848/1762/1170
f 889/1765/1172 952/1767/1174 893/1763/1171
f 791/1766/1173 889/1765/1172 848/1762/1170
f 930/1768/574 952/1767/1174 889/1765/1172
f 671/1769/807 665/1770/805 791/1771/1173
f 791/1771/1173 665/1770/805 930/1772/574
f 671/1769/807 791/1771/1173 728/1773/678
f 728/1773/678 791/1771/1173 886/1774/963
f 427/1775/1175 408/1776/875 513/1777/1176
f 408/1776/875 493/1778/877 513/1777/1176
f 563/1779/1177 513/1777/1176 493/1778/877
f 569/1780/666 563/1779/1177 493/1778/877
f 1428/1781/1178 1536/1782/1107 1399/1783/1150
f 1522/1784/1108 1536/1782/1107 1428/1781/1178
f 1428/1781/1178 1399/1783/1150 1249/1785/1179
f 1451/1786/1180 1522/1784/1108 1428/1781/1178
f 1249/1785/1179 1399/1783/1150 1239/1787/582
f 1249/1785/1179 1271/1788/1181 1428/1781/1178
f 1428/1781/1178 1271/1788/1181 1451/1786/1180
f 641/1789/381 638/1790/806 500/1791/349
f 638/1790/806 592/1792/348 500/1791/349
f 185/1793/1182 161/1794/1183 133/1795/148
f 182/1796/1184 161/1794/1183 185/1793/1182
f 182/1796/1184 133/1795/148 161/1794/1183
f 185/1793/1182 133/1795/148 174/1797/153
f 206/1798/158 182/1796/1184 185/1793/1182
f 182/1796/1184 187/1799/156 133/1795/148
f 174/1797/153 206/1798/158 185/1793/1182
f 182/1796/1184 206/1798/158 187/1799/156
f 675/1800/536 659/1801/1185 742/1802/1186
f 742/1802/1186 659/1801/1185 661/1803/538
f 742/1802/1186 700/1804/541 675/1800/536
f 742/1802/1186 661/1803/538 772/1805/540
f 772/1805/540 661/1803/538 701/1806/537
f 1514/1807/929 1417/1808/1187 1447/1809/936
f 1514/1807/929 1316/1810/702 1417/1808/1187
f 1447/1809/936 1417/1808/1187 1308/1811/701
f 1316/1810/702 1308/1811/701 1417/1808/1187
f 812/1812/681 735/1813/677 763/1814/1188
f 851/1815/1189 812/1812/681 763/1814/1188
f 851/1815/1189 846/1816/1190 812/1812/681
f 1263/1817/763 1213/1818/1191 1174/1819/765
f 1319/1820/1052 1213/1818/1191 1263/1817/763
f 1213/1818/1191 1158/1821/1192 1174/1819/765
f 1295/1822/1053 1213/1818/1191 1319/1820/1052
f 1174/1819/765 1158/1821/1192 1018/1823/764
f 1213/1818/1191 1295/1822/1053 1158/1821/1192
f 1018/1823/764 1158/1821/1192 1000/1824/1193
f 1158/1821/1192 1295/1822/1053 1244/1825/1194
f 1158/1821/1192 1077/1826/1195 1000/1824/1193
f 1077/1826/1195 1158/1821/1192 1244/1825/1194
f 1601/1827/1196 1602/1828/959 1517/1829/1197
f 1601/1827/1196 1657/1830/960 1602/1828/959
f 1601/1827/1196 1517/1829/1197 1535/1831/57
f 1657/1830/960 1601/1827/1196 1628/1832/1198
f 1680/1833/1199 1657/1830/960 1628/1832/1198
f 1082/1834/903 1248/1835/905 1229/1836/1200
f 1229/1836/1200 1083/1837/901 1082/1834/903
f 1229/1836/1200 1252/1838/1201 1083/1837/901
f 1083/1837/901 1031/1839/900 1082/1834/903
f 1300/1840/908 1252/1838/1201 1229/1836/1200
f 1031/1839/900 1089/1841/1082 1082/1834/903
f 1299/1842/907 1252/1838/1201 1300/1840/908
f 135/1843/1202 64/1844/150 58/1845/1203
f 174/1846/153 64/1844/150 135/1843/1202
f 243/1847/1158 174/1846/153 135/1843/1202
f 1654/1848/1013 1666/1849/1014 1669/1850/1204
f 1669/1850/1204 1666/1849/1014 1672/1851/1205
f 1666/1849/1014 1651/1852/1015 1672/1851/1205
f 1661/1853/1105 1672/1851/1205 1651/1852/1015
f 1432/1854/863 1375/1855/860 1458/1856/1206
f 1375/1855/860 1387/1857/633 1458/1856/1206
f 1611/1858/1098 1432/1854/863 1458/1856/1206
f 1458/1856/1206 1387/1857/633 1481/1859/1207
f 1611/1858/1098 1458/1856/1206 1481/1859/1207
f 858/1860/1208 907/1861/1077 827/1862/1209
f 858/1860/1208 924/1863/1073 907/1861/1077
f 924/1863/1073 858/1860/1208 939/1864/1069
f 1132/1865/1078 1078/1866/1081 1046/1867/1210
f 1078/1866/1081 1031/1868/900 1046/1867/1210
f 58/1869/1203 64/1870/150 39/1871/919
f 39/1871/919 64/1870/150 20/1872/914
f 60/1873/295 78/1874/1211 73/1875/1212
f 60/1873/295 53/1876/292 78/1874/1211
f 79/1877/1213 73/1875/1212 78/1874/1211
f 79/1877/1213 60/1873/295 73/1875/1212
f 37/1878/404 79/1877/1213 78/1874/1211
f 1307/1879/889 1245/1880/887 1324/1881/1214
f 1425/1882/1215 1307/1879/889 1324/1881/1214
f 1366/1883/1022 1307/1879/889 1425/1882/1215
f 1366/1883/1022 1425/1882/1215 1527/1884/1216
f 1635/1885/1217 1565/1886/853 1547/1887/1218
f 1634/1888/1219 1565/1886/853 1635/1885/1217
f 1547/1887/1218 1565/1886/853 1537/1889/1220
f 1635/1885/1217 1547/1887/1218 1636/1890/854
f 1635/1885/1217 1693/1891/622 1634/1888/1219
f 1635/1885/1217 1636/1890/854 1677/1892/623
f 1693/1891/622 1635/1885/1217 1677/1892/623
f 391/1893/238 442/1894/44 467/1895/236
f 391/1893/238 415/1896/47 442/1894/44
f 1604/1897/796 1516/1898/1221 1559/1899/800
f 1456/1900/1222 1559/1899/800 1516/1898/1221
f 1510/1901/802 1559/1899/800 1456/1900/1222
f 1718/1902/973 1731/1903/976 1722/1904/1157
f 1722/1904/1157 1731/1903/976 1717/1905/1223
f 1712/1906/1224 1717/1905/1223 1731/1903/976
f 835/1907/1225 775/1908/1226 834/1909/1227
f 733/1910/1228 775/1908/1226 835/1907/1225
f 834/1909/1227 775/1908/1226 831/1911/1229
f 834/1909/1227 852/1912/1230 835/1907/1225
f 775/1908/1226 733/1910/1228 773/1913/1120
f 776/1914/1231 733/1910/1228 835/1907/1225
f 775/1908/1226 759/1915/67 831/1911/1229
f 834/1909/1227 831/1911/1229 801/1916/1232
f 852/1912/1230 834/1909/1227 801/1916/1232
f 759/1915/67 775/1908/1226 773/1913/1120
f 831/1911/1229 759/1915/67 768/1917/964
f 759/1915/67 773/1913/1120 850/1918/64
f 831/1911/1229 768/1917/964 816/1919/962
f 1400/1920/1233 1372/1921/1050 1368/1922/1043
f 1400/1920/1233 1314/1923/1234 1372/1921/1050
f 1450/1924/1048 1400/1920/1233 1368/1922/1043
f 1460/1925/1235 1314/1923/1234 1400/1920/1233
f 1320/1926/1149 1314/1923/1234 1460/1925/1235
f 1699/1927/1236 1675/1928/1115 1696/1929/1166
f 1671/1930/1118 1675/1928/1115 1699/1927/1236
f 1682/1931/1117 1696/1929/1166 1675/1928/1115
f 1708/1932/1237 1699/1927/1236 1696/1929/1166
f 1708/1932/1237 1696/1929/1166 1748/1933/1164
f 1748/1933/1164 1732/1934/1168 1708/1932/1237
f 580/1935/278 588/1936/528 539/1937/532
f 539/1937/532 528/1938/1238 580/1935/278
f 529/1939/534 528/1938/1238 539/1937/532
f 528/1938/1238 582/1940/1239 580/1935/278
f 582/1940/1239 572/1941/275 580/1935/278
f 528/1938/1238 527/1942/315 582/1940/1239
f 572/1941/275 582/1940/1239 600/1943/281
f 600/1943/281 582/1940/1239 527/1942/315
f 105/1944/709 122/1945/712 157/1946/1240
f 157/1946/1240 122/1945/712 155/1947/923
f 157/1946/1240 155/1947/923 191/1948/1241
f 155/1947/923 190/1949/926 191/1948/1241
f 1633/1950/1242 1600/1951/777 1654/1952/1013
f 1600/1951/777 1633/1950/1242 1622/1953/1243
f 1641/1954/563 1633/1950/1242 1654/1952/1013
f 1641/1954/563 1622/1953/1243 1633/1950/1242
f 1600/1951/777 1622/1953/1243 1571/1955/779
f 1641/1954/563 1654/1952/1013 1665/1956/561
f 1571/1955/779 1622/1953/1243 1576/1957/562
f 640/1958/1244 684/1959/827 715/1960/1245
f 639/1961/830 684/1959/827 640/1958/1244
f 684/1959/827 795/1962/831 715/1960/1245
f 715/1960/1245 663/1963/1246 640/1958/1244
f 639/1961/830 640/1958/1244 583/1964/668
f 663/1963/1246 569/1965/666 640/1958/1244
f 583/1964/668 640/1958/1244 569/1965/666
f 1658/1966/565 1665/1967/561 1678/1968/1247
f 1678/1968/1247 1665/1967/561 1669/1969/1204
f 1658/1966/565 1678/1968/1247 1667/1970/568
f 1654/1971/1013 1669/1969/1204 1665/1967/561
f 1669/1969/1204 1672/1972/1205 1678/1968/1247
f 1672/1972/1205 1667/1970/568 1678/1968/1247
f 1661/1973/1105 1667/1970/568 1672/1972/1205
f 900/1974/1248 886/1975/963 946/1976/1249
f 946/1976/1249 886/1975/963 985/1977/1250
f 900/1974/1248 946/1976/1249 918/1978/1074
f 985/1977/1250 886/1975/963 1051/1979/1251
f 985/1977/1250 948/1980/1252 946/1976/1249
f 918/1978/1074 946/1976/1249 948/1980/1252
f 985/1977/1250 1051/1979/1251 1041/1981/1253
f 244/1982/259 293/1983/263 337/1984/1254
f 1450/1985/1048 1466/1986/527 1474/1987/1255
f 1450/1985/1048 1403/1988/937 1466/1986/527
f 1480/1989/526 1474/1987/1255 1466/1986/527
f 1450/1985/1048 1474/1987/1255 1497/1990/1065
f 1480/1989/526 1584/1991/523 1474/1987/1255
f 1474/1987/1255 1577/1992/1066 1497/1990/1065
f 1474/1987/1255 1584/1991/523 1577/1992/1066
f 1577/1992/1066 1584/1991/523 1592/1993/522
f 1757/1994/984 1755/1995/985 1743/1996/982
f 1743/1996/982 1755/1995/985 1752/1997/1162
f 1743/1996/982 1752/1997/1162 1732/1998/1168
f 1735/1999/1256 1732/1998/1168 1752/1997/1162
f 1732/1998/1168 1698/2000/1257 1743/1996/982
f 1735/1999/1256 1708/2001/1237 1732/1998/1168
f 1694/2002/1169 1698/2000/1257 1732/1998/1168
f 1698/2000/1257 1716/2003/1258 1743/1996/982
f 1735/1999/1256 1701/2004/866 1708/2001/1237
f 1698/2000/1259 1694/2002/1103 1670/2005/1102
f 1739/2006/979 1743/1996/982 1716/2003/1258
f 1716/2003/1258 1734/2007/1260 1739/2006/979
f 1631/2008/1261 1599/2009/1262 1604/2010/796
f 1631/2008/1261 1627/2011/795 1599/2009/1262
f 1599/2009/1262 1516/2012/1221 1604/2010/796
f 1627/2011/795 1597/2013/797 1599/2009/1262
f 1599/2009/1262 1569/2014/799 1516/2012/1221
f 1569/2014/799 1599/2009/1262 1597/2013/797
f 1569/2014/799 1485/2015/801 1516/2012/1221
f 1456/2016/1222 1516/2012/1221 1485/2015/801
f 748/2017/1263 790/2018/1264 749/2019/1265
f 787/2020/1266 790/2018/1264 748/2017/1263
f 790/2018/1264 817/2021/1267 749/2019/1265
f 801/2022/1232 790/2018/1264 787/2020/1266
f 796/2023/1268 749/2019/1265 817/2021/1267
f 842/2024/1269 796/2023/1268 817/2021/1267
f 761/2025/1270 749/2019/1265 796/2023/1268
f 761/2025/1270 796/2023/1268 842/2024/1269
f 918/2026/1074 842/2024/1269 817/2021/1267
f 826/2027/1271 761/2025/1270 842/2024/1269
f 881/2028/1072 842/2024/1269 918/2026/1074
f 806/2029/1272 858/2030/1208 786/2031/1273
f 939/2032/1069 858/2030/1208 806/2029/1272
f 776/2033/1231 939/2032/1069 806/2029/1272
f 158/2034/420 106/2035/413 115/2036/421
f 1419/2037/505 1411/2038/515 1208/2039/503
f 886/2040/963 893/2041/1171 1051/2042/1251
f 1051/2042/1251 893/2041/1171 952/2043/1174
f 1006/2044/576 1054/2045/579 1104/2046/1274
f 1234/2047/1275 1104/2046/1274 1054/2045/579
f 1162/2048/1276 1006/2044/576 1104/2046/1274
f 1234/2047/1275 1054/2045/579 1212/2049/717
f 1234/2047/1275 1212/2049/717 1374/2050/716
f 197/2051/336 311/2052/334 125/2053/341
f 1534/2054/234 1496/2055/1277 1407/2056/233
f 1571/2057/779 1496/2055/1277 1534/2054/234
f 1576/2058/562 1496/2055/1277 1571/2057/779
f 1496/2055/1277 1576/2058/562 1520/2059/559
f 1520/2059/559 1441/2060/1024 1496/2055/1277
f 1313/2061/839 1326/2062/1278 1397/2063/840
f 1313/2061/839 1192/2064/1061 1326/2062/1278
f 1386/2065/1279 1397/2063/840 1326/2062/1278
f 1320/2066/1149 1326/2062/1278 1192/2064/1061
f 1433/2067/1280 1397/2063/840 1386/2065/1279
f 1386/2065/1279 1326/2062/1278 1456/2068/1222
f 1456/2068/1222 1326/2062/1278 1320/2066/1149
f 1433/2067/1280 1490/2069/952 1397/2063/840
f 1433/2067/1280 1386/2065/1279 1456/2068/1222
f 1490/2069/952 1433/2067/1280 1482/2070/957
f 613/2071/1281 612/2072/1282 578/2073/318
f 612/2072/1282 613/2071/1281 659/2074/1185
f 623/2075/314 578/2073/318 612/2072/1282
f 643/2076/1283 659/2074/1185 613/2071/1281
f 661/2077/538 659/2074/1185 643/2076/1283
f 643/2076/1283 613/2071/1281 579/2078/535
f 661/2077/538 643/2076/1283 597/2079/533
f 643/2076/1283 579/2078/535 597/2079/533
f 157/2080/1240 138/2081/1056 105/2082/709
f 1775/2083/1025 1769/2084/991 1773/2085/788
f 1777/2086/787 1775/2083/1025 1773/2085/788
f 1780/2087/619 1775/2083/1025 1777/2086/787
f 846/2088/1190 845/2089/835 811/2090/833
f 846/2088/1190 811/2090/833 812/2091/681
f 1695/2092/1131 1715/2093/1165 1696/2094/1166
f 1715/2093/1165 1695/2092/1131 1701/2095/866
f 1696/2094/1166 1682/2096/1117 1695/2092/1131
f 1715/2093/1165 1701/2095/866 1735/2097/1256
f 1752/2098/1162 1715/2093/1165 1735/2097/1256
f 1320/2099/1149 1460/2100/1235 1530/2101/1284
f 1565/2102/853 1530/2101/1284 1460/2100/1235
f 1532/2103/1113 1320/2099/1149 1530/2101/1284
f 1591/2104/857 1530/2101/1284 1565/2102/853
f 1532/2103/1113 1530/2101/1284 1591/2104/857
f 1728/2105/1153 1736/2106/1285 1745/2107/591
f 1736/2106/1285 1728/2105/1153 1730/2108/1156
f 1745/2107/591 1736/2106/1285 1711/2109/592
f 1730/2108/1156 1744/2110/974 1736/2106/1285
f 1744/2110/974 1730/2108/1156 1722/2111/1157
f 1744/2110/974 1722/2111/1157 1733/2112/601
f 1722/2111/1157 1717/2113/1223 1733/2112/601
f 177/2114/466 143/2115/463 275/2116/1286
f 275/2116/1286 295/2117/1287 177/2114/466
f 1287/2118/1288 1210/2119/704 1316/2120/702
f 1150/2121/1289 1210/2119/704 1287/2118/1288
f 1316/2120/702 1256/2122/930 1287/2118/1288
f 1287/2118/1288 1256/2122/930 1150/2121/1289
f 710/2123/1088 789/2124/1086 716/2125/1290
f 696/2126/1291 716/2125/1290 789/2124/1086
f 716/2125/1290 680/2127/1129 710/2123/1088
f 696/2126/1291 680/2127/1129 716/2125/1290
f 789/2124/1086 738/2128/824 696/2126/1291
f 668/2129/1126 680/2127/1129 696/2126/1291
f 738/2128/824 652/2130/1127 696/2126/1291
f 652/2130/1127 668/2129/1126 696/2126/1291
f 1169/2131/1146 1192/2132/1061 1194/2133/1292
f 1192/2132/1061 1188/2134/1293 1194/2133/1292
f 1194/2133/1292 1066/2135/578 1169/2131/1146
f 1194/2133/1292 1188/2134/1293 1166/2136/1294
f 1249/2137/1179 1066/2135/578 1194/2133/1292
f 1249/2137/1179 1194/2133/1292 1271/2138/1181
f 1271/2138/1181 1194/2133/1292 1196/2139/1295
f 124/2140/347 125/2141/341 66/2142/1084
f 125/2141/341 124/2140/347 140/2143/344
f 66/2142/1084 57/2144/291 124/2140/347
f 124/2140/347 57/2144/291 89/2145/293
f 423/2146/172 308/2147/1296 353/2148/163
f 345/2149/180 308/2147/1296 423/2146/172
f 308/2147/1296 345/2149/180 239/2150/166
f 308/2147/1296 239/2150/166 268/2151/160
f 308/2147/1296 268/2151/160 303/2152/171
f 1610/2153/724 1609/2154/553 1625/2155/781
f 1609/2154/553 1623/2156/552 1625/2155/781
f 1610/2153/724 1625/2155/781 1605/2157/722
f 1605/2157/722 1625/2155/781 1612/2158/780
f 769/2159/129 824/2160/1297 767/2161/729
f 767/2161/729 717/2162/1298 769/2159/129
f 769/2159/129 717/2162/1298 524/2163/184
f 592/2164/348 728/2165/678 489/2166/346
f 157/2167/1240 191/2168/1241 193/2169/1055
f 1494/2170/1064 1595/2171/659 1472/2172/660
f 1348/2173/1299 1355/2174/858 1413/2175/1300
f 1410/2176/1301 1413/2175/1300 1355/2174/858
f 1394/2177/1302 1348/2173/1299 1413/2175/1300
f 1488/2178/1303 1413/2175/1300 1410/2176/1301
f 1410/2176/1301 1355/2174/858 1432/2179/863
f 1507/2180/1097 1488/2178/1303 1410/2176/1301
f 1507/2180/1097 1410/2176/1301 1432/2179/863
f 1550/2181/783 1573/2182/720 1555/2183/719
f 1612/2184/780 1550/2181/783 1555/2183/719
f 1612/2184/780 1555/2183/719 1605/2185/722
f 1217/2186/1304 1197/2187/1020 1268/2188/1021
f 1217/2186/1304 1268/2188/1021 1343/2189/1023
f 1719/2190/970 1680/2191/1199 1655/2192/1142
f 1700/2193/972 1680/2191/1199 1719/2190/970
f 1692/2194/1144 1719/2190/970 1655/2192/1142
f 1720/2195/1152 1719/2190/970 1692/2194/1144
f 1659/2196/793 1627/2197/795 1631/2198/1261
f 1660/2199/1305 1627/2197/792 1659/2196/789
f 1689/2200/1096 1660/2199/1305 1659/2196/789
f 1689/2200/1096 1620/2201/1092 1660/2199/1305
f 1709/2202/604 1689/2200/1096 1659/2196/789
f 760/2203/198 575/2204/1306 534/2205/196
f 1284/2206/106 1076/2207/101 1380/2208/103
f 829/2209/387 931/2210/1307 815/2211/395
f 815/2211/395 931/2210/1307 904/2212/570
f 931/2210/1307 1005/2213/573 904/2212/570
f 805/2214/66 1028/2215/63 1038/2216/1308
f 1062/2217/68 1038/2216/1308 1028/2215/63
f 1038/2216/1308 785/2218/1309 805/2214/66
f 1653/2219/791 1686/2220/1160 1697/2221/1310
f 1712/2222/1224 1697/2221/1310 1686/2220/1160
f 1709/2223/604 1653/2219/791 1697/2221/1310
f 1712/2222/1224 1686/2220/1160 1711/2224/592
f 1712/2222/1224 1709/2223/604 1697/2221/1310
f 1659/2225/789 1653/2219/791 1709/2223/604
f 1717/2226/1223 1712/2222/1224 1711/2224/592
f 1724/2227/597 1717/2226/1223 1711/2224/592
f 1733/2228/601 1717/2226/1223 1724/2227/597
f 707/2229/998 793/2230/1311 692/2231/994
f 766/2232/836 793/2230/1311 707/2229/998
f 692/2231/994 621/2233/1312 707/2229/998
f 766/2232/836 707/2229/998 690/2234/837
f 707/2229/998 621/2233/1312 645/2235/996
f 578/2236/318 562/2237/321 613/2238/1281
f 579/2239/535 613/2238/1281 562/2237/321
f 562/2237/321 574/2240/529 579/2239/535
f 562/2237/321 543/2241/530 574/2240/529
f 543/2241/530 562/2237/321 529/2242/534
f 562/2237/321 527/2243/315 529/2242/534
f 528/2244/1238 529/2242/534 527/2243/315
f 883/2245/87 951/2246/1313 1015/2247/97
f 1580/2248/1314 1620/2249/1092 1538/2250/1315
f 1660/2251/1305 1620/2249/1092 1580/2248/1314
f 251/2252/1009 221/2253/927 366/2254/1008
f 190/2255/926 221/2253/927 251/2252/1009
f 1525/2256/1316 1413/2257/1300 1488/2258/1303
f 1488/2258/1303 1575/2259/1317 1525/2256/1316
f 1575/2259/1317 1488/2258/1303 1507/2260/1097
f 1575/2259/1317 1607/2261/1318 1525/2256/1316
f 1644/2262/1319 1575/2259/1317 1507/2260/1097
f 1607/2261/1318 1575/2259/1317 1640/2263/1320
f 1640/2263/1320 1575/2259/1317 1644/2262/1319
f 1649/2264/1099 1644/2262/1319 1507/2260/1097
f 1607/2261/1318 1640/2263/1320 1648/2265/1321
f 1683/2266/1104 1648/2265/1321 1640/2263/1320
f 1740/2267/1322 1744/2268/974 1733/2269/601
f 1744/2268/974 1740/2267/1322 1731/2270/976
f 1740/2267/1322 1733/2269/601 1737/2271/605
f 1731/2270/976 1751/2272/969 1744/2268/974
f 1731/2270/976 1740/2267/1322 1737/2271/605
f 220/2273/1323 143/2274/463 116/2275/468
f 1414/2276/1031 1370/2277/1034 1493/2278/1037
f 1493/2278/1037 1370/2277/1034 1538/2279/1315
f 1476/2280/1324 1538/2279/1315 1370/2277/1034
f 1769/2281/991 1775/2282/1025 1760/2283/1026
f 93/2284/913 109/2285/415 65/2286/414
f 96/2287/419 109/2285/415 93/2284/913
f 1111/2288/881 1000/2289/885 1155/2290/883
f 1224/2291/1325 1219/2292/1326 1247/2293/1046
f 1290/2294/1039 1247/2293/1046 1219/2292/1326
f 1340/2295/1051 1290/2294/1039 1219/2292/1326
f 1295/2296/1053 1340/2295/1051 1219/2292/1326
f 794/2297/832 781/2298/834 802/2299/1327
f 802/2299/1327 795/2300/831 794/2297/832
f 1544/2301/1093 1580/2302/1314 1476/2303/1324
f 1660/2304/1305 1580/2302/1314 1544/2301/1093
f 1660/2304/1305 1544/2301/1093 1626/2305/1095
f 1660/2304/1305 1626/2305/1095 1664/2306/1161
f 79/2307/1213 62/2308/297 60/2309/295
f 79/2307/1213 16/2310/299 62/2308/297
f 37/2311/404 16/2310/299 79/2307/1213
f 1709/2312/604 1712/2313/1224 1737/2314/605
f 1731/2315/976 1737/2314/605 1712/2313/1224
f 1252/2316/1201 1137/2317/904 1083/2318/901
f 1424/2319/1328 1508/2320/1329 1486/2321/1330
f 1487/2322/1033 1486/2321/1330 1508/2320/1329
f 1486/2321/1330 1464/2323/1038 1424/2319/1328
f 1486/2321/1330 1487/2322/1033 1453/2324/1331
f 1487/2322/1033 1508/2320/1329 1568/2325/146
f 1493/2326/1037 1424/2319/1328 1464/2323/1038
f 1486/2321/1330 1453/2324/1331 1464/2323/1038
f 1493/2326/1037 1455/2327/1332 1424/2319/1328
f 1544/2328/1093 1455/2327/1332 1493/2326/1037
f 1476/2329/1324 1455/2327/1332 1544/2328/1093
f 1394/2330/1302 1462/2331/1333 1461/2332/743
f 1413/2333/1300 1462/2331/1333 1394/2330/1302
f 1553/2334/744 1461/2332/743 1462/2331/1333
f 253/2335/1334 167/2336/204 302/2337/1335
f 302/2337/1335 167/2336/204 285/2338/199
f 757/2339/1336 781/2340/834 690/2341/837
f 757/2339/1336 802/2342/1327 781/2340/834
f 692/2343/994 757/2339/1336 690/2341/837
f 802/2342/1327 757/2339/1336 793/2344/1311
f 188/2345/1337 160/2346/683 247/2347/1338
f 116/2348/468 160/2346/683 188/2345/1337
f 1439/2349/629 1318/2350/1339 1342/2351/627
f 1318/2350/1339 1333/2352/1340 1342/2351/627
f 549/2353/121 610/2354/127 558/2355/123
f 1239/2356/582 1056/2357/580 1126/2358/1341
f 1056/2357/580 1066/2359/578 1126/2358/1341
f 1239/2356/582 1126/2358/1341 1249/2360/1179
f 1126/2358/1341 1066/2359/578 1249/2360/1179
f 1527/2361/1216 1425/2362/1215 1520/2363/559
f 1527/2361/1216 1520/2363/559 1533/2364/560
f 1533/2364/560 1588/2365/776 1527/2361/1216
f 1533/2364/560 1606/2366/557 1588/2365/776
f 1588/2365/776 1534/2367/234 1527/2361/1216
f 1409/2368/647 1501/2369/1342 1472/2370/660
f 1409/2368/647 1472/2370/660 1401/2371/638
f 1472/2370/660 1376/2372/1343 1401/2371/638
f 1438/2373/651 1376/2372/1343 1472/2370/660
f 1401/2371/638 1376/2372/1343 1418/2374/645
f 1289/2375/1344 1238/2376/1345 1347/2377/1346
f 1289/2375/1344 1145/2378/1347 1238/2376/1348
f 1347/2377/1349 1238/2376/231 1407/2379/233
f 1323/2380/230 1407/2379/233 1238/2376/231
f 1347/2377/1349 1407/2379/233 1496/2381/1277
f 1394/2382/1302 1461/2383/743 1449/2384/747
f 1377/2385/1350 1394/2382/1302 1449/2384/747
f 1394/2382/1302 1377/2385/1350 1348/2386/1299
f 1377/2385/1350 1449/2384/747 1422/2387/1351
f 1537/2388/1220 1472/2389/660 1501/2390/1342
f 1537/2388/1220 1501/2390/1342 1547/2391/1218
f 1547/2391/1218 1501/2390/1342 1539/2392/846
f 1539/2392/846 1501/2390/1342 1504/2393/847
f 1501/2390/1342 1409/2394/647 1504/2393/847
f 1744/2395/974 1750/2396/595 1736/2397/1285
f 1724/2398/597 1736/2397/1285 1750/2396/595
f 1031/2399/900 1042/2400/896 1046/2401/1210
f 189/2402/1139 149/2403/491 215/2404/1352
f 189/2402/1139 215/2404/1352 233/2405/1353
f 213/2406/1354 189/2402/1139 233/2405/1353
f 1145/2407/1347 1132/2408/1078 1046/2409/1210
f 1223/2410/1355 1132/2408/1078 1145/2407/1347
f 1492/2411/1356 1450/2412/1048 1497/2413/1065
f 1492/2411/1356 1400/2414/1233 1450/2412/1048
f 1494/2415/1064 1492/2411/1356 1497/2413/1065
f 1460/2416/1235 1400/2414/1233 1492/2411/1356
f 1494/2415/1064 1460/2416/1235 1492/2411/1356
f 371/2417/1357 292/2418/445 408/2419/875
f 408/2419/875 427/2420/1175 371/2417/1357
f 1380/2421/103 1392/2422/359 1391/2423/872
f 1392/2422/359 1380/2421/103 1285/2424/100
f 541/2425/1358 555/2426/999 581/2427/1001
f 555/2426/999 541/2425/1358 516/2428/1005
f 581/2427/1001 621/2429/1312 541/2425/1358
f 555/2426/999 516/2428/1005 495/2430/1007
f 495/2430/1007 519/2431/1002 555/2426/999
f 476/2432/1004 519/2431/1002 495/2430/1007
f 430/2433/1121 476/2432/1004 495/2430/1007
f 1618/2434/1359 1624/2435/841 1652/2436/838
f 1624/2435/841 1618/2434/1359 1535/2437/57
f 1655/2438/1142 1618/2434/1359 1652/2436/838
f 1601/2439/1196 1535/2437/57 1618/2434/1359
f 1628/2440/1198 1618/2434/1359 1655/2438/1142
f 1601/2439/1196 1618/2434/1359 1628/2440/1198
f 1680/2441/1199 1628/2440/1198 1655/2438/1142
f 266/2442/767 177/2443/466 295/2444/1287
f 107/2445/246 97/2446/248 110/2447/253
f 1380/2448/103 1475/2449/871 1350/2450/1360
f 1350/2450/1360 1370/2451/1034 1380/2448/103
f 1424/2452/1328 1370/2451/1034 1350/2450/1360
f 1451/2453/1180 1271/2454/1181 1273/2455/1361
f 78/2456/1211 53/2457/292 56/2458/290
f 56/2458/290 37/2459/404 78/2456/1211
f 1518/2460/1362 1556/2461/844 1505/2462/843
f 1556/2461/844 1518/2460/1362 1523/2463/1363
f 1505/2462/843 1431/2464/855 1518/2460/1362
f 1556/2461/844 1523/2463/1363 1564/2465/850
f 1771/2466/611 1765/2467/614 1772/2468/785
f 1778/2469/617 1771/2466/611 1772/2468/785
f 303/2470/171 199/2471/175 345/2472/180
f 1328/2473/644 1246/2474/1364 1384/2475/635
f 621/2476/1312 692/2477/994 635/2478/993
f 621/2476/1312 635/2478/993 541/2479/1358
f 1124/2480/878 995/2481/1365 1004/2482/879
f 218/2483/1366 215/2484/1352 149/2485/491
f 218/2483/1366 149/2485/491 179/2486/492
f 845/2487/835 793/2488/1311 766/2489/836
f 793/2488/1311 845/2487/835 802/2490/1327
f 802/2490/1327 845/2487/835 851/2491/1189
f 845/2487/835 846/2492/1190 851/2491/1189
f 1465/2493/1134 1509/2494/718 1212/2495/717
f 1509/2494/718 1465/2493/1134 1554/2496/721
f 1355/2497/858 1363/2498/1367 1373/2499/1368
f 1355/2497/858 1362/2500/1369 1363/2498/1367
f 1355/2497/858 1373/2499/1368 1445/2501/852
f 1445/2501/852 1373/2499/1368 1431/2502/855
f 1373/2499/1368 1395/2503/1370 1431/2502/855
f 1613/2504/851 1634/2505/1219 1636/2506/854
f 1613/2504/851 1565/2507/853 1634/2505/1219
f 1636/2506/854 1634/2505/1219 1693/2508/622
f 1636/2506/854 1693/2508/622 1706/2509/621
f 1611/2510/1098 1648/2511/1321 1674/2512/1100
f 1481/2513/1207 1648/2511/1321 1611/2510/1098
f 126/2514/245 149/2515/491 189/2516/1139
f 827/2517/1209 786/2518/1273 858/2519/1208
f 1284/2520/106 1261/2521/111 1173/2522/104
f 176/2523/1371 225/2524/1372 255/2525/1373
f 951/2526/1313 913/2527/89 975/2528/94
f 913/2527/89 951/2526/1313 883/2529/87
f 975/2528/94 1015/2530/97 951/2526/1313
f 1539/2531/846 1636/2532/854 1547/2533/1218
f 255/2534/1373 175/2535/1374 176/2536/1371
f 1042/2537/896 1059/2538/898 1046/2539/1210
f 1046/2539/1210 1059/2538/898 1103/2540/1079
f 1046/2539/1210 1103/2540/1079 1145/2541/1347
f 1623/2542/552 1603/2543/554 1600/2544/777
f 1654/2545/1013 1600/2544/777 1603/2543/554
f 1654/2545/1013 1603/2543/554 1630/2546/558
f 1493/2547/1037 1538/2548/1315 1620/2549/1092
f 1710/2550/753 1734/2551/1260 1747/2552/978
f 1726/2553/981 1747/2552/978 1734/2551/1260
f 211/2554/1375 203/2555/1140 189/2556/1139
f 430/2557/1121 495/2558/1007 366/2559/1008
f 1320/2560/1149 1532/2561/1113 1456/2562/1222
f 1698/2563/1259 1683/2564/1104 1694/2565/1103
f 1289/2566/1344 1223/2567/1355 1145/2568/1347
f 1197/2569/1020 1155/2570/883 1124/2571/878
f 1197/2569/1020 1217/2570/1304 1155/2571/883
f 1155/2569/883 1000/2570/885 1124/2571/878
f 1245/2569/887 1155/2570/883 1217/2571/1304
f 1124/2569/878 1000/2570/885 995/2571/1365
f 1343/2569/1023 1245/2570/887 1217/2571/1304
f 1343/2569/1023 1324/2570/1214 1245/2571/887
f 1425/2569/1215 1324/2570/1214 1343/2571/1023
f 1425/2569/1215 1343/2570/1023 1520/2571/559
f 1343/2569/1023 1441/2570/1024 1520/2571/559
f 338/2569/1376 314/2570/1377 342/2571/1378
f 343/2569/1379 314/2570/1377 338/2571/1376
f 360/2569/1380 342/2570/1378 314/2571/1377
f 368/2569/1381 338/2570/1376 342/2571/1378
f 360/2569/1380 314/2570/1377 343/2571/1379
f 368/2569/1381 343/2570/1379 338/2571/1376
f 368/2569/1381 342/2570/1378 360/2571/1380
f 360/2569/1380 343/2570/1379 368/2571/1381
f 1075/2569/1382 1074/2570/1383 1086/2571/1384
f 1074/2569/1383 1075/2570/1382 1020/2571/1385
f 1086/2569/1384 1074/2570/1383 1055/2571/1386
f 1085/2569/1387 1075/2570/1382 1086/2571/1384
f 1020/2569/1385 1075/2570/1382 1085/2571/1387
f 1033/2569/1388 1074/2570/1383 1020/2571/1385
f 1074/2569/1383 1033/2570/1388 1055/2571/1386
f 1055/2569/1386 1020/2570/1385 1086/2571/1384
f 1085/2569/1387 1086/2570/1384 1020/2571/1385
f 1055/2569/1386 1033/2570/1388 1020/2571/1385
f 1238/2569/231 1347/2570/1349 1498/2571/232
f 1496/2569/1277 1498/2570/232 1347/2571/1349
f 1301/2569/1389 1272/2570/1390 1294/2571/1391
f 1303/2569/1392 1272/2570/1390 1301/2571/1389
f 1294/2569/1391 1272/2570/1390 1311/2571/1393
f 1331/2569/1394 1301/2570/1389 1294/2571/1391
f 1303/2569/1392 1301/2570/1389 1365/2571/1395
f 1272/2569/1390 1303/2570/1392 1329/2571/1396
f 1311/2569/1393 1272/2570/1390 1329/2571/1396
f 1311/2569/1393 1305/2570/1397 1294/2571/1391
f 1331/2569/1394 1294/2570/1391 1305/2571/1397
f 1388/2569/1398 1301/2570/1389 1331/2571/1394
f 1365/2569/1395 1329/2570/1396 1303/2571/1392
f 1388/2569/1398 1365/2570/1395 1301/2571/1389
f 1311/2569/1393 1329/2570/1396 1349/2571/1399
f 1376/2569/1343 1305/2570/1397 1311/2571/1393
f 1376/2569/1343 1331/2570/1394 1305/2571/1397
f 1388/2569/1400 1358/2570/1401 1331/2571/1402
f 1376/2569/1343 1388/2570/1398 1331/2571/1394
f 1376/2569/1343 1329/2570/1396 1365/2571/1395
f 1388/2569/1398 1376/2570/1343 1365/2571/1395
f 1436/2569/640 1349/2570/1399 1329/2571/1396
f 1349/2569/1399 1376/2570/1343 1311/2571/1393
f 1358/2569/1401 1388/2570/1400 1401/2571/1403
f 1438/2569/651 1329/2570/1396 1376/2571/1343
f 1438/2569/651 1436/2570/640 1329/2571/1396
f 1376/2569/1343 1349/2570/1399 1418/2571/645
f 840/2569/1404 873/2570/1405 885/2571/1406
f 840/2569/1404 764/2570/1407 873/2571/1405
f 873/2569/1405 914/2570/1408 885/2571/1406
f 945/2569/1409 840/2570/1404 885/2571/1406
f 945/2569/1409 764/2570/1407 840/2571/1404
f 751/2569/1410 873/2570/1405 764/2571/1407
f 914/2569/1408 873/2570/1405 872/2571/1411
f 953/2569/1412 885/2570/1406 914/2571/1408
f 945/2569/1409 885/2570/1406 963/2571/1413
f 945/2569/1409 762/2570/1414 764/2571/1407
f 873/2569/1405 865/2570/1415 872/2571/1411
f 912/2569/1416 914/2570/1408 872/2571/1411
f 996/2569/1417 885/2570/1406 953/2571/1412
f 914/2569/1408 996/2570/1417 953/2571/1412
f 996/2569/1417 963/2570/1413 885/2571/1406
f 993/2569/1418 945/2570/1409 963/2571/1413
f 720/2569/1419 764/2570/1407 762/2571/1414
f 945/2569/1409 829/2570/387 762/2571/1414
f 914/2569/1408 912/2570/1416 1068/2571/1420
f 996/2569/1417 914/2570/1408 1084/2571/1421
f 996/2569/1417 1113/2570/1422 963/2571/1413
f 993/2569/1418 963/2570/1413 1049/2571/1423
f 993/2569/1418 931/2570/1307 945/2571/1409
f 762/2569/1414 625/2570/383 720/2571/1419
f 945/2569/1409 931/2570/1307 829/2571/387
f 829/2569/387 625/2570/383 762/2571/1414
f 914/2569/1408 1068/2570/1420 1084/2571/1421
f 1068/2569/1420 912/2570/1416 1077/2571/1195
f 996/2569/1417 1084/2570/1421 1070/2571/1424
f 1113/2569/1422 996/2570/1417 1070/2571/1424
f 1115/2569/1425 963/2570/1413 1113/2571/1422
f 1115/2569/1425 1049/2570/1423 963/2571/1413
f 1049/2569/1423 1012/2570/1426 993/2571/1418
f 993/2569/1418 1012/2570/1426 931/2571/1307
f 720/2569/1419 625/2570/383 594/2571/376
f 1068/2569/1420 1203/2570/1427 1084/2571/1421
f 1203/2569/1427 1068/2570/1420 1077/2571/1195
f 912/2569/1416 1000/2570/1193 1077/2571/1195
f 1203/2569/1427 1070/2570/1424 1084/2571/1421
f 1113/2569/1422 1070/2570/1424 1160/2571/1428
f 1115/2569/1425 1113/2570/1422 1190/2571/1429
f 1049/2569/1423 1115/2570/1425 1157/2571/1430
f 1012/2569/1426 1049/2570/1423 1141/2571/1145
f 606/2569/1431 720/2570/1419 594/2571/376
f 1203/2569/1427 1077/2570/1195 1244/2571/1194
f 1000/2569/1193 912/2570/1416 903/2571/1432
f 1203/2569/1427 1154/2570/1433 1070/2571/1424
f 1113/2569/1422 1160/2570/1428 1189/2571/1434
f 1070/2569/1424 1154/2570/1433 1160/2571/1428
f 1190/2569/1429 1113/2570/1422 1189/2571/1434
f 1253/2569/1435 1115/2570/1425 1190/2571/1429
f 1157/2569/1430 1115/2570/1425 1253/2571/1435
f 1135/2569/1436 1049/2570/1423 1157/2571/1430
f 1141/2569/1145 1066/2570/578 1012/2571/1426
f 1141/2569/1145 1049/2570/1423 1112/2571/1437
f 720/2569/1419 606/2570/1431 860/2571/1438
f 606/2569/1431 594/2570/376 629/2571/379
f 1295/2569/1053 1203/2570/1427 1244/2571/1194
f 903/2569/1432 912/2570/1416 892/2571/1439
f 1000/2569/1193 903/2570/1432 925/2571/1440
f 1154/2569/1433 1203/2570/1427 1185/2571/1441
f 1189/2569/1434 1160/2570/1428 1253/2571/1435
f 1157/2569/1430 1160/2570/1428 1154/2571/1433
f 1190/2569/1429 1189/2570/1434 1254/2571/1442
f 1254/2569/1442 1253/2570/1435 1190/2571/1429
f 1253/2569/1435 1160/2570/1428 1157/2571/1430
f 1154/2569/1433 1135/2570/1436 1157/2571/1430
f 1012/2569/1426 1066/2570/578 1005/2571/573
f 860/2569/1438 606/2570/1431 800/2571/1443
f 751/2569/1410 720/2570/1419 860/2571/1438
f 606/2569/1431 629/2570/379 837/2571/947
f 1295/2569/1053 1219/2570/1326 1203/2571/1427
f 912/2569/1416 865/2570/1415 892/2571/1439
f 892/2569/1439 925/2570/1440 903/2571/1432
f 1185/2569/1441 1112/2570/1437 1154/2571/1433
f 1224/2569/1325 1185/2570/1441 1203/2571/1427
f 1254/2569/1442 1189/2570/1434 1253/2571/1435
f 1112/2569/1437 1135/2570/1436 1154/2571/1433
f 606/2569/1431 902/2570/948 800/2571/1443
f 865/2569/1415 751/2570/1410 860/2571/1438
f 837/2569/947 902/2570/948 606/2571/1431
f 1219/2569/1326 1224/2570/1325 1203/2571/1427
f 925/2569/1440 892/2570/1439 800/2571/1443
f 925/2569/1440 800/2570/1443 902/2571/948
f 859/2569/1444 936/2570/472 732/2571/1445
f 958/2569/488 859/2570/1444 880/2571/1446
f 880/2569/1446 969/2570/1447 961/2571/1448
f 958/2569/488 936/2570/472 859/2571/1444
f 936/2569/472 788/2570/480 732/2571/1445
f 788/2569/480 677/2570/1449 732/2571/1445
f 961/2569/1448 958/2570/488 880/2571/1446
f 1025/2569/489 961/2570/1448 969/2571/1447
f 936/2569/472 958/2570/488 1122/2571/473
f 788/2569/480 610/2570/127 677/2571/1449
f 1121/2569/487 1122/2570/473 958/2571/488
f 610/2569/127 591/2570/1450 677/2571/1449
f 609/2569/1451 651/2570/1452 591/2571/1450
f 1390/2569/652 1122/2570/473 1121/2571/487
f 609/2569/1451 591/2570/1450 560/2571/1453
f 559/2569/1454 560/2570/1453 591/2571/1450
f 560/2569/1453 559/2570/1454 549/2571/121
f 559/2569/1454 591/2570/1450 549/2571/121
f 111/2569/417 164/2570/734 115/2571/421
f 172/2569/1455 115/2570/421 164/2571/734
f 158/2569/420 115/2570/421 172/2571/1455
f 229/2569/1456 172/2570/1455 164/2571/734
f 208/2569/1457 158/2570/420 172/2571/1455
f 229/2569/1456 164/2570/734 242/2571/284
f 158/2569/420 208/2570/1457 214/2571/425
f 316/2569/283 229/2570/1456 242/2571/284
f 223/2569/448 214/2570/425 208/2571/1457
f 316/2569/283 267/2570/1458 229/2571/1456
f 236/2569/1459 214/2570/425 223/2571/448
f 223/2569/448 208/2570/1457 296/2571/1460
f 267/2569/1458 316/2570/283 306/2571/1461
f 250/2569/1462 229/2570/1456 267/2571/1458
f 236/2569/1459 159/2570/423 214/2571/425
f 223/2569/448 359/2570/447 236/2571/1459
f 208/2569/1457 269/2570/1463 296/2571/1460
f 223/2569/448 296/2570/1460 395/2571/1464
f 306/2569/1461 269/2570/1463 267/2571/1458
f 306/2569/1461 316/2570/283 364/2571/1465
f 267/2569/1458 261/2570/1466 250/2571/1462
f 208/2569/1457 229/2570/1456 250/2571/1462
f 159/2569/423 236/2570/1459 151/2571/211
f 236/2569/1459 359/2570/447 289/2571/209
f 208/2569/1457 250/2570/1462 269/2571/1463
f 306/2569/1461 296/2570/1460 269/2571/1463
f 395/2569/1464 404/2570/1467 223/2571/448
f 395/2569/1464 296/2570/1460 420/2571/1468
f 249/2569/1469 267/2570/1458 269/2571/1463
f 364/2569/1465 316/2570/283 421/2571/1470
f 364/2569/1465 296/2570/1460 306/2571/1461
f 249/2569/1469 261/2570/1466 267/2571/1458
f 269/2569/1463 250/2570/1462 261/2571/1466
f 151/2569/211 236/2570/1459 289/2571/209
f 404/2569/1467 395/2570/1464 346/2571/282
f 450/2569/1471 223/2570/448 404/2571/1467
f 364/2569/1465 420/2570/1468 296/2571/1460
f 421/2569/1470 395/2570/1464 420/2571/1468
f 269/2569/1463 281/2570/1472 249/2571/1473
f 249/2569/1473 280/2570/1474 269/2571/1463
f 269/2569/1463 261/2570/1466 249/2571/1469
f 395/2569/1464 421/2570/1470 316/2571/283
f 410/2569/1475 364/2570/1465 421/2571/1470
f 395/2569/1464 316/2570/283 346/2571/282
f 346/2569/282 456/2570/928 404/2571/1467
f 450/2569/1471 404/2570/1467 456/2571/928
f 385/2569/449 223/2570/448 450/2571/1471
f 420/2569/1468 364/2570/1465 410/2571/1475
f 443/2569/1476 421/2570/1470 420/2571/1468
f 286/2569/1477 281/2570/1472 269/2571/1463
f 280/2569/1474 249/2570/1473 281/2571/1472
f 269/2569/1463 280/2570/1474 287/2571/1478
f 473/2569/1479 410/2570/1475 421/2571/1470
f 456/2569/928 346/2570/282 508/2571/279
f 450/2569/1471 456/2570/928 444/2571/1480
f 444/2569/1480 385/2570/449 450/2571/1471
f 420/2569/1468 410/2570/1475 455/2571/1481
f 462/2569/1482 443/2570/1476 420/2571/1468
f 421/2569/1470 443/2570/1476 474/2571/1483
f 286/2569/1477 280/2570/1474 281/2571/1472
f 286/2569/1477 269/2570/1463 287/2571/1478
f 280/2569/1474 286/2570/1477 287/2571/1478
f 410/2569/1475 473/2570/1479 455/2571/1481
f 473/2569/1479 421/2570/1470 474/2571/1483
f 456/2569/928 523/2570/1484 444/2571/1480
f 523/2569/1484 385/2570/449 444/2571/1480
f 462/2569/1482 420/2570/1468 455/2571/1481
f 468/2569/1485 443/2570/1476 462/2571/1482
f 474/2569/1483 443/2570/1476 470/2571/1486
f 455/2569/1481 473/2570/1479 482/2571/1487
f 482/2569/1487 473/2570/1479 474/2571/1483
f 602/2569/280 523/2570/1484 456/2571/928
f 602/2569/280 385/2570/449 523/2571/1484
f 462/2569/1482 455/2570/1481 482/2571/1487
f 468/2569/1485 462/2570/1482 482/2571/1487
f 443/2569/1476 468/2570/1485 470/2571/1486
f 470/2569/1486 482/2570/1487 474/2571/1483
f 470/2569/1486 468/2570/1485 482/2571/1487
f 485/2569/1488 435/2570/458 447/2571/1489
f 485/2569/1488 463/2570/452 435/2571/458
f 485/2569/1488 447/2570/1489 538/2571/1490
f 512/2569/453 463/2570/452 485/2571/1488
f 402/2569/202 538/2570/1490 447/2571/1489
f 564/2569/1491 485/2570/1488 538/2571/1490
f 564/2569/1491 512/2570/453 485/2571/1488
f 538/2569/1490 402/2570/202 575/2571/1306
f 587/2569/1492 564/2570/1491 538/2571/1490
f 522/2569/451 512/2570/453 564/2571/1491
f 587/2569/1492 538/2570/1490 575/2571/1306
f 402/2569/202 534/2570/196 575/2571/1306
f 618/2569/818 564/2570/1491 587/2571/1492
f 522/2569/451 564/2570/1491 618/2571/818
f 587/2569/1492 575/2570/1306 670/2571/207
f 618/2569/818 587/2570/1492 714/2571/817
f 575/2569/1306 760/2570/198 670/2571/207
f 688/2569/1493 587/2570/1492 670/2571/207
f 714/2569/817 587/2570/1492 688/2571/1493
f 670/2569/207 726/2570/203 688/2571/1493
f 714/2569/817 688/2570/1493 866/2571/821
f 726/2569/203 821/2570/1494 688/2571/1493
f 821/2569/1494 866/2570/821 688/2571/1493
f 822/2569/1495 821/2570/1494 726/2571/203
f 933/2569/1496 866/2570/821 821/2571/1494
f 934/2569/700 822/2570/1495 726/2571/203
f 821/2569/1494 822/2570/1495 933/2571/1496
f 967/2569/757 866/2570/821 933/2571/1496
f 822/2569/1495 934/2570/700 933/2571/1496
f 934/2569/700 726/2570/203 905/2571/200
f 967/2569/757 933/2570/1496 994/2571/1035
f 994/2569/1035 933/2570/1496 934/2571/700
f 1100/2569/756 967/2570/757 994/2571/1035
f 1101/2569/1497 1100/2570/756 994/2571/1035
f 1100/2569/756 1101/2570/1497 1163/2571/755
f 994/2569/1035 1008/2570/1036 1101/2571/1497
f 1163/2569/755 1101/2570/1497 1098/2571/1498
f 1008/2569/1036 1098/2570/1498 1101/2571/1497
f 1163/2569/755 1098/2570/1498 1383/2571/1029
f 1022/2569/703 1098/2570/1498 1008/2571/1036
f 1163/2569/755 1383/2570/1029 1265/2571/754
f 1383/2569/1029 1098/2570/1498 1187/2571/1499
f 1108/2569/1500 1098/2570/1498 1022/2571/703
f 1022/2569/703 1008/2570/1036 934/2571/700
f 1159/2569/1501 1383/2570/1029 1187/2571/1499
f 1098/2569/1498 1127/2570/1502 1187/2571/1499
f 1127/2569/1502 1098/2570/1498 1108/2571/1500
f 1108/2569/1500 1022/2570/703 1210/2571/704
f 1383/2569/1029 1159/2570/1501 1351/2571/1032
f 1127/2569/1502 1108/2570/1500 1150/2571/1289
f 1210/2569/704 1150/2570/1289 1108/2571/1500
f 1351/2569/1032 1159/2570/1501 1261/2571/111
f 1150/2569/1289 1131/2570/1503 1127/2571/1502
f 1261/2569/111 1159/2570/1501 1257/2571/1504
f 1351/2569/1032 1261/2570/111 1312/2571/1505
f 1127/2569/1502 1131/2570/1503 1159/2571/1501
f 1150/2569/1289 1143/2570/1506 1131/2571/1503
f 1159/2569/1501 1177/2570/1507 1257/2571/1504
f 1370/2569/1034 1351/2570/1032 1312/2571/1505
f 1312/2569/1505 1261/2570/111 1370/2571/1034
f 1131/2569/1503 1177/2570/1507 1159/2571/1501
f 1143/2569/1506 1150/2570/1289 1256/2571/930
f 1186/2569/1508 1131/2570/1503 1143/2571/1506
f 1257/2569/1504 1177/2570/1507 1186/2571/1508
f 1261/2569/111 1284/2570/106 1370/2571/1034
f 1177/2569/1507 1131/2570/1503 1186/2571/1508
f 1283/2569/932 1143/2570/1506 1256/2571/930
f 1143/2569/1506 1283/2570/932 1186/2571/1508
f 1283/2569/932 1257/2570/1504 1186/2571/1508
f 160/2569/683 184/2570/682 240/2571/1509
f 240/2569/1509 184/2570/682 253/2571/1334
f 240/2569/1509 247/2570/1338 160/2571/683
f 240/2569/1509 253/2570/1334 273/2571/1510
f 184/2569/682 167/2570/204 253/2571/1334
f 240/2569/1509 219/2570/1511 247/2571/1338
f 273/2569/1510 272/2570/1512 240/2571/1509
f 219/2569/1511 228/2570/1513 247/2571/1338
f 240/2569/1509 238/2570/1514 219/2571/1511
f 272/2569/1512 237/2570/1515 240/2571/1509
f 302/2569/1335 272/2570/1512 273/2571/1510
f 258/2569/1516 228/2570/1513 219/2571/1511
f 247/2569/1338 228/2570/1513 262/2571/1517
f 240/2569/1509 237/2570/1515 238/2571/1514
f 238/2569/1514 257/2570/1518 219/2571/1511
f 235/2569/258 237/2570/1515 272/2571/1512
f 326/2569/1519 272/2570/1512 302/2571/1335
f 257/2569/1518 258/2570/1516 219/2571/1511
f 258/2569/1516 246/2570/1520 228/2571/1513
f 188/2569/1337 247/2570/1338 262/2571/1517
f 228/2569/1513 226/2570/1521 262/2571/1517
f 238/2569/1514 237/2570/1515 204/2571/1522
f 257/2569/1518 238/2570/1514 279/2571/1523
f 263/2569/462 235/2570/258 272/2571/1512
f 237/2569/1515 235/2570/258 204/2571/1522
f 263/2569/462 272/2570/1512 326/2571/1519
f 307/2569/1524 326/2570/1519 302/2571/1335
f 276/2569/1525 258/2570/1516 257/2571/1518
f 228/2569/1513 246/2570/1520 216/2571/1526
f 279/2569/1523 246/2570/1520 258/2571/1516
f 188/2569/1337 262/2570/1517 231/2571/1527
f 228/2569/1513 216/2570/1526 226/2571/1521
f 262/2569/1517 226/2570/1521 231/2571/1527
f 238/2569/1514 204/2570/1522 279/2571/1523
f 276/2569/1525 257/2570/1518 279/2571/1523
f 204/2569/1522 235/2570/258 170/2571/251
f 307/2569/1524 263/2570/462 326/2571/1519
f 302/2569/1335 352/2570/461 307/2571/1524
f 276/2569/1525 279/2570/1523 258/2571/1516
f 216/2569/1526 246/2570/1520 203/2571/1140
f 204/2569/1522 246/2570/1520 279/2571/1523
f 231/2569/1527 220/2570/1323 188/2571/1337
f 216/2569/1526 195/2570/1528 226/2571/1521
f 226/2569/1521 195/2570/1528 231/2571/1527
f 204/2569/1522 170/2570/251 246/2571/1520
f 301/2569/457 263/2570/462 307/2571/1524
f 352/2569/461 301/2570/457 307/2571/1524
f 352/2569/461 302/2570/1335 318/2571/206
f 246/2569/1520 195/2570/1529 203/2571/1140
f 256/2569/1530 216/2570/1526 203/2571/1140
f 230/2569/1531 220/2570/1323 231/2571/1527
f 116/2569/468 188/2570/1337 220/2571/1323
f 227/2569/1532 195/2570/1528 216/2571/1526
f 231/2569/1527 195/2570/1528 227/2571/1532
f 170/2569/251 195/2570/1529 246/2571/1520
f 352/2569/461 318/2570/206 383/2571/1533
f 227/2569/1532 216/2570/1526 256/2571/1530
f 203/2569/1140 245/2570/1534 256/2571/1530
f 230/2569/1531 231/2570/1527 227/2571/1532
f 220/2569/1323 230/2570/1531 233/2571/1353
f 170/2569/251 132/2570/247 195/2571/1529
f 352/2569/461 383/2570/1533 393/2571/1535
f 318/2569/206 402/2570/202 383/2571/1533
f 256/2569/1530 245/2570/1534 227/2571/1532
f 211/2569/1375 245/2570/1534 203/2571/1140
f 227/2569/1532 211/2570/1375 230/2571/1531
f 275/2569/1286 220/2570/1323 233/2571/1353
f 393/2569/1535 383/2570/1533 402/2571/202
f 352/2569/461 393/2570/1535 347/2571/460
f 245/2569/1534 211/2570/1375 227/2571/1532
f 230/2569/1531 211/2570/1375 213/2571/1354
f 275/2569/1286 143/2570/463 220/2571/1323
f 233/2569/1353 290/2570/1536 275/2571/1286
f 422/2569/455 347/2570/460 393/2571/1535
f 275/2569/1286 290/2570/1536 325/2571/1537
f 422/2569/455 393/2570/1535 435/2571/458
f 290/2569/1536 218/2570/1366 325/2571/1537
f 295/2569/1287 275/2570/1286 325/2571/1537
f 283/2569/1538 325/2570/1537 218/2571/1366
f 295/2569/1287 325/2570/1537 344/2571/1539
f 325/2569/1537 283/2570/1538 332/2571/1540
f 218/2569/1366 234/2570/498 283/2571/1538
f 411/2569/1541 295/2570/1287 344/2571/1539
f 344/2569/1539 325/2570/1537 332/2571/1540
f 334/2569/1542 332/2570/1540 283/2571/1538
f 283/2569/1538 234/2570/498 260/2571/495
f 218/2569/1366 179/2570/492 234/2571/498
f 266/2569/767 295/2570/1287 411/2571/1541
f 411/2569/1541 344/2570/1539 332/2571/1540
f 283/2569/1538 260/2570/495 334/2571/1542
f 332/2569/1540 334/2570/1542 400/2571/1543
f 266/2569/767 411/2570/1541 382/2571/1544
f 451/2569/1545 411/2570/1541 332/2571/1540
f 260/2569/495 304/2570/497 334/2571/1542
f 332/2569/1540 400/2570/1543 451/2571/1545
f 334/2569/1542 304/2570/497 400/2571/1543
f 382/2569/1544 411/2570/1541 459/2571/1546
f 454/2569/587 266/2570/767 382/2571/1544
f 451/2569/1545 459/2570/1546 411/2571/1541
f 451/2569/1545 400/2570/1543 477/2571/1547
f 453/2569/992 400/2570/1543 304/2571/497
f 382/2569/1544 459/2570/1546 568/2571/1548
f 568/2569/1548 454/2570/587 382/2571/1544
f 451/2569/1545 532/2570/1549 459/2571/1546
f 451/2569/1545 477/2570/1547 501/2571/1550
f 400/2569/1543 453/2570/992 477/2571/1547
f 532/2569/1549 568/2570/1548 459/2571/1546
f 454/2569/587 568/2570/1548 605/2571/589
f 501/2569/1550 477/2570/1547 511/2571/1551
f 511/2569/1551 477/2570/1547 453/2571/992
f 501/2569/1550 568/2570/1548 532/2571/1549
f 603/2569/1128 605/2570/589 568/2571/1548
f 553/2569/98 501/2570/1550 511/2571/1551
f 453/2569/992 553/2570/98 511/2571/1551
f 568/2569/1548 501/2570/1550 603/2571/1128
f 603/2569/1128 501/2570/1550 553/2571/98
f 792/2569/1552 833/2570/482 823/2571/1553
f 792/2569/1552 780/2570/1554 833/2571/482
f 839/2569/1555 823/2570/1553 833/2571/482
f 792/2569/1552 823/2570/1553 911/2571/1556
f 745/2569/484 780/2570/1554 792/2571/1552
f 828/2569/479 833/2570/482 780/2571/1554
f 839/2569/1555 911/2570/1556 823/2571/1553
f 839/2569/1555 833/2570/482 908/2571/475
f 824/2569/1297 792/2570/1552 911/2571/1556
f 745/2569/484 792/2570/1552 824/2571/1297
f 828/2569/479 780/2570/1554 745/2571/484
f 899/2569/1557 911/2570/1556 839/2571/1555
f 908/2569/475 899/2570/1557 839/2571/1555
f 911/2569/1556 871/2570/1558 824/2571/1297
f 745/2569/484 824/2570/1297 769/2571/129
f 911/2569/1556 899/2570/1557 921/2571/1559
f 921/2569/1559 899/2570/1557 908/2571/475
f 919/2569/1560 871/2570/1558 911/2571/1556
f 871/2569/1558 843/2570/1561 824/2571/1297
f 769/2569/129 699/2570/485 745/2571/484
f 919/2569/1560 911/2570/1556 921/2571/1559
f 908/2569/475 1027/2570/476 921/2571/1559
f 919/2569/1560 825/2570/1562 871/2571/1558
f 843/2569/1561 767/2570/729 824/2571/1297
f 825/2569/1562 843/2570/1561 871/2571/1558
f 919/2569/1560 921/2570/1559 1024/2571/478
f 921/2569/1559 1027/2570/476 965/2571/1563
f 863/2569/1564 825/2570/1562 919/2571/1560
f 868/2569/325 767/2570/729 843/2571/1561
f 954/2569/1565 843/2570/1561 825/2571/1562
f 1024/2569/478 980/2570/1566 919/2571/1560
f 1024/2569/478 921/2570/1559 965/2571/1563
f 1024/2569/478 965/2570/1563 1027/2571/476
f 774/2569/1567 825/2570/1562 863/2571/1564
f 856/2569/1568 863/2570/1564 919/2571/1560
f 843/2569/1561 991/2570/736 868/2571/325
f 843/2569/1561 954/2570/1565 991/2571/736
f 954/2569/1565 825/2570/1562 819/2571/1569
f 1114/2569/1570 980/2570/1566 1024/2571/478
f 932/2569/1571 919/2570/1560 980/2571/1566
f 774/2569/1567 784/2570/1572 825/2571/1562
f 774/2569/1567 863/2570/1564 819/2571/1569
f 863/2569/1564 856/2570/1568 869/2571/1573
f 919/2569/1560 879/2570/1574 856/2571/1568
f 991/2569/736 920/2570/324 868/2571/325
f 1193/2569/737 991/2570/736 954/2571/1565
f 825/2569/1562 770/2570/1575 819/2571/1569
f 863/2569/1564 954/2570/1565 819/2571/1569
f 944/2569/1576 980/2570/1566 1114/2571/1570
f 1114/2569/1570 1024/2570/478 1195/2571/483
f 932/2569/1571 910/2570/1577 919/2571/1560
f 944/2569/1576 932/2570/1571 980/2571/1566
f 784/2569/1572 774/2570/1567 743/2571/1578
f 784/2569/1572 770/2570/1575 825/2571/1562
f 774/2569/1567 819/2570/1569 755/2571/1579
f 832/2569/1580 856/2570/1581 869/2571/1582
f 879/2569/1574 869/2570/1573 856/2571/1568
f 944/2569/1576 863/2570/1564 869/2571/1573
f 919/2569/1560 910/2570/1577 879/2571/1574
f 954/2569/1565 944/2570/1576 1193/2571/737
f 819/2569/1569 770/2570/1575 729/2571/1583
f 944/2569/1576 954/2570/1565 863/2571/1564
f 1037/2569/1584 944/2570/1576 1114/2571/1570
f 1195/2569/483 1236/2570/1585 1114/2571/1570
f 888/2569/1586 910/2570/1577 932/2571/1571
f 932/2569/1571 944/2570/1576 888/2571/1586
f 784/2569/1572 743/2570/1578 747/2571/1587
f 743/2569/1578 774/2570/1567 755/2571/1579
f 784/2569/1572 747/2570/1587 770/2571/1575
f 819/2569/1569 718/2570/1588 755/2571/1579
f 879/2569/1574 910/2570/1577 869/2571/1573
f 888/2569/1586 944/2570/1576 869/2571/1573
f 1181/2569/1589 1193/2570/737 944/2571/1576
f 729/2569/1583 730/2570/1590 819/2571/1569
f 770/2569/1575 747/2570/1587 729/2571/1583
f 944/2569/1576 1037/2570/1584 1181/2571/1589
f 1114/2569/1570 1181/2570/1589 1037/2571/1584
f 1195/2569/483 1259/2570/1591 1236/2571/1585
f 1236/2569/1585 1181/2570/1589 1114/2571/1570
f 888/2569/1586 869/2570/1573 910/2571/1577
f 743/2569/1578 717/2570/1298 747/2571/1587
f 662/2569/1592 743/2570/1578 755/2571/1579
f 730/2569/1590 718/2570/1588 819/2571/1569
f 755/2569/1579 718/2570/1588 719/2571/1593
f 1317/2569/658 1193/2570/737 1181/2571/1589
f 729/2569/1583 706/2570/1594 730/2571/1590
f 731/2569/1595 729/2570/1583 747/2571/1587
f 1230/2569/1596 1259/2570/1591 1195/2571/483
f 1228/2569/1597 1236/2570/1585 1259/2571/1591
f 1236/2569/1585 1317/2570/658 1181/2571/1589
f 731/2569/1595 747/2570/1587 717/2571/1298
f 662/2569/1592 717/2570/1298 743/2571/1578
f 658/2569/1598 662/2570/1592 755/2571/1579
f 718/2569/1588 730/2570/1590 704/2571/1599
f 719/2569/1593 718/2570/1588 704/2571/1599
f 755/2569/1579 719/2570/1593 658/2571/1598
f 729/2569/1583 658/2570/1598 706/2571/1594
f 730/2569/1590 706/2570/1594 719/2571/1593
f 731/2569/1595 650/2570/730 729/2571/1583
f 1281/2569/1600 1259/2570/1591 1230/2571/1596
f 1230/2569/1596 1195/2570/483 1152/2571/481
f 1242/2569/1601 1228/2570/1597 1259/2571/1591
f 1317/2569/658 1236/2570/1585 1228/2571/1597
f 767/2569/729 731/2570/1595 717/2571/1298
f 622/2569/1602 662/2570/1592 658/2571/1598
f 704/2569/1599 730/2570/1590 719/2571/1593
f 658/2569/1598 719/2570/1593 706/2571/1594
f 650/2569/730 658/2570/1598 729/2571/1583
f 1281/2569/1600 1280/2570/1603 1259/2571/1591
f 1281/2569/1600 1230/2570/1596 1152/2571/481
f 1228/2569/1597 1242/2570/1601 1280/2571/1603
f 1242/2569/1601 1259/2570/1591 1280/2571/1603
f 1420/2569/656 1317/2570/658 1228/2571/1597
f 691/2569/727 731/2570/1595 767/2571/729
f 662/2569/1592 622/2570/1602 573/2571/1604
f 624/2569/1605 622/2570/1602 658/2571/1598
f 1280/2569/1603 1281/2570/1600 1364/2571/1606
f 1281/2569/1600 1152/2570/481 1123/2571/474
f 1280/2569/1603 1420/2570/656 1228/2571/1597
f 573/2569/1604 622/2570/1602 611/2571/1607
f 573/2569/1604 524/2570/184 662/2571/1592
f 616/2569/1608 622/2570/1602 624/2571/1605
f 1332/2569/653 1364/2570/1606 1281/2571/1600
f 1364/2569/1606 1420/2570/656 1280/2571/1603
f 1122/2569/473 1281/2570/1600 1123/2571/474
f 616/2569/1608 611/2570/1607 622/2571/1602
f 585/2569/1609 573/2570/1604 611/2571/1607
f 540/2569/1610 524/2570/184 573/2571/1604
f 585/2569/1609 616/2570/1608 624/2571/1605
f 1435/2569/641 1364/2570/1606 1332/2571/653
f 1360/2569/649 1332/2570/653 1281/2571/1600
f 1420/2569/656 1364/2570/1606 1471/2571/648
f 611/2569/1607 616/2570/1608 585/2571/1609
f 585/2569/1609 546/2570/276 573/2571/1604
f 524/2569/184 540/2570/1610 503/2571/183
f 573/2569/1604 546/2570/276 540/2571/1610
f 650/2569/730 585/2570/1609 624/2571/1605
f 1471/2569/648 1364/2570/1606 1435/2571/641
f 546/2569/276 585/2570/1609 650/2571/730
f 540/2569/1610 546/2570/276 503/2571/183
f 968/2569/1611 906/2570/1612 1003/2571/1613
f 909/2569/1614 906/2570/1612 968/2571/1611
f 1017/2569/1615 1003/2570/1613 906/2571/1612
f 948/2569/1252 906/2570/1612 909/2571/1614
f 968/2569/1611 949/2570/1616 909/2571/1614
f 906/2569/1612 1041/2570/1253 1017/2571/1615
f 985/2569/1250 906/2570/1612 948/2571/1252
f 909/2569/1614 949/2570/1616 948/2571/1252
f 1053/2569/1617 1017/2570/1615 1041/2571/1253
f 1041/2569/1253 906/2570/1612 985/2571/1250
f 1093/2569/1618 1017/2570/1615 1053/2571/1617
f 1041/2569/1253 1118/2570/1619 1053/2571/1617
f 1144/2569/1620 1017/2570/1615 1093/2571/1618
f 1092/2569/1621 1053/2570/1617 1118/2571/1619
f 1180/2569/1622 1118/2570/1619 1041/2571/1253
f 1017/2569/1615 1144/2570/1620 986/2571/1071
f 1182/2569/1623 1144/2570/1620 1093/2571/1618
f 1058/2569/1624 1053/2570/1617 1092/2571/1621
f 1092/2569/1621 1118/2570/1619 1120/2571/1625
f 1180/2569/1622 1172/2570/1626 1118/2571/1619
f 1026/2569/1076 986/2570/1071 1144/2571/1620
f 1093/2569/1618 1058/2570/1624 1182/2571/1623
f 1120/2569/1625 1058/2570/1624 1092/2571/1621
f 1172/2569/1626 1120/2570/1625 1118/2571/1619
f 1172/2569/1626 1180/2570/1622 1240/2571/1627
f 1172/2569/1626 1182/2570/1623 1058/2571/1624
f 1120/2569/1625 1172/2570/1626 1058/2571/1624
f 1180/2569/1622 1151/2570/1628 1240/2571/1627
f 1201/2569/1629 1172/2570/1626 1240/2571/1627
f 1274/2569/1630 1182/2570/1623 1172/2571/1626
f 1246/2569/1364 1240/2570/1627 1151/2571/1628
f 1240/2569/1627 1250/2570/1631 1201/2571/1629
f 1172/2569/1626 1201/2570/1629 1274/2571/1630
f 1182/2569/1623 1274/2570/1630 1171/2571/1632
f 1116/2569/1633 1246/2570/1364 1151/2571/1628
f 1255/2569/1634 1250/2570/1631 1240/2571/1627
f 1291/2569/1635 1201/2570/1629 1250/2571/1631
f 1274/2569/1630 1201/2570/1629 1315/2571/1636
f 1282/2569/1637 1171/2570/1632 1274/2571/1630
f 1255/2569/1634 1260/2570/643 1250/2571/1631
f 1291/2569/1635 1250/2570/1631 1362/2571/1369
f 1274/2569/1630 1315/2570/1636 1378/2571/1638
f 1282/2569/1637 1274/2570/1630 1333/2571/1340
f 1266/2569/1639 1260/2570/643 1255/2571/1634
f 1260/2569/643 1387/2570/633 1250/2571/1631
f 1250/2569/1631 1387/2570/633 1362/2571/1369
f 1359/2569/1640 1378/2570/1638 1315/2571/1636
f 1274/2569/1630 1378/2570/1638 1379/2571/1641
f 1318/2569/1339 1282/2570/1637 1333/2571/1340
f 1274/2569/1630 1379/2570/1641 1333/2571/1340
f 1266/2569/1639 1328/2570/644 1260/2571/643
f 1387/2569/633 1375/2570/860 1362/2571/1369
f 1378/2569/1638 1359/2570/1640 1402/2571/1642
f 1402/2569/1642 1379/2570/1641 1378/2571/1638
f 1379/2569/1641 1481/2570/1207 1333/2571/1340
f 1363/2569/1367 1362/2570/1369 1375/2571/860
f 1359/2569/1640 1377/2570/1350 1402/2571/1642
f 1379/2569/1641 1402/2570/1642 1525/2571/1316
f 1334/2569/632 1333/2570/1340 1481/2571/1207
f 1525/2569/1316 1481/2570/1207 1379/2571/1641
f 1405/2569/856 1363/2570/1367 1375/2571/860
f 1422/2569/1351 1402/2570/1642 1377/2571/1350
f 1525/2569/1316 1402/2570/1642 1413/2571/1300
f 1334/2569/632 1342/2570/627 1333/2571/1340
f 1387/2569/633 1334/2570/632 1481/2571/1207
f 1648/2569/1321 1481/2570/1207 1525/2571/1316
f 1373/2569/1368 1363/2570/1367 1405/2571/856
f 1422/2569/1351 1462/2570/1333 1402/2571/1642
f 1462/2569/1333 1413/2570/1300 1402/2571/1642
f 1648/2569/1321 1525/2570/1316 1607/2571/1318
f 1553/2569/744 1462/2570/1333 1422/2571/1351
f 1422/2569/1351 1524/2570/742 1553/2571/744
f 1524/2569/742 1422/2570/1351 1449/2571/747
f 1562/2569/745 1553/2570/1643 1524/2571/740
f 1553/2569/1643 1562/2570/745 1552/2571/1644
f 1562/2569/745 1570/2570/746 1552/2571/1644
f 999/2569/1645 1011/2570/1646 981/2571/1647
f 1011/2569/1646 999/2570/1645 1013/2571/1648
f 979/2569/1649 981/2570/1647 1011/2571/1646
f 972/2569/1650 999/2570/1645 981/2571/1647
f 1036/2569/1651 1013/2570/1648 999/2571/1645
f 1061/2569/1652 1011/2570/1646 1013/2571/1648
f 979/2569/1649 972/2570/1650 981/2571/1647
f 1011/2569/1646 1007/2570/1653 979/2571/1649
f 999/2569/1645 972/2570/1650 988/2571/1654
f 1013/2569/1648 1036/2570/1651 1061/2571/1652
f 1036/2569/1651 999/2570/1645 1067/2571/1655
f 1007/2569/1653 1011/2570/1646 1061/2571/1652
f 988/2569/1654 972/2570/1650 979/2571/1649
f 979/2569/1649 1007/2570/1653 988/2571/1654
f 1007/2569/1653 999/2570/1645 988/2571/1654
f 1061/2569/1652 1036/2570/1651 1067/2571/1655
f 1067/2569/1655 999/2570/1645 1007/2571/1653
f 1061/2569/1652 1069/2570/1656 1007/2571/1653
f 1069/2569/1656 1061/2570/1652 1067/2571/1655
f 1069/2569/1656 1067/2570/1655 1007/2571/1653
f 703/2569/1657 627/2570/1658 727/2571/1659
f 627/2569/1658 703/2570/1657 632/2571/1660
f 727/2569/1659 627/2570/1658 657/2571/1661
f 727/2569/1659 633/2570/1662 703/2571/1657
f 632/2569/1660 703/2570/1657 633/2571/1662
f 632/2569/1660 608/2570/1663 627/2571/1658
f 657/2569/1661 627/2570/1658 633/2571/1662
f 657/2569/1661 633/2570/1662 727/2571/1659
f 632/2569/1660 633/2570/1662 608/2571/1663
f 627/2569/1658 608/2570/1663 633/2571/1662
f 403/2569/1664 424/2570/1665 425/2571/1666
f 424/2569/1665 403/2570/1664 445/2571/1667
f 424/2569/1665 445/2570/1667 425/2571/1666
f 403/2569/1664 425/2570/1666 445/2571/1667
f 309/2569/267 380/2570/1668 396/2571/266
f 309/2569/267 351/2570/1669 380/2571/1668
f 349/2569/1670 351/2570/1669 309/2571/267
f 337/2569/1671 351/2570/1669 349/2571/1670
f 449/2569/1672 458/2570/1673 448/2571/1674
f 448/2569/1674 458/2570/1673 438/2571/1675
f 387/2569/1676 350/2570/1677 324/2571/1678
f 254/2569/1679 282/2570/1680 324/2571/1678
f 387/2569/1676 438/2570/1681 379/2571/1682
f 324/2569/1678 350/2570/1677 254/2571/1679
f 387/2569/1676 379/2570/1682 350/2571/1677
f 282/2569/1680 254/2570/1679 225/2571/1372
f 254/2569/1679 350/2570/1677 243/2571/1158
f 350/2569/1677 379/2570/1682 243/2571/1158
f 255/2569/1373 225/2570/1372 254/2571/1679
f 1119/2569/1683 1139/2570/1684 1233/2571/1685
f 1139/2569/1684 1119/2570/1683 1207/2571/1686
f 1233/2569/1685 1139/2570/1684 1227/2571/1687
f 1161/2569/1688 1119/2570/1683 1233/2571/1685
f 1139/2569/1684 1207/2570/1686 1227/2571/1687
f 1207/2569/1686 1119/2570/1683 1161/2571/1688
f 1233/2569/1685 1227/2570/1687 1264/2571/1689
f 1161/2569/1688 1233/2570/1685 1264/2571/1689
f 1264/2569/1689 1227/2570/1687 1207/2571/1686
f 1207/2569/1686 1161/2570/1688 1264/2571/1689
f 1352/2569/1690 1354/2570/1691 1339/2571/1692
f 1330/2569/1693 1354/2570/1691 1352/2571/1690
f 1339/2569/1692 1354/2570/1691 1321/2571/1694
f 1352/2569/1690 1339/2570/1692 1330/2571/1693
f 1321/2569/1694 1354/2570/1691 1330/2571/1693
f 1321/2569/1694 1330/2570/1693 1339/2571/1692
f 957/2569/1695 943/2570/1696 916/2571/1697
f 983/2569/1698 943/2570/1696 957/2571/1695
f 943/2569/1696 978/2570/1699 916/2571/1697
f 957/2569/1695 916/2570/1697 938/2571/1700
f 983/2569/1698 957/2570/1695 992/2571/1701
f 983/2569/1698 1019/2570/1702 943/2571/1696
f 978/2569/1699 943/2570/1696 1019/2571/1702
f 978/2569/1699 1001/2570/1703 916/2571/1697
f 955/2569/1704 938/2570/1700 916/2571/1697
f 938/2569/1700 960/2570/1705 957/2571/1695
f 957/2569/1695 956/2570/1706 992/2571/1701
f 1014/2569/1707 983/2570/1698 992/2571/1701
f 1014/2569/1707 1019/2570/1702 983/2571/1698
f 1050/2569/1708 978/2570/1699 1019/2571/1702
f 1001/2569/1703 955/2570/1704 916/2571/1697
f 1057/2569/1709 1001/2570/1703 978/2571/1699
f 955/2569/1704 956/2570/1706 938/2571/1700
f 960/2569/1705 938/2570/1700 923/2571/1710
f 960/2569/1705 956/2570/1706 957/2571/1695
f 992/2569/1701 956/2570/1706 1040/2571/1711
f 1014/2569/1707 992/2570/1701 1040/2571/1711
f 1060/2569/1712 1019/2570/1702 1014/2571/1707
f 1050/2569/1708 1057/2570/1709 978/2571/1699
f 1050/2569/1708 1019/2570/1702 1090/2571/1713
f 1002/2569/1714 955/2570/1704 1001/2571/1703
f 1051/2569/1251 1001/2570/1703 1057/2571/1709
f 956/2569/1706 955/2570/1704 990/2571/1715
f 923/2569/1710 938/2570/1700 956/2571/1706
f 956/2569/1706 960/2570/1705 923/2571/1710
f 956/2569/1706 990/2570/1715 1040/2571/1711
f 1060/2569/1712 1014/2570/1707 1040/2571/1711
f 1090/2569/1713 1019/2570/1702 1060/2571/1712
f 1050/2569/1708 1116/2570/1633 1057/2571/1709
f 1116/2569/1633 1050/2570/1708 1090/2571/1713
f 1002/2569/1714 990/2570/1715 955/2571/1704
f 1002/2569/1714 1001/2570/1703 1035/2571/1716
f 1001/2569/1703 1051/2570/1251 952/2571/1174
f 1040/2569/1711 990/2570/1715 1072/2571/1717
f 1072/2569/1717 1060/2570/1712 1040/2571/1711
f 1090/2569/1713 1060/2570/1712 1107/2571/1718
f 990/2569/1715 1002/2570/1714 1072/2571/1717
f 1001/2569/1703 952/2570/1174 1035/2571/1716
f 1035/2569/1716 1072/2570/1717 1002/2571/1714
f 1107/2569/1718 1060/2570/1712 1072/2571/1717
f 1090/2569/1713 1107/2570/1718 1128/2571/1719
f 1035/2569/1716 952/2570/1174 1006/2571/576
f 1072/2569/1717 1035/2570/1716 1107/2571/1718
f 1128/2569/1719 1107/2570/1718 1130/2571/1720
f 1035/2569/1716 1006/2570/576 1162/2571/1276
f 1162/2569/1276 1107/2570/1718 1035/2571/1716
f 1128/2569/1719 1130/2570/1720 1179/2571/1721
f 1162/2569/1276 1191/2570/1722 1107/2571/1718
f 1179/2569/1721 1130/2570/1720 1168/2571/1723
f 1128/2569/1719 1179/2570/1721 1211/2571/1724
f 1125/2569/1725 1107/2570/1718 1191/2571/1722
f 1191/2569/1722 1162/2570/1276 1200/2571/1726
f 1202/2569/1727 1179/2570/1721 1168/2571/1723
f 1130/2569/1720 1087/2570/1728 1168/2571/1723
f 1251/2569/1729 1128/2570/1719 1211/2571/1724
f 1191/2569/1722 1149/2570/1730 1125/2571/1725
f 1191/2569/1722 1200/2570/1726 1302/2571/1731
f 1162/2569/1276 1176/2570/1732 1200/2571/1726
f 1202/2569/1727 1209/2570/1733 1179/2571/1721
f 1168/2569/1723 1087/2570/1728 1202/2571/1727
f 1130/2569/1720 1071/2570/1734 1087/2571/1728
f 1149/2569/1730 1040/2570/1735 1125/2571/1725
f 1191/2569/1722 1218/2570/1736 1149/2571/1730
f 1199/2569/1737 1302/2570/1731 1200/2571/1726
f 1279/2569/1738 1191/2570/1722 1302/2571/1731
f 1162/2569/1276 1104/2570/1274 1176/2571/1732
f 1200/2569/1726 1176/2570/1732 1166/2571/1294
f 1179/2569/1721 1209/2570/1733 1149/2571/1730
f 1226/2569/1739 1209/2570/1733 1202/2571/1727
f 1202/2569/1727 1087/2570/1728 1156/2571/1740
f 1087/2569/1728 1071/2570/1734 1040/2571/1735
f 1149/2569/1730 1142/2570/1741 1040/2571/1735
f 1071/2569/1734 1125/2570/1725 1040/2571/1735
f 1218/2569/1736 1179/2570/1721 1149/2571/1730
f 1302/2569/1731 1199/2570/1737 1276/2571/1742
f 1199/2569/1737 1200/2570/1726 1166/2571/1294
f 1279/2569/1738 1302/2570/1731 1356/2571/1743
f 1104/2569/1274 1196/2570/1295 1176/2571/1732
f 1166/2569/1294 1176/2570/1732 1194/2571/1292
f 1209/2569/1733 1142/2570/1741 1149/2571/1730
f 1202/2569/1727 1156/2570/1740 1226/2571/1739
f 1226/2569/1739 1142/2570/1741 1209/2571/1733
f 1138/2569/1744 1156/2570/1740 1087/2571/1728
f 1087/2569/1728 1040/2570/1735 1080/2571/1745
f 1080/2569/1745 1040/2570/1735 1142/2571/1741
f 1338/2569/1058 1276/2570/1742 1199/2571/1737
f 1302/2569/1731 1276/2570/1742 1406/2571/1746
f 1166/2569/1294 1188/2570/1293 1199/2571/1737
f 1371/2569/1747 1356/2570/1743 1302/2571/1731
f 1356/2569/1743 1292/2570/1748 1279/2571/1738
f 1196/2569/1295 1104/2570/1274 1273/2571/1361
f 1194/2569/1292 1176/2570/1732 1196/2571/1295
f 1226/2569/1739 1156/2570/1740 1142/2571/1741
f 1226/2569/1749 1156/2570/1750 1232/2571/1751
f 1226/2569/1749 1220/2570/1752 1156/2571/1750
f 1156/2569/1740 1138/2570/1744 1142/2571/1741
f 1080/2569/1745 1138/2570/1744 1087/2571/1728
f 1138/2569/1744 1080/2570/1745 1142/2571/1741
f 1276/2569/1742 1338/2570/1058 1304/2571/1753
f 1199/2569/1737 1188/2570/1293 1338/2571/1058
f 1302/2569/1731 1406/2570/1746 1371/2571/1747
f 1382/2569/1754 1406/2570/1746 1276/2571/1742
f 1358/2569/642 1356/2570/1743 1371/2571/1747
f 1218/2569/1736 1279/2570/1738 1292/2571/1748
f 1356/2569/1743 1327/2570/1755 1292/2571/1748
f 1232/2569/1751 1220/2570/1752 1226/2571/1749
f 1232/2569/1751 1156/2570/1750 1220/2571/1752
f 1304/2569/1753 1338/2570/1058 1367/2571/1756
f 1304/2569/1753 1382/2570/1754 1276/2571/1742
f 1188/2569/1293 1192/2570/1061 1338/2571/1058
f 1371/2569/1747 1406/2570/1746 1484/2571/1757
f 1406/2569/1746 1382/2570/1754 1385/2571/1758
f 1384/2569/635 1356/2570/1743 1358/2571/642
f 1398/2569/1759 1358/2570/642 1371/2571/1747
f 1292/2569/1748 1277/2570/1760 1218/2571/1736
f 1277/2569/1760 1292/2570/1748 1327/2571/1755
f 1356/2569/1743 1384/2570/635 1327/2571/1755
f 1206/2569/1761 1232/2570/1762 1220/2571/1763
f 1220/2569/1763 1232/2570/1762 1235/2571/1764
f 1338/2569/1058 1408/2570/1057 1367/2571/1756
f 1304/2569/1753 1367/2570/1756 1444/2571/954
f 1382/2569/1754 1304/2570/1753 1444/2571/954
f 1429/2569/1765 1484/2570/1757 1406/2571/1746
f 1484/2569/1757 1513/2570/1766 1371/2571/1747
f 1382/2569/1754 1429/2570/1765 1385/2571/1758
f 1406/2569/1746 1385/2570/1758 1429/2571/1765
f 1409/2569/647 1358/2570/642 1398/2571/1759
f 1398/2569/1759 1371/2570/1747 1395/2571/1370
f 1220/2569/1763 1205/2570/1767 1206/2571/1761
f 1237/2569/1768 1232/2570/1762 1206/2571/1761
f 1205/2569/1767 1220/2570/1763 1235/2571/1764
f 1235/2569/1764 1232/2570/1762 1237/2571/1768
f 1367/2569/1756 1408/2570/1057 1443/2571/1769
f 1454/2569/1770 1444/2570/954 1367/2571/1756
f 1429/2569/1765 1382/2570/1754 1444/2571/954
f 1484/2569/1757 1429/2570/1765 1503/2571/1771
f 1518/2569/1362 1371/2570/1747 1513/2571/1766
f 1513/2569/1766 1484/2570/1757 1518/2571/1362
f 1434/2569/849 1409/2570/647 1398/2571/1759
f 1398/2569/1759 1395/2570/1370 1405/2571/856
f 1431/2569/855 1395/2570/1370 1371/2571/1747
f 1222/2569/1772 1206/2570/1761 1205/2571/1767
f 1237/2569/1768 1206/2570/1761 1222/2571/1772
f 1235/2569/1764 1222/2570/1772 1205/2571/1767
f 1237/2569/1768 1222/2570/1772 1235/2571/1764
f 1454/2569/1770 1367/2570/1756 1443/2571/1769
f 1478/2569/953 1444/2570/954 1454/2571/1770
f 1429/2569/1765 1444/2570/954 1459/2571/955
f 1459/2569/955 1503/2570/1771 1429/2571/1765
f 1518/2569/1362 1484/2570/1757 1503/2571/1771
f 1518/2569/1362 1431/2570/855 1371/2571/1747
f 1434/2569/849 1398/2570/1759 1405/2571/856
f 1454/2569/1770 1443/2570/1769 1517/2571/1197
f 1454/2569/1770 1491/2570/1773 1478/2571/953
f 1503/2569/1771 1459/2570/955 1521/2571/1116
f 1518/2569/1362 1503/2570/1771 1523/2571/1363
f 1454/2569/1770 1517/2570/1197 1491/2571/1773
f 1478/2569/953 1491/2570/1773 1452/2571/1060
f 1589/2569/862 1503/2570/1771 1521/2571/1116
f 1523/2569/1363 1503/2570/1771 1564/2571/850
f 1542/2569/1774 1491/2570/1773 1517/2571/1197
f 1452/2569/1060 1491/2570/1773 1408/2571/1057
f 1477/2569/1775 1478/2570/953 1452/2571/1060
f 1621/2569/1119 1589/2570/862 1521/2571/1116
f 1564/2569/850 1503/2570/1771 1589/2571/862
f 1479/2569/1776 1491/2570/1773 1542/2571/1774
f 1548/2569/55 1542/2570/1774 1517/2571/1197
f 1477/2569/1775 1452/2570/1060 1463/2571/1059
f 1477/2569/1775 1608/2570/958 1478/2571/953
f 1646/2569/865 1589/2570/862 1621/2571/1119
f 1608/2569/958 1548/2570/55 1517/2571/1197
f 1548/2569/55 1543/2570/58 1542/2571/1774
f 1608/2569/958 1477/2570/1775 1548/2571/55
f 1699/2569/1236 1646/2570/865 1621/2571/1119
f 1602/2569/959 1608/2570/958 1517/2571/1197
f 1477/2569/1775 1546/2570/56 1548/2571/55
f 1671/2569/1118 1699/2570/1236 1621/2571/1119
f 1646/2569/865 1699/2570/1236 1701/2571/866
f 1708/2569/1237 1701/2570/866 1699/2571/1236
f 1706/2569/621 1677/2570/623 1636/2571/854
f 723/2569/1777 712/2570/216 654/2571/212
f 1751/2569/969 1729/2570/1778 1738/2571/1779
f 44/2569/1780 36/2570/715 19/2571/774
f 63/2569/1781 44/2570/1780 67/2571/1782
f 46/2569/1783 44/2570/1780 19/2571/774
f 67/2569/1782 82/2570/1784 63/2571/1781
f 44/2569/1780 46/2570/1783 67/2571/1782
f 32/2569/1124 46/2570/1783 19/2571/774
f 45/2569/1125 82/2570/1784 67/2571/1782
f 54/2569/1785 67/2570/1782 46/2571/1783
f 175/2569/1374 135/2570/1202 130/2571/1786
f 176/2569/1371 175/2570/1374 130/2571/1786
f 46/2569/1783 32/2570/1124 54/2571/1785
f 82/2569/1784 45/2570/1125 114/2571/1787
f 67/2569/1782 54/2570/1785 45/2571/1125
f 175/2569/1374 243/2570/1158 135/2571/1202
f 45/2569/1125 54/2570/1785 32/2571/1124
f 114/2569/1787 45/2570/1125 148/2571/444
f 255/2569/1373 243/2570/1158 175/2571/1374
f 173/2569/1788 371/2570/1357 322/2571/1789
f 441/2569/1790 426/2570/1791 322/2571/1789
f 371/2569/1357 173/2570/1788 292/2571/445
f 322/2569/1789 371/2570/1357 441/2571/1790
f 173/2569/1788 148/2570/444 292/2571/445
f 441/2569/1790 371/2570/1357 427/2571/1175
f 563/2569/1177 496/2570/1792 513/2571/1176
f 634/2569/1793 563/2570/1177 599/2571/1794
f 599/2569/1794 563/2570/1177 569/2571/666
f 663/2569/1246 599/2570/1794 569/2571/666
f 599/2569/1794 737/2570/675 648/2571/1795
f 599/2569/1794 663/2570/1246 737/2571/675
f 737/2569/675 663/2570/1246 715/2571/1245
f 785/2569/1309 733/2570/1228 693/2571/1796
f 737/2569/675 715/2570/1245 735/2571/677
f 785/2569/1309 861/2570/1109 733/2571/1228
f 735/2569/677 715/2570/1245 763/2571/1188
f 861/2569/1109 773/2570/1120 733/2571/1228
f 1047/2569/1110 861/2570/1109 785/2571/1309
f 763/2569/1188 715/2570/1245 851/2571/1189
f 1038/2569/1308 1047/2570/1110 785/2571/1309
f 715/2569/1245 795/2570/831 851/2571/1189
f 1106/2569/1112 1047/2570/1110 1038/2571/1308
f 795/2569/831 802/2570/1327 851/2571/1189
f 1038/2569/1308 1062/2570/68 1106/2571/1112
f 1106/2569/1112 1062/2570/68 1140/2571/1797
g mesh_lowpoly_material0001
usemtl material0001
f 1510/2572/802 1433/2573/1280 1457/2574/803
f 1510/2572/802 1482/2575/957 1433/2573/1280
f 1456/2576/1222 1457/2574/803 1433/2573/1280
f 1532/2577/1113 1482/2575/957 1510/2572/802
f 1457/2574/803 1456/2576/1222 1485/2578/801
f 1510/2572/802 1456/2576/1222 1532/2577/1113
f 1629/2579/1016 1637/2580/567 1590/2581/1018
f 1637/2580/567 1629/2579/1016 1650/2582/566
f 1508/2583/1329 1424/2584/1328 1350/2585/1360
f 1508/2583/1329 1350/2585/1360 1568/2586/146
f 1475/2587/871 1568/2586/146 1350/2585/1360
f 1640/2588/1320 1644/2589/1319 1676/2590/1101
f 1649/2591/1099 1676/2590/1101 1644/2589/1319
f 1683/2592/1104 1640/2588/1320 1676/2590/1101
f 1777/2593/787 1779/2594/786 1780/2595/619
f 1041/2596/1253 1051/2597/1251 1151/2598/1628
f 1151/2598/1628 1051/2597/1251 1116/2599/1633
f 1180/2600/1622 1041/2596/1253 1151/2598/1628
f 1051/2597/1251 1057/2601/1709 1116/2599/1633
f 302/2602/1335 285/2603/199 318/2604/206
f 1229/2605/1200 1248/2606/905 1300/2607/908
f 1281/2608/1600 1122/2609/473 1360/2610/649
f 251/2611/1009 191/2612/1241 190/2613/926
f 835/2614/1225 939/2615/1069 776/2616/1231
f 835/2614/1225 852/2617/1230 939/2615/1069
f 881/2618/1072 939/2615/1069 852/2617/1230
f 233/2619/1353 215/2620/1352 290/2621/1536
f 290/2621/1536 215/2620/1352 218/2622/1366
f 193/2623/1055 191/2624/1241 205/2625/1012
f 205/2625/1012 191/2624/1241 251/2626/1009
f 898/2627/1798 918/2628/1074 817/2629/1267
f 898/2627/1798 900/2630/1248 918/2628/1074
f 157/2631/1240 193/2632/1055 138/2633/1056
f 1251/2634/1729 1116/2635/1633 1128/2636/1719
f 1246/2637/1364 1116/2635/1633 1251/2634/1729
f 1128/2636/1719 1116/2635/1633 1090/2638/1713
f 1238/2639/1348 1136/2640/1080 1289/2641/1344
f 1136/2640/1080 1223/2642/1355 1289/2641/1344
f 1223/2642/1355 1136/2640/1080 1132/2643/1078
f 1212/2644/717 1054/2645/579 1239/2646/582
f 1726/2647/981 1714/2648/1167 1756/2649/983
f 676/2650/69 746/2651/1799 667/2652/966
f 746/2651/1799 676/2650/69 798/2653/61
f 693/2654/1796 667/2652/966 746/2651/1799
f 746/2651/1799 798/2653/61 693/2654/1796
f 693/2654/1796 798/2653/61 805/2655/66
f 785/2656/1309 693/2654/1796 805/2655/66
f 675/2657/536 612/2658/1282 659/2659/1185
f 675/2657/536 601/2660/939 612/2658/1282
f 962/2661/1800 928/2662/946 1029/2663/760
f 962/2661/1800 925/2664/1440 928/2662/946
f 997/2665/1801 962/2661/1800 1029/2663/760
f 925/2664/1440 962/2661/1800 997/2665/1801
f 928/2662/946 925/2664/1440 902/2666/948
f 1000/2667/1193 925/2664/1440 997/2665/1801
f 419/2668/342 500/2669/349 484/2670/1802
f 490/2671/345 484/2670/1802 500/2669/349
f 490/2671/345 419/2668/342 484/2670/1802
f 1726/2672/981 1753/2673/980 1747/2674/978
f 662/2675/1592 524/2676/184 717/2677/1298
f 1706/2678/615 1693/2679/618 1749/2680/1028
f 1749/2680/1028 1759/2681/612 1706/2678/615
f 1537/2682/1220 1460/2683/1235 1494/2684/1064
f 1565/2685/853 1460/2683/1235 1537/2682/1220
f 1585/2686/655 1317/2687/658 1483/2688/654
f 1759/2689/612 1749/2690/1028 1764/2691/1027
f 1759/2689/612 1764/2691/1027 1766/2692/784
f 1277/2693/1760 1246/2694/1364 1251/2695/1729
f 1327/2696/1755 1246/2694/1364 1277/2693/1760
f 1384/2697/635 1246/2694/1364 1327/2696/1755
f 930/2698/574 889/2699/1172 791/2700/1173
f 1315/2701/1636 1348/2702/1299 1359/2703/1640
f 1359/2703/1640 1348/2702/1299 1377/2704/1350
f 447/2705/1489 435/2706/458 393/2707/1535
f 447/2705/1489 393/2707/1535 402/2708/202
f 1637/2709/567 1574/2710/1106 1573/2711/720
f 1573/2711/720 1574/2710/1106 1522/2712/1108
f 1779/2713/786 1770/2714/616 1780/2715/619
f 134/2716/922 72/2717/711 105/2718/709
f 1374/2719/716 1273/2720/1361 1234/2721/1275
f 757/2722/1336 692/2723/994 793/2724/1311
f 624/2725/1605 658/2726/1598 650/2727/730
f 1266/2728/1639 1255/2729/1634 1246/2730/1364
f 1240/2731/1627 1246/2730/1364 1255/2729/1634
f 816/2732/962 900/2733/1248 898/2734/1798
f 886/2735/963 900/2733/1248 816/2732/962
f 1380/2736/103 1370/2737/1034 1284/2738/106
f 1185/2739/1441 1178/2740/1803 1112/2741/1437
f 1178/2740/1803 1185/2739/1441 1224/2742/1325
f 1141/2743/1145 1112/2741/1437 1178/2740/1803
f 1224/2742/1325 1247/2744/1046 1178/2740/1803
f 1247/2744/1046 1141/2743/1145 1178/2740/1803
f 1025/2745/489 958/2746/488 961/2747/1448
f 1762/2748/988 1760/2749/1026 1768/2750/990
f 1762/2748/988 1756/2751/987 1760/2749/1026
f 1136/2752/1080 1145/2753/1347 1103/2754/1079
f 1145/2753/1347 1136/2752/1080 1238/2755/1348
f 1622/2756/1243 1615/2757/556 1576/2758/562
f 1622/2756/1243 1641/2759/563 1615/2757/556
f 367/2760/1804 293/2761/263 378/2762/268
f 337/2763/1254 293/2761/263 367/2760/1804
f 273/2764/1510 253/2765/1334 302/2766/1335
f 132/2767/247 203/2768/1140 195/2769/1529
f 952/2770/1174 930/2771/574 1006/2772/576
f 873/2773/1405 751/2774/1410 865/2775/1415
f 581/2776/1001 645/2777/996 621/2778/1312
f 1710/2779/753 1707/2780/752 1721/2781/977
f 1705/2782/751 1721/2781/977 1707/2780/752
f 1721/2781/977 1739/2783/979 1710/2779/753
f 1705/2782/662 1707/2780/750 1688/2784/663
f 1739/2783/979 1734/2785/1260 1710/2779/753
f 229/2786/1456 208/2787/1457 172/2788/1455
f 501/2789/1550 532/2790/1549 451/2791/1545
f 800/2792/1443 892/2793/1439 860/2794/1438
f 892/2793/1439 865/2795/1415 860/2794/1438
f 1414/2796/1031 1453/2797/1331 1487/2798/1033
f 517/2799/118 509/2800/116 471/2801/269
f 852/2802/1230 801/2803/1232 787/2804/1266
f 1538/2805/1315 1476/2806/1324 1580/2807/1314
g mesh_lowpoly_material0002
usemtl material0002
f 591/2808/1450 610/2809/127 549/2810/121
f 416/2811/378 409/2812/366 466/2813/368
f 1315/2814/1636 1291/2815/1635 1348/2816/1299
f 1355/2817/858 1348/2816/1299 1291/2815/1635
f 1362/2818/1369 1355/2817/858 1291/2815/1635
f 817/2819/1267 816/2820/962 898/2821/1798
f 591/2822/1450 651/2823/1452 677/2824/1449
f 1477/2825/1775 1463/2826/1059 1546/2827/56
f 1017/2828/1615 986/2829/1071 1003/2830/1613
f 986/2829/1071 970/2831/1068 1003/2830/1613
f 970/2831/1068 968/2832/1611 1003/2830/1613
f 949/2833/1616 935/2834/1070 918/2835/1074
f 935/2834/1070 949/2833/1616 970/2836/1068
f 918/2835/1074 948/2837/1252 949/2833/1616
f 968/2838/1611 970/2836/1068 949/2833/1616
f 1668/2839/1159 1660/2840/1305 1664/2841/1161
f 1668/2839/1159 1639/2842/790 1660/2840/1305
f 1627/2843/792 1660/2840/1305 1639/2842/790
f 1349/2844/1399 1436/2845/640 1437/2846/1805
f 1469/2847/636 1437/2846/1805 1436/2845/640
f 1349/2844/1399 1437/2846/1805 1418/2848/645
f 1437/2846/1805 1469/2847/636 1418/2848/645
f 653/2849/679 693/2850/1796 648/2851/1795
f 693/2850/1796 653/2849/679 642/2852/674
f 653/2849/679 648/2851/1795 664/2853/676
f 693/2850/1796 642/2852/674 667/2854/966
f 737/2855/675 664/2853/676 648/2851/1795
f 844/2856/1806 852/2857/1230 787/2858/1266
f 852/2857/1230 844/2856/1806 881/2859/1072
f 1573/2860/720 1590/2861/1018 1637/2862/567
f 328/2863/170 303/2864/171 345/2865/180
f 303/2864/171 328/2863/170 308/2866/1296
f 308/2866/1296 328/2863/170 353/2867/163
f 1683/2868/1104 1670/2869/1102 1648/2870/1321
f 1670/2869/1102 1674/2871/1100 1648/2870/1321
f 1736/2872/1285 1724/2873/597 1711/2874/592
f 1246/2875/1364 1328/2876/644 1266/2877/1639
f 1261/2878/111 1257/2879/1504 1270/2880/112
f 1270/2880/112 1257/2879/1504 1296/2881/551
f 1283/2882/932 1296/2881/551 1257/2879/1504
f 995/2883/1365 997/2884/1807 1000/2885/1808
f 1018/2886/764 1000/2885/1193 997/2884/1801
f 997/2884/1801 1029/2887/760 1018/2886/764
f 1441/2888/1024 1366/2889/1022 1500/2890/1809
f 1500/2890/1809 1366/2889/1022 1527/2891/1216
f 1496/2892/1277 1441/2888/1024 1500/2890/1809
f 1527/2891/1216 1534/2893/234 1500/2890/1809
f 1498/2894/232 1496/2892/1277 1500/2890/1809
f 1500/2890/1809 1534/2893/234 1498/2894/232
f 1747/2895/978 1705/2896/751 1710/2897/753
f 1747/2895/978 1721/2898/977 1705/2896/751
f 816/2899/962 817/2900/1267 831/2901/1229
f 1273/2902/1361 1271/2903/1181 1196/2904/1295
f 1053/2905/1617 1058/2906/1624 1093/2907/1618
f 481/2908/23 469/2909/235 510/2910/28
f 844/2911/1806 826/2912/1271 881/2913/1072
f 826/2912/1271 844/2911/1806 787/2914/1266
f 826/2912/1271 842/2915/1269 881/2913/1072
f 1659/2916/793 1631/2917/1261 1604/2918/796
f 1286/2919/1810 1320/2920/1149 1322/2921/1045
f 1314/2922/1234 1320/2920/1149 1286/2919/1810
f 1322/2921/1045 1293/2923/1811 1286/2919/1810
f 1286/2919/1810 1293/2923/1811 1314/2922/1234
f 1293/2923/1811 1322/2921/1045 1372/2924/1050
f 1293/2923/1811 1372/2924/1050 1314/2922/1234
f 1517/2925/1197 1443/2926/1769 1479/2927/1776
f 1443/2926/1769 1491/2928/1773 1479/2927/1776
f 1517/2925/1197 1479/2927/1776 1543/2929/58
f 1517/2925/1197 1543/2929/58 1535/2930/57
f 1315/2931/1636 1201/2932/1629 1291/2933/1635
f 1680/2934/1199 1700/2935/972 1657/2936/960
f 1537/2937/1220 1494/2938/1064 1472/2939/660
f 310/2940/1137 305/2941/691 270/2942/692
f 619/2943/317 623/2944/314 612/2945/1282
f 619/2943/317 612/2945/1282 601/2946/939
f 361/2947/335 311/2948/334 327/2949/330
f 1521/2950/1116 1459/2951/955 1482/2952/957
f 1005/2953/573 931/2954/1307 1012/2955/1426
f 1698/2956/1257 1694/2957/1169 1716/2958/1258
f 1716/2958/1258 1694/2957/1169 1726/2959/981
f 1716/2958/1258 1726/2959/981 1734/2960/1260
f 790/2961/1264 831/2962/1229 817/2963/1267
f 464/2964/113 506/2965/1812 509/2966/116
f 506/2965/1812 464/2964/113 471/2967/269
f 506/2965/1812 471/2967/269 509/2966/116
f 1144/2968/1620 1182/2969/1623 1171/2970/1632
f 19/2971/774 36/2972/715 26/2973/714
f 1486/2974/1813 1453/2975/1814 1567/2976/1815
f 1567/2976/1815 1453/2975/1814 1531/2977/1816
f 1320/2978/1149 1278/2979/1047 1322/2980/1045
f 1225/2981/906 1252/2982/1201 1299/2983/907
f 1761/2984/989 1769/2985/991 1760/2986/1026
f 1211/2987/1724 1277/2988/1760 1251/2989/1729
f 1211/2987/1724 1218/2990/1736 1277/2988/1760
f 1211/2987/1724 1179/2991/1721 1218/2990/1736
f 691/2992/727 650/2993/730 731/2994/1595
f 1414/2995/1031 1464/2996/1038 1453/2997/1331
f 1486/2998/1813 1519/2999/1817 1453/3000/1814
f 1519/2999/1817 1531/3001/1816 1453/3000/1814
f 1573/3002/720 1522/3003/1108 1374/3004/716
f 1374/3004/716 1522/3003/1108 1451/3005/1180
f 1374/3006/716 1451/3007/1180 1273/3008/1361
f 1252/3009/1201 1225/3010/906 1137/3011/904
f 764/3012/1407 720/3013/1419 751/3014/1410
f 1187/3015/1499 1127/3016/1502 1159/3017/1501
f 810/3018/85 799/3019/81 836/3020/83
f 810/3018/85 836/3020/83 883/3021/87
f 1395/3022/1370 1373/3023/1368 1405/3024/856
f 1218/3025/1736 1191/3026/1722 1279/3027/1738
f 1567/3028/1815 1519/3029/1817 1486/3030/1813
f 1567/3028/1815 1531/3031/1816 1519/3029/1817
f 1039/3032/884 995/3033/1365 1000/3034/885
f 1004/3035/879 995/3033/1365 1039/3032/884
f 1300/3036/909 1361/3037/912 1299/3038/910
f 748/3039/1263 749/3040/1265 761/3041/1270
f 761/3041/1270 787/3042/1266 748/3039/1263
f 761/3041/1270 826/3043/1271 787/3042/1266
f 373/3044/333 392/3045/816 419/3046/342
f 831/3047/1229 790/3048/1264 801/3049/1232
f 233/3050/1353 230/3051/1531 213/3052/1354
f 1491/3053/1773 1443/3054/1769 1408/3055/1057
f 211/3056/1375 189/3057/1139 213/3058/1354
f 1370/3059/1034 1424/3060/1328 1455/3061/1332
f 1476/3062/1324 1370/3059/1034 1455/3061/1332
f 1130/3063/1720 1107/3064/1718 1125/3065/1725
f 1071/3066/1734 1130/3063/1720 1125/3065/1725
f 750/3067/1087 685/3068/95 813/3069/86
f 810/3070/85 750/3067/1087 813/3069/86
f 1760/3071/1026 1757/3072/986 1761/3073/989
f 1760/3071/1026 1756/3074/987 1757/3072/986
f 504/3075/997 541/3076/1358 635/3077/993
f 1135/3078/1436 1112/3079/1437 1049/3080/1423
f 1729/3081/1154 1738/3082/1818 1728/3083/1153
f 1729/3081/1154 1730/3084/1156 1738/3082/1818
f 1683/3085/1104 1698/3086/1259 1670/3087/1102
f 1104/3088/1274 1234/3089/1275 1273/3090/1361
f 1759/3091/612 1766/3092/784 1765/3093/614
f 804/3094/323 754/3095/319 868/3096/325
f 872/3097/1411 865/3098/1415 912/3099/1416
f 1543/3100/58 1479/3101/1776 1542/3102/1774
f 255/3103/1373 254/3104/1679 243/3105/1158
f 1730/3106/1156 1728/3107/1153 1738/3108/1818
f 1526/3109/1819 1583/3110/869 1593/3111/868
f 1581/3112/867 1526/3109/1819 1593/3111/868
f 1581/3113/867 1583/3114/869 1526/3115/1819
g mesh_lowpoly_material0003
usemtl material0003
f 68/3116/705 72/3117/711 55/3118/708
f 1705/3119/662 1691/3120/661 1690/3121/749
f 504/3122/997 516/3123/1005 541/3124/1358
l 439 449
l 90 176
l 377 439
l 367 377
l 349 449
l 324 349
l 1552 1566
