# Blender 5.0.1
# www.blender.org
mtllib mesh_lowpoly.mtl
o mesh_lowpoly
v 0.198914 0.347189 0.307393
v 0.213863 0.280400 0.311130
v 0.209336 0.268043 0.311455
v 0.203915 0.331692 0.309868
v 0.210598 0.342588 0.311697
v 0.220305 0.315137 0.309059
v 0.199772 0.591676 0.302980
v 0.235230 0.538039 0.303283
v 0.208631 0.598145 0.302685
v 0.196886 0.046160 0.303866
v 0.218781 0.593203 0.303964
v 0.204303 0.050450 0.304174
v 0.232493 0.428713 0.302458
v 0.192151 0.095605 0.300533
v 0.232897 0.577642 0.302185
v 0.192503 0.463264 0.297553
v 0.235073 0.394645 0.297813
v 0.204391 0.228233 0.307509
v 0.210280 0.219543 0.308539
v 0.217388 0.581357 0.307548
v 0.202646 0.364056 0.308401
v 0.209780 0.114016 0.306658
v 0.205556 0.572026 0.307827
v 0.211283 0.372443 0.308982
v 0.219284 0.266569 0.307396
v 0.197771 0.083124 0.305462
v 0.230433 0.513050 0.307030
v 0.229386 0.451560 0.307370
v 0.220523 0.355183 0.308133
v 0.198928 0.155341 0.301627
v 0.193531 0.545934 0.299620
v 0.189657 0.409400 0.296402
v 0.239840 0.568810 0.296944
v 0.213255 0.042892 0.298710
v 0.180850 -0.030103 0.293427
v 0.186124 -0.004180 0.296851
v 0.175606 -0.118349 0.297505
v 0.237483 0.537629 0.298215
v 0.233164 0.333473 0.295620
v 0.200609 -0.137327 0.296614
v 0.238293 0.519522 0.301463
v 0.204988 0.024557 0.301563
v 0.239022 0.497723 0.301052
v 0.215509 0.107003 0.302958
v 0.185548 -0.121245 0.299856
v 0.188074 -0.085175 0.299319
v 0.189153 -0.180357 0.296869
v 0.189752 -0.006999 0.299531
v 0.221680 0.200245 0.300271
v 0.199281 -0.087876 0.298860
v 0.193952 -0.049830 0.300358
v 0.237575 0.538550 0.291175
v 0.244588 0.567464 0.288875
v 0.239006 0.531178 0.290977
v 0.181410 0.046084 0.292609
v 0.165407 -0.204182 0.290784
v 0.224716 0.059413 0.288375
v 0.173086 -0.153541 0.295484
v 0.195966 0.603575 0.294992
v 0.232106 0.288686 0.294102
v 0.226243 0.144677 0.294170
v 0.183902 -0.069746 0.296307
v 0.214476 0.604568 0.295276
v 0.189577 -0.292109 0.292049
v 0.165767 -0.139495 0.291562
v 0.189681 -0.313875 0.291898
v 0.167881 -0.199693 0.291710
v 0.202338 -0.190902 0.293867
v 0.178784 0.585297 0.286587
v 0.204913 0.608930 0.286958
v 0.221033 0.607759 0.286978
v 0.231197 0.599530 0.289675
v 0.227636 0.118453 0.285739
v 0.182923 0.234056 0.287613
v 0.238674 0.356606 0.287352
v 0.241968 0.558082 0.286826
v 0.249524 0.508637 0.286051
v 0.171785 -0.317555 0.286561
v 0.161700 -0.200757 0.287171
v 0.215846 -0.122757 0.284759
v 0.204756 -0.323614 0.286891
v 0.205270 -0.228782 0.286777
v 0.182167 0.602427 0.287170
v 0.186420 0.343253 0.294015
v 0.209731 -0.179676 0.288594
v 0.184346 -0.383690 0.286626
v 0.196132 -0.220934 0.289790
v 0.195009 -0.247260 0.289439
v 0.195492 -0.296108 0.292204
v 0.194453 -0.334773 0.289195
v 0.230105 0.016276 0.274976
v 0.235776 0.538787 0.280842
v 0.231080 -0.059242 0.275072
v 0.154817 -0.311313 0.277236
v 0.232804 0.172955 0.280040
v 0.167589 -0.443390 0.280667
v 0.206958 -0.365281 0.281028
v 0.159563 -0.229819 0.280221
v 0.186461 -0.445288 0.281062
v 0.161833 -0.247224 0.280154
v 0.203335 -0.421265 0.277929
v 0.159111 -0.421413 0.278484
v 0.198329 -0.437368 0.277871
v 0.165451 -0.372224 0.282335
v 0.156222 -0.462763 0.276623
v 0.174987 0.179142 0.277983
v 0.242438 0.386964 0.281990
v 0.165979 -0.114516 0.288946
v 0.222222 -0.074755 0.284972
v 0.208235 -0.206909 0.287138
v 0.165590 -0.214057 0.285543
v 0.175587 -0.239680 0.285990
v 0.197881 -0.381282 0.284215
v 0.161384 -0.487152 0.278029
v 0.177275 -0.487698 0.281101
v 0.170246 0.606972 0.269218
v 0.230875 0.119464 0.269495
v 0.242649 0.287756 0.274730
v 0.231915 0.078114 0.272802
v 0.156289 -0.583759 0.271016
v 0.184223 -0.524662 0.274841
v 0.218418 -0.289176 0.269817
v 0.158352 -0.211276 0.280469
v 0.245853 0.403451 0.278690
v 0.250566 0.517375 0.276560
v 0.233379 0.039244 0.273267
v 0.226848 -0.100027 0.274712
v 0.248287 0.589345 0.278857
v 0.237292 0.223851 0.278273
v 0.163568 -0.591940 0.273125
v 0.213091 -0.352484 0.273919
v 0.192097 -0.488497 0.275048
v 0.156664 -0.526399 0.271756
v 0.172060 -0.527622 0.277819
v 0.162562 -0.563231 0.275485
v 0.241567 0.547279 0.268367
v 0.236540 0.540810 0.269860
v 0.235358 0.054666 0.266877
v 0.161870 0.595057 0.270271
v 0.236055 0.534474 0.272952
v 0.260653 0.508381 0.269730
v 0.220361 0.612765 0.267100
v 0.244700 0.603359 0.270855
v 0.224235 -0.126086 0.269543
v 0.165733 0.052579 0.270566
v 0.211669 -0.389020 0.267748
v 0.156030 -0.605986 0.265543
v 0.164529 -0.614305 0.266832
v 0.152184 -0.447720 0.272123
v 0.163414 0.006374 0.269975
v 0.169426 0.522113 0.266761
v 0.248491 0.385384 0.273163
v 0.256328 0.579721 0.273181
v 0.165539 -0.065661 0.276536
v 0.150217 -0.130647 0.271554
v 0.148657 -0.392607 0.271463
v 0.216487 -0.211824 0.276820
v 0.197360 -0.456075 0.274507
v 0.177524 -0.572802 0.272348
v 0.153116 -0.190344 0.275108
v 0.208584 -0.416763 0.272465
v 0.160697 -0.605040 0.269104
v 0.154323 0.412928 0.259242
v 0.237591 -0.034717 0.257981
v 0.265215 0.517398 0.262656
v 0.267819 0.510782 0.262047
v 0.160766 0.550164 0.260837
v 0.247616 0.298384 0.266645
v 0.258119 0.439920 0.267014
v 0.247333 0.345930 0.267562
v 0.224805 -0.231462 0.258278
v 0.225015 -0.151716 0.261087
v 0.135337 -0.372297 0.260468
v 0.169842 -0.627473 0.259385
v 0.166150 0.086050 0.269124
v 0.259539 0.406976 0.264338
v 0.155200 -0.627438 0.261061
v 0.239775 0.040173 0.256738
v 0.160377 0.502198 0.254984
v 0.240981 0.530434 0.259323
v 0.234514 0.144484 0.259775
v 0.187198 0.620796 0.252157
v 0.257329 0.554579 0.262024
v 0.229001 -0.126491 0.255425
v 0.264030 0.522627 0.259507
v 0.216145 -0.421710 0.255700
v 0.213840 -0.562757 0.254383
v 0.139337 -0.561379 0.258608
v 0.270936 0.577979 0.257316
v 0.275283 0.522314 0.255605
v 0.144275 -0.222484 0.265334
v 0.250975 0.286368 0.261272
v 0.216751 -0.436811 0.259796
v 0.245045 0.187680 0.260892
v 0.255537 0.350850 0.257570
v 0.240932 0.156888 0.249825
v 0.237571 -0.097424 0.249740
v 0.241557 0.533224 0.255102
v 0.268650 0.548165 0.251866
v 0.274554 0.596978 0.249447
v 0.271728 0.471303 0.254389
v 0.245992 0.529519 0.254820
v 0.279966 0.571301 0.249015
v 0.136702 0.348743 0.244740
v 0.249018 0.173237 0.250950
v 0.242023 -0.063593 0.251535
v 0.274288 0.390736 0.248122
v 0.196662 -0.596509 0.250312
v 0.219750 -0.426381 0.249477
v 0.221118 -0.576693 0.242929
v 0.136380 -0.575556 0.253769
v 0.244299 0.538731 0.256439
v 0.240686 0.049215 0.249644
v 0.254725 0.251965 0.255418
v 0.142559 -0.619842 0.251731
v 0.140827 0.610440 0.241542
v 0.123509 0.600925 0.241837
v 0.240529 -0.030542 0.242813
v 0.241783 0.613397 0.239513
v 0.233720 0.134412 0.244316
v 0.134737 0.568959 0.241290
v 0.135424 0.390047 0.242725
v 0.283688 0.547891 0.243614
v 0.230727 0.117654 0.243710
v 0.133083 0.124998 0.239260
v 0.136321 0.408924 0.244017
v 0.263707 0.163946 0.241692
v 0.249093 0.157092 0.243855
v 0.114372 -0.329111 0.241144
v 0.281285 0.415432 0.243695
v 0.224694 -0.338336 0.247544
v 0.122753 -0.534967 0.242125
v 0.177716 -0.642206 0.245723
v 0.219497 -0.394774 0.240817
v 0.233893 -0.291614 0.242645
v 0.138663 0.605302 0.246378
v 0.279128 0.590130 0.247501
v 0.131956 0.598588 0.245154
v 0.240931 0.025158 0.250677
v 0.237243 -0.002564 0.243799
v 0.280669 0.473398 0.245592
v 0.199250 0.622643 0.247912
v 0.269286 0.538417 0.251232
v 0.255982 0.187746 0.249635
v 0.126537 -0.133311 0.243693
v 0.288592 0.527393 0.245413
v 0.287123 0.515486 0.247261
v 0.236529 -0.450433 0.243575
v 0.229373 -0.508133 0.248429
v 0.216273 -0.372604 0.255557
v 0.136531 -0.598657 0.246177
v 0.133248 -0.448408 0.253430
v 0.130505 -0.249560 0.252430
v 0.288708 0.578355 0.235041
v 0.117584 0.604571 0.234868
v 0.150814 0.531399 0.237680
v 0.231592 0.089437 0.240504
v 0.272348 0.605348 0.237873
v 0.280812 0.600196 0.236336
v 0.133232 -0.068398 0.241759
v 0.162457 0.615893 0.240821
v 0.142409 0.494090 0.236526
v 0.280092 0.358243 0.235181
v 0.242129 0.017002 0.240472
v 0.245609 0.150557 0.238327
v 0.246653 -0.045778 0.235789
v 0.217051 -0.413827 0.242113
v 0.225398 -0.424099 0.236211
v 0.205479 -0.601907 0.236228
v 0.248413 -0.071617 0.237827
v 0.231713 -0.161609 0.237900
v 0.222268 -0.392657 0.236822
v 0.116303 -0.416117 0.240257
v 0.115077 -0.238101 0.236570
v 0.125809 0.605103 0.241702
v 0.278531 0.453292 0.246053
v 0.132758 0.304226 0.240532
v 0.249196 0.038641 0.238660
v 0.188684 -0.625113 0.238818
v 0.112861 -0.377201 0.237744
v 0.242138 0.014215 0.233069
v 0.239919 -0.099027 0.234966
v 0.213030 0.620522 0.233657
v 0.170953 0.622306 0.233716
v 0.261995 0.610337 0.232117
v 0.253993 0.142476 0.231832
v 0.281685 0.315816 0.234082
v 0.273704 0.143848 0.231739
v 0.273907 0.190125 0.228331
v 0.275134 0.166146 0.230519
v 0.273647 0.110535 0.230218
v 0.104653 -0.562232 0.228797
v 0.140957 -0.652409 0.234973
v 0.240651 -0.433340 0.234121
v 0.235549 -0.254212 0.233434
v 0.250584 -0.510453 0.227973
v 0.124466 -0.638291 0.233070
v 0.152847 0.526891 0.239332
v 0.123765 0.256608 0.233122
v 0.298109 0.521235 0.233203
v 0.136598 0.068717 0.238973
v 0.288282 0.339102 0.228727
v 0.234840 -0.321723 0.236662
v 0.264299 0.146670 0.236340
v 0.248052 0.023627 0.233563
v 0.274064 0.263608 0.236205
v 0.273657 0.161717 0.234524
v 0.234733 -0.352044 0.234955
v 0.246008 -0.084881 0.235346
v 0.270044 0.137890 0.233620
v 0.115013 -0.462380 0.233747
v 0.279342 0.278906 0.232858
v 0.236732 -0.559416 0.235984
v 0.226799 -0.385376 0.235037
v 0.272133 0.082240 0.231001
v 0.273105 0.079475 0.231130
v 0.238035 0.137238 0.225981
v 0.124010 0.006560 0.225222
v 0.136394 0.617703 0.228984
v 0.233666 0.613874 0.223705
v 0.114450 -0.095846 0.227343
v 0.298300 0.496908 0.227076
v 0.268174 0.114958 0.224399
v 0.108940 -0.117206 0.223658
v 0.290592 0.329393 0.222886
v 0.296053 0.449286 0.224096
v 0.222313 -0.397881 0.229063
v 0.252976 0.050052 0.222381
v 0.278239 0.250966 0.228843
v 0.112316 -0.199319 0.229510
v 0.106102 -0.530132 0.225840
v 0.253682 -0.082998 0.225690
v 0.242573 -0.262043 0.226459
v 0.248672 -0.448317 0.229125
v 0.218485 -0.415179 0.228681
v 0.226421 -0.420180 0.226906
v 0.110357 -0.577464 0.225144
v 0.230110 0.096672 0.225338
v 0.134200 0.460557 0.231713
v 0.106043 0.601089 0.224724
v 0.263389 0.131503 0.229835
v 0.271694 0.109471 0.230237
v 0.145001 0.522020 0.231683
v 0.272205 0.077424 0.231007
v 0.291881 0.421672 0.227852
v 0.245357 -0.568232 0.224475
v 0.187387 -0.635403 0.230809
v 0.240650 -0.379935 0.228597
v 0.133187 0.543154 0.227041
v 0.243617 -0.101368 0.223459
v 0.181612 0.625934 0.222333
v 0.230897 0.118994 0.221725
v 0.236235 0.079506 0.219709
v 0.241120 -0.009715 0.223173
v 0.099596 0.601035 0.218153
v 0.189891 0.621727 0.216877
v 0.112521 0.587718 0.225469
v 0.210148 0.614128 0.218344
v 0.288387 0.356687 0.221292
v 0.271087 0.113175 0.223023
v 0.254213 0.036852 0.219858
v 0.219714 -0.409111 0.224567
v 0.236478 -0.122438 0.227425
v 0.222711 -0.415470 0.223828
v 0.096515 -0.309859 0.218232
v 0.090308 -0.548600 0.218634
v 0.192062 -0.639848 0.220956
v 0.252979 -0.556888 0.218244
v 0.256639 -0.290741 0.218896
v 0.257371 -0.448230 0.216515
v 0.299134 0.567026 0.223664
v 0.298847 0.550534 0.226753
v 0.120447 0.351772 0.227111
v 0.122157 0.422413 0.227649
v 0.273864 0.114267 0.222127
v 0.272036 0.081687 0.230007
v 0.258140 -0.074859 0.222876
v 0.235330 -0.204586 0.225976
v 0.100708 -0.418371 0.221269
v 0.244712 -0.417154 0.220685
v 0.241182 -0.421829 0.225265
v 0.250057 -0.372973 0.223262
v 0.244563 -0.393632 0.223335
v 0.171675 0.628819 0.212201
v 0.099677 0.608137 0.214288
v 0.104649 0.196678 0.210675
v 0.121769 0.467165 0.218889
v 0.092750 -0.275358 0.212660
v 0.248359 0.020134 0.217982
v 0.267993 -0.083233 0.212678
v 0.263616 0.118315 0.217828
v 0.242586 -0.228695 0.216071
v 0.279874 0.170003 0.217709
v 0.109429 -0.593215 0.215367
v 0.241525 -0.133180 0.217374
v 0.095525 -0.522117 0.215060
v 0.246844 -0.021247 0.217509
v 0.269734 0.113871 0.215777
v 0.248834 -0.116079 0.214897
v 0.248591 -0.580377 0.213380
v 0.248877 -0.164345 0.211321
v 0.299197 0.447490 0.217126
v 0.288365 0.592925 0.220733
v 0.242745 0.000582 0.219885
v 0.241496 0.136487 0.219443
v 0.111043 0.563902 0.215373
v 0.257430 -0.094740 0.217321
v 0.100768 -0.502410 0.218569
v 0.225142 -0.403972 0.223249
v 0.252401 -0.410453 0.215382
v 0.257912 -0.320319 0.214948
v 0.182739 0.625978 0.209946
v 0.298478 0.579224 0.208344
v 0.304310 0.558563 0.209703
v 0.242028 0.076975 0.208069
v 0.292385 0.374519 0.213825
v 0.305977 0.527897 0.206472
v 0.293442 0.345746 0.208857
v 0.214527 0.610137 0.206046
v 0.110139 -0.040148 0.213997
v 0.241714 0.127852 0.209473
v 0.247399 0.129599 0.212591
v 0.254528 0.061699 0.207103
v 0.283465 0.602863 0.208524
v 0.273492 0.112498 0.206282
v 0.087262 -0.492105 0.205752
v 0.199110 -0.630060 0.214697
v 0.287605 0.264986 0.213397
v 0.255083 0.026199 0.211376
v 0.106741 -0.612535 0.211391
v 0.101157 -0.114161 0.213489
v 0.264926 -0.378794 0.207255
v 0.265891 -0.281771 0.208086
v 0.252973 -0.008359 0.208224
v 0.081051 0.609125 0.197314
v 0.191905 0.616542 0.202817
v 0.234412 0.116299 0.206445
v 0.088408 0.177148 0.195975
v 0.083054 -0.180785 0.194545
v 0.273480 0.608657 0.202342
v 0.273303 -0.042593 0.198727
v 0.264848 0.104432 0.199970
v 0.089551 -0.432530 0.205032
v 0.181164 0.629375 0.200699
v 0.288290 0.198330 0.203864
v 0.204087 -0.649494 0.202530
v 0.286869 0.158202 0.201179
v 0.086933 -0.470453 0.202916
v 0.279592 -0.104775 0.200418
v 0.267635 -0.297656 0.203064
v 0.269289 -0.203062 0.199357
v 0.270982 -0.331681 0.199616
v 0.299810 0.418564 0.205419
v 0.114509 0.531251 0.206254
v 0.265548 -0.045185 0.205278
v 0.091827 0.124011 0.201067
v 0.260506 -0.029016 0.203883
v 0.112739 0.496933 0.206866
v 0.266986 -0.062597 0.208052
v 0.089469 -0.335705 0.210788
v 0.281637 0.141644 0.209223
v 0.262162 0.111085 0.205539
v 0.272167 -0.148584 0.201509
v 0.274005 -0.122942 0.205144
v 0.096393 -0.582829 0.206981
v 0.263247 -0.255024 0.207773
v 0.253256 -0.210311 0.205533
v 0.192581 0.622543 0.196579
v 0.304205 0.555652 0.195056
v 0.093619 -0.070918 0.198597
v 0.212931 0.609183 0.196310
v 0.105164 0.621423 0.192928
v 0.234539 0.104692 0.201056
v 0.091926 0.269542 0.199479
v 0.200985 0.605803 0.197672
v 0.097375 0.019818 0.196303
v 0.302755 0.477261 0.197438
v 0.278586 0.114501 0.199515
v 0.246877 0.098677 0.197595
v 0.294610 0.587132 0.194287
v 0.277176 -0.066389 0.196932
v 0.076654 -0.243029 0.195756
v 0.056293 -0.554581 0.192703
v 0.264185 -0.001623 0.198408
v 0.281532 -0.140307 0.194465
v 0.068391 -0.519777 0.195260
v 0.261011 0.052476 0.201897
v 0.276681 -0.239541 0.190577
v 0.283268 -0.110145 0.190862
v 0.271676 -0.292271 0.198491
v 0.273402 -0.381999 0.193433
v 0.274522 -0.486937 0.193472
v 0.274365 -0.192289 0.194150
v 0.222773 -0.618689 0.192471
v 0.261363 -0.574450 0.197357
v 0.264627 -0.429395 0.197513
v 0.269621 -0.537001 0.197504
v 0.076744 0.603032 0.197970
v 0.237084 0.087403 0.199763
v 0.082556 0.587654 0.200226
v 0.094612 -0.020217 0.195858
v 0.082785 -0.403430 0.197341
v 0.249596 0.088747 0.198156
v 0.072197 -0.572155 0.199622
v 0.244936 0.084484 0.199222
v 0.250937 0.081495 0.198732
v 0.268689 -0.171404 0.198873
v 0.244769 -0.596835 0.201504
v 0.273509 -0.505714 0.199340
v 0.268056 -0.187599 0.197929
v 0.273812 -0.266615 0.197271
v 0.275212 -0.517599 0.193068
v 0.274748 -0.322948 0.193849
v 0.164357 0.629869 0.186449
v 0.269249 0.090979 0.191416
v 0.292752 0.261342 0.190242
v 0.210936 -0.634331 0.188473
v 0.275954 -0.179800 0.190729
v 0.054019 -0.568339 0.186918
v 0.296266 0.351874 0.187018
v 0.088176 -0.598235 0.191817
v 0.275076 -0.356209 0.187090
v 0.248390 -0.604502 0.186642
v 0.241105 0.104649 0.197752
v 0.299910 0.414209 0.193224
v 0.305518 0.531780 0.194581
v 0.239642 0.090718 0.196569
v 0.199385 0.606550 0.194952
v 0.092542 0.430426 0.192706
v 0.274137 -0.020944 0.191992
v 0.072369 -0.444903 0.187692
v 0.273624 -0.309389 0.195475
v 0.069324 -0.284088 0.189025
v 0.069727 0.603117 0.185527
v 0.079468 -0.013747 0.181360
v 0.206925 0.622312 0.184406
v 0.299359 0.560908 0.181682
v 0.295172 0.325514 0.185284
v 0.282430 0.062086 0.181606
v 0.270473 0.606683 0.182046
v 0.292036 0.174176 0.185125
v 0.282228 0.003716 0.180671
v 0.057921 -0.255329 0.180398
v 0.283847 -0.141376 0.183408
v 0.073968 -0.588652 0.185265
v 0.272116 -0.457741 0.184574
v 0.279587 -0.177834 0.185456
v 0.275981 -0.478435 0.178965
v 0.255913 -0.597508 0.182807
v 0.275158 -0.533855 0.186291
v 0.272605 -0.556257 0.182245
v 0.282039 0.603215 0.192052
v 0.281563 0.599070 0.184188
v 0.297761 0.574983 0.188144
v 0.065276 0.589690 0.181890
v 0.212804 0.613537 0.188628
v 0.072838 -0.109920 0.181535
v 0.061301 -0.469476 0.182049
v 0.086691 -0.618401 0.192633
v 0.272773 -0.405261 0.188840
v 0.078841 0.485824 0.174986
v 0.298930 0.465083 0.175980
v 0.080824 0.351789 0.181191
v 0.085866 0.544227 0.181740
v 0.293541 0.569674 0.176943
v 0.130985 0.626197 0.176179
v 0.297971 0.391116 0.180469
v 0.285957 0.057562 0.177611
v 0.289661 0.133656 0.179268
v 0.252687 -0.603783 0.176082
v 0.277305 -0.246735 0.176328
v 0.274284 -0.431920 0.177747
v 0.087003 0.519740 0.177315
v 0.063462 0.597492 0.178920
v 0.278826 0.088467 0.185448
v 0.301185 0.545674 0.181994
v 0.059738 0.064893 0.165867
v 0.282984 0.581995 0.171276
v 0.071341 0.614504 0.172511
v 0.296079 0.470942 0.170589
v 0.293274 0.357482 0.172891
v 0.295650 0.530790 0.174273
v 0.287277 0.079892 0.174366
v 0.295526 0.413023 0.174171
v 0.067498 -0.604959 0.173460
v 0.290895 0.264610 0.169685
v 0.286148 0.009501 0.168910
v 0.036740 -0.541983 0.171450
v 0.245503 -0.609201 0.176372
v 0.286013 -0.003624 0.168599
v 0.282761 -0.138288 0.167177
v 0.276012 -0.509302 0.171001
v 0.283768 -0.025735 0.175381
v 0.276813 -0.218402 0.169041
v 0.049265 -0.239369 0.169176
v 0.292412 0.304323 0.172886
v 0.079158 0.019820 0.178476
v 0.058252 0.145596 0.173539
v 0.046427 0.152803 0.161268
v 0.228864 0.614998 0.166777
v 0.114076 0.623541 0.162657
v 0.057430 -0.042440 0.162271
v 0.284194 -0.093419 0.162315
v 0.286156 0.039529 0.161718
v 0.223833 -0.645817 0.164305
v 0.276816 -0.409200 0.167833
v 0.270805 -0.574775 0.162180
v 0.077318 0.621632 0.168269
v 0.215753 0.622157 0.168969
v 0.064476 0.231429 0.171179
v 0.123895 0.622429 0.165835
v 0.062399 -0.083095 0.170063
v 0.285684 -0.056678 0.170755
v 0.134216 0.623343 0.166936
v 0.274201 -0.242136 0.164332
v 0.213968 0.622501 0.157154
v 0.044483 0.600346 0.160465
v 0.129097 0.615692 0.157078
v 0.285279 0.418288 0.160104
v 0.080511 0.625822 0.154918
v 0.282021 0.316773 0.158236
v 0.201418 0.626182 0.160264
v 0.050406 -0.223775 0.163302
v 0.028935 -0.518908 0.158847
v 0.289122 0.194853 0.163098
v 0.045843 -0.636962 0.161155
v 0.224397 -0.628416 0.156173
v 0.275101 -0.567703 0.160059
v 0.276977 -0.313638 0.167048
v 0.282890 0.482340 0.158425
v 0.071499 0.509020 0.163221
v 0.281521 0.567516 0.163484
v 0.290784 0.454095 0.163247
v 0.124055 0.615589 0.156658
v 0.060792 0.195030 0.167342
v 0.040259 -0.251754 0.161688
v 0.051837 -0.414731 0.161855
v 0.287201 0.110442 0.161488
v 0.052525 -0.439286 0.165059
v 0.026259 -0.560773 0.163298
v 0.048498 -0.373436 0.163137
v 0.141423 0.620818 0.152741
v 0.052763 0.443691 0.151208
v 0.032833 0.596776 0.151843
v 0.278992 0.257071 0.151549
v 0.281075 -0.100642 0.152452
v 0.009926 -0.555907 0.146969
v 0.272677 -0.457126 0.157314
v 0.269043 -0.225716 0.153049
v 0.274391 -0.562949 0.154485
v 0.032813 0.609223 0.151581
v 0.056071 0.004604 0.158962
v 0.064371 0.622362 0.156991
v 0.053490 0.614781 0.158173
v 0.056416 0.394104 0.153245
v 0.031946 -0.277098 0.151872
v 0.047159 -0.210352 0.157093
v 0.273523 -0.200396 0.153019
v 0.273445 -0.486937 0.156689
v 0.036860 0.620950 0.145203
v 0.121585 0.616760 0.148128
v 0.135392 0.615829 0.148025
v 0.034373 -0.128310 0.144636
v 0.035890 -0.419243 0.148105
v 0.020102 0.607756 0.143237
v 0.034081 -0.398069 0.147680
v 0.283258 -0.020945 0.154137
v 0.223435 -0.634952 0.153609
v 0.249284 -0.655232 0.147820
v 0.273121 -0.285192 0.149903
v 0.145687 0.621899 0.140588
v 0.221513 0.610705 0.140020
v 0.031507 0.017926 0.137661
v 0.277600 0.180223 0.142480
v 0.037648 0.185281 0.146438
v 0.260920 0.291169 0.138007
v 0.270287 -0.097596 0.137588
v 0.031404 -0.608947 0.139163
v 0.259248 -0.245132 0.139495
v 0.274199 -0.402305 0.142881
v 0.233074 -0.626047 0.140646
v 0.229520 -0.630825 0.142713
v 0.255845 -0.600861 0.144678
v 0.128181 0.615960 0.145484
v 0.202784 0.622929 0.147516
v 0.263627 0.499691 0.142257
v 0.051277 0.308367 0.152948
v 0.266143 0.376920 0.142560
v 0.030398 -0.231170 0.146224
v 0.275402 -0.132309 0.146098
v 0.031560 -0.187763 0.141896
v 0.020371 -0.300885 0.141451
v 0.268992 -0.512761 0.142730
v 0.230941 -0.635095 0.142276
v 0.045792 0.536515 0.139460
v 0.253867 0.525283 0.132173
v 0.147824 0.622046 0.132021
v 0.117541 0.623716 0.136173
v 0.028000 0.042363 0.135544
v 0.255347 0.505774 0.132128
v 0.019942 0.002549 0.129382
v 0.273814 -0.355990 0.134835
v 0.266652 -0.555239 0.133966
v 0.246700 -0.613038 0.138633
v 0.180625 0.622084 0.140471
v 0.132624 0.622499 0.135414
v 0.263890 0.428771 0.140297
v 0.030586 -0.071630 0.139448
v 0.025507 -0.257343 0.142896
v 0.276647 0.094144 0.139390
v 0.018770 -0.453314 0.136789
v 0.007042 -0.575005 0.134939
v 0.032110 -0.593033 0.143781
v 0.266096 -0.188557 0.135276
v 0.199727 0.614954 0.130931
v 0.006095 0.616835 0.126823
v 0.000093 0.606306 0.123978
v 0.165236 0.616853 0.127689
v 0.259031 0.477090 0.134609
v 0.260676 -0.139724 0.127707
v 0.268441 -0.403740 0.126583
v 0.247121 -0.635189 0.126134
v 0.026709 0.568486 0.132669
v 0.021876 -0.042540 0.131606
v 0.023122 0.347782 0.121457
v 0.229653 0.602078 0.134271
v 0.248017 0.386426 0.130781
v 0.014374 -0.016349 0.126991
v 0.027553 0.101717 0.138134
v 0.273638 -0.062918 0.137052
v 0.276213 0.013241 0.136037
v 0.278787 -0.013288 0.142591
v 0.257231 -0.274361 0.130446
v 0.250279 -0.642738 0.131318
v 0.027112 0.628528 0.122367
v 0.230547 0.410201 0.119323
v 0.142703 0.623224 0.120104
v 0.240081 0.570603 0.123573
v 0.004388 0.597080 0.126054
v 0.231705 0.353802 0.118799
v 0.004588 -0.489592 0.128321
v 0.009335 -0.182017 0.121657
v 0.255632 -0.193901 0.121575
v 0.005762 -0.202207 0.120840
v -0.012457 -0.564530 0.121955
v 0.250510 -0.220896 0.123797
v 0.258706 -0.322765 0.119168
v -0.003941 -0.338129 0.117110
v 0.260916 -0.521508 0.124773
v 0.250683 -0.607372 0.126574
v 0.249882 -0.635359 0.120894
v 0.255577 -0.640702 0.120398
v 0.014928 0.062954 0.123855
v 0.026040 0.478462 0.123535
v 0.264015 -0.030159 0.125375
v 0.246105 0.358037 0.126488
v 0.223235 0.378484 0.119073
v 0.245303 0.430719 0.125853
v 0.007831 -0.269452 0.126172
v 0.265371 0.095365 0.125972
v -0.005291 -0.509168 0.124832
v 0.012058 -0.388520 0.128585
v 0.268390 -0.346407 0.123505
v 0.244133 -0.623987 0.127163
v 0.230184 0.445369 0.112070
v 0.003301 0.117146 0.115487
v 0.224781 0.416759 0.112757
v 0.232872 0.254004 0.113271
v 0.248453 0.503583 0.120512
v -0.001402 0.624470 0.111635
v 0.015842 0.256162 0.117527
v 0.160158 0.615580 0.115992
v 0.259109 -0.442941 0.120582
v 0.016204 -0.603778 0.116692
v 0.247481 -0.630049 0.115119
v 0.245639 -0.253295 0.118336
v 0.230467 0.586538 0.120883
v 0.241533 0.339527 0.119917
v 0.013228 0.023223 0.121357
v 0.026503 0.532555 0.120506
v 0.257584 0.177310 0.120940
v 0.242373 0.300012 0.120156
v 0.009701 -0.072865 0.119094
v 0.035889 0.522346 0.127722
v 0.017376 -0.599549 0.118997
v 0.216932 0.368274 0.114238
v -0.018888 -0.556660 0.116293
v 0.252590 -0.575828 0.116908
v 0.257842 -0.486249 0.121854
v 0.247814 -0.299024 0.116676
v 0.047414 0.631640 0.107519
v 0.000207 0.009488 0.111451
v 0.242108 0.508695 0.113431
v -0.006611 -0.211478 0.108806
v 0.241290 -0.044042 0.110384
v -0.015864 -0.490686 0.111389
v -0.025907 -0.512452 0.106995
v 0.247079 -0.195256 0.113788
v 0.242573 -0.565481 0.106916
v 0.243020 -0.589137 0.107887
v 0.255273 -0.417542 0.111349
v 0.214949 0.600947 0.115338
v 0.240193 0.087522 0.108147
v -0.005016 -0.124359 0.109203
v 0.242532 0.036009 0.110128
v 0.262201 -0.345394 0.114761
v 0.260498 -0.374351 0.112169
v 0.245717 -0.613721 0.114415
v 0.243952 -0.277618 0.115362
v 0.164429 0.615005 0.104472
v 0.002620 0.427992 0.103133
v 0.222156 0.568156 0.104117
v -0.019991 0.616800 0.103428
v 0.151504 0.622846 0.101694
v 0.224453 -0.002648 0.098933
v 0.228114 -0.100370 0.102384
v 0.240600 -0.459854 0.102314
v -0.001135 -0.609239 0.103041
v 0.231700 0.520061 0.107088
v 0.222845 0.331936 0.106767
v -0.002609 0.196138 0.105671
v 0.229857 0.476622 0.105309
v 0.241751 0.177740 0.109331
v -0.007312 0.038774 0.103514
v -0.018820 -0.412611 0.101757
v -0.005330 -0.178969 0.107742
v 0.242996 0.133568 0.108210
v -0.011845 -0.279790 0.106173
v 0.000025 -0.595554 0.105512
v 0.247162 -0.516154 0.107833
v 0.217645 0.437848 0.097980
v -0.009543 0.566144 0.098159
v 0.001108 0.629894 0.095390
v 0.201056 0.237185 0.087348
v -0.019191 -0.117986 0.092610
v -0.024881 -0.200495 0.091726
v -0.016252 -0.129267 0.097778
v 0.224868 -0.251690 0.098747
v -0.022487 -0.354937 0.097937
v 0.232004 -0.607760 0.096514
v 0.243756 -0.631736 0.100465
v 0.212523 0.356529 0.104720
v 0.211711 0.402967 0.103429
v 0.204411 0.383292 0.098793
v 0.228379 -0.580855 0.097289
v 0.242035 -0.348557 0.097882
v 0.239832 -0.617215 0.101985
v 0.249168 -0.639166 0.101103
v 0.198310 0.334096 0.086548
v 0.130774 0.627290 0.095403
v 0.153525 0.620049 0.089235
v 0.224062 -0.202954 0.097147
v 0.218080 0.038364 0.093498
v 0.210377 -0.292375 0.088028
v 0.235847 -0.627725 0.092667
v -0.025248 -0.578326 0.094372
v -0.028944 0.591754 0.092452
v 0.215036 0.078784 0.092281
v -0.016050 -0.031795 0.098417
v -0.027849 -0.054444 0.089871
v -0.029239 -0.295071 0.088707
v 0.227901 -0.556139 0.095465
v -0.042078 -0.533625 0.092050
v 0.237684 -0.381312 0.093322
v 0.205045 0.275705 0.088988
v -0.018963 0.245861 0.084200
v -0.043629 0.608649 0.083183
v 0.166007 0.613536 0.088724
v -0.023502 0.027426 0.087859
v -0.036862 -0.039875 0.084789
v -0.031631 -0.226706 0.082850
v 0.214555 -0.565015 0.084852
v -0.016843 -0.596736 0.085446
v 0.214513 -0.481663 0.082010
v 0.223953 -0.521206 0.086507
v 0.217473 0.480713 0.092074
v 0.216802 -0.324250 0.086782
v -0.022435 -0.097821 0.089267
v 0.211886 -0.456167 0.084808
v -0.033017 0.572467 0.078397
v -0.016981 0.301418 0.080372
v -0.022305 0.369802 0.077337
v 0.192286 0.104707 0.079035
v 0.188622 0.071988 0.076677
v 0.194967 -0.143606 0.076993
v 0.198357 0.014311 0.078639
v -0.052667 -0.069710 0.075465
v 0.200720 -0.463239 0.075956
v 0.199915 -0.605417 0.076886
v -0.021539 -0.610453 0.080575
v 0.194225 0.414294 0.080453
v -0.030248 -0.153602 0.084029
v 0.196990 -0.011442 0.077022
v 0.191535 -0.111751 0.075940
v -0.047701 -0.061460 0.080177
v -0.025661 -0.262102 0.087697
v -0.041925 -0.328651 0.075990
v -0.029250 -0.109834 0.081428
v -0.054734 0.618101 0.070516
v 0.170149 0.608112 0.078235
v -0.027347 0.630800 0.073096
v -0.046897 0.622844 0.073052
v -0.046389 -0.406766 0.070849
v 0.199538 -0.333678 0.071988
v 0.190172 -0.290911 0.068291
v 0.197534 -0.266607 0.073845
v -0.061066 -0.525500 0.069808
v -0.044070 -0.483965 0.081222
v 0.188138 0.181340 0.075251
v -0.036361 0.062332 0.079261
v 0.201197 0.540607 0.077174
v 0.195422 0.135722 0.079710
v -0.057623 -0.050113 0.074140
v 0.197858 -0.235418 0.073482
v -0.062525 -0.062578 0.070190
v 0.200868 -0.050178 0.079009
v 0.193197 -0.595634 0.071886
v 0.202160 -0.617514 0.072772
v 0.210939 -0.367670 0.075318
v 0.179426 0.387004 0.065625
v -0.039007 0.473076 0.067162
v 0.166339 0.600541 0.065404
v 0.185086 -0.041164 0.065508
v -0.052652 -0.230651 0.063924
v 0.190947 -0.317773 0.066061
v -0.044069 -0.284822 0.069039
v -0.050932 -0.619274 0.064665
v 0.202052 -0.519322 0.064009
v 0.215796 -0.633633 0.068051
v 0.230236 -0.645176 0.064453
v -0.036123 -0.605137 0.067212
v -0.034076 0.525041 0.066263
v 0.192520 0.565658 0.072974
v 0.194913 0.453997 0.070697
v 0.178330 0.124488 0.067151
v -0.052059 0.097898 0.065293
v -0.042042 -0.217188 0.073325
v -0.041301 -0.131682 0.070809
v -0.047129 -0.303974 0.067457
v 0.190335 -0.423753 0.067032
v -0.051408 -0.441038 0.069621
v -0.028162 -0.601561 0.072149
v -0.053798 -0.462942 0.069036
v -0.056587 -0.561979 0.070949
v 0.094616 0.630423 0.067787
v -0.060643 -0.155383 0.059635
v 0.173826 0.022128 0.059327
v -0.045349 -0.590052 0.063117
v 0.188062 -0.341253 0.061238
v -0.067939 -0.446165 0.057080
v -0.066967 0.611670 0.060242
v 0.169510 0.311512 0.056585
v -0.052260 0.015906 0.066279
v 0.169790 -0.137330 0.062026
v 0.170273 -0.162915 0.058283
v -0.056848 -0.423339 0.061286
v -0.041748 -0.598659 0.061893
v 0.199712 -0.541036 0.064504
v 0.178250 0.462978 0.052454
v 0.175927 0.434583 0.052842
v -0.069462 0.621449 0.052276
v 0.157520 -0.116993 0.054196
v -0.071795 -0.472185 0.053821
v 0.233263 -0.648710 0.054083
v 0.173064 -0.609325 0.053904
v 0.165141 0.374352 0.050437
v -0.052783 0.474445 0.054131
v 0.151201 0.608024 0.059925
v -0.073786 -0.070938 0.056318
v 0.160899 -0.081154 0.054291
v -0.045092 0.268892 0.055753
v 0.179665 0.478930 0.052284
v -0.062716 0.208806 0.051150
v 0.015096 0.636137 0.048802
v -0.065200 -0.097651 0.053362
v 0.160084 -0.212723 0.044352
v -0.069535 -0.130540 0.048088
v -0.074766 -0.215166 0.045650
v 0.171177 -0.372631 0.047019
v -0.080464 -0.573610 0.039441
v 0.185855 -0.630280 0.045781
v -0.053786 0.449809 0.053393
v -0.061118 0.570807 0.049551
v -0.043959 0.345145 0.055101
v 0.155727 0.056845 0.047200
v -0.068709 -0.417180 0.049463
v 0.172669 -0.247109 0.051220
v -0.069017 -0.173151 0.053534
v 0.210536 -0.640661 0.050103
v 0.162299 0.348575 0.047534
v 0.149958 0.304861 0.035236
v 0.163010 0.270552 0.047634
v 0.156965 0.146767 0.045680
v -0.068811 0.238343 0.040157
v 0.148558 0.219652 0.037684
v -0.080060 -0.289635 0.039533
v -0.078449 -0.372713 0.042559
v -0.084262 -0.440354 0.039843
v 0.148690 -0.181709 0.037381
v -0.090784 -0.503434 0.039370
v 0.166910 -0.339911 0.041545
v -0.081314 -0.464615 0.043955
v 0.157445 -0.595676 0.040915
v 0.173929 -0.537995 0.042096
v 0.165599 -0.620912 0.039724
v -0.083819 0.157434 0.035828
v 0.172756 0.493115 0.046562
v -0.075021 0.071218 0.045452
v 0.164396 -0.018149 0.049113
v -0.081268 0.037867 0.041348
v 0.176792 -0.307321 0.048929
v -0.082573 -0.184541 0.043914
v -0.065133 -0.261668 0.050875
v 0.179065 -0.497481 0.047122
v 0.093768 0.627975 0.035114
v 0.156909 0.548906 0.035573
v -0.089723 0.602373 0.035189
v 0.151603 0.264318 0.036339
v 0.134169 -0.082789 0.034955
v -0.086528 -0.086394 0.039293
v -0.096806 -0.017345 0.033667
v -0.093760 -0.044703 0.041117
v 0.137273 -0.064229 0.035018
v -0.086944 -0.622836 0.032800
v -0.069552 -0.607535 0.036620
v 0.159634 -0.458930 0.038004
v 0.148496 -0.607019 0.032455
v -0.071197 0.551574 0.033908
v -0.069524 0.422248 0.037102
v -0.084144 -0.105560 0.036345
v 0.170538 -0.291817 0.042262
v -0.087903 0.627023 0.028668
v -0.081554 0.466422 0.029732
v 0.157825 0.441319 0.030657
v 0.159762 0.413468 0.032839
v -0.088541 -0.426044 0.030134
v -0.091844 -0.221887 0.027903
v 0.152345 -0.492319 0.026473
v -0.103658 -0.542310 0.027820
v -0.092541 0.613475 0.033359
v -0.100119 -0.160986 0.031008
v -0.102970 -0.069987 0.028901
v 0.145247 0.103857 0.032704
v 0.130907 0.013548 0.028800
v 0.146595 -0.389670 0.028737
v 0.168142 -0.517004 0.036114
v 0.096338 0.620454 0.020281
v -0.087360 0.481789 0.021602
v -0.083018 0.573866 0.028198
v 0.126792 -0.137065 0.023996
v -0.108939 -0.009306 0.022015
v -0.107412 -0.197438 0.021617
v -0.096614 -0.351621 0.025947
v -0.107561 -0.030508 0.023736
v -0.101232 -0.570572 0.021912
v 0.130293 -0.595553 0.021777
v -0.090988 0.209961 0.025201
v -0.102313 0.619282 0.023035
v 0.041985 0.635649 0.027008
v 0.120796 0.049341 0.019260
v -0.108203 0.016757 0.021163
v 0.141477 -0.206785 0.025999
v -0.102721 -0.185219 0.028540
v -0.094207 0.080031 0.025760
v -0.102609 -0.441024 0.021082
v -0.101672 -0.563239 0.026442
v 0.154493 -0.295758 0.026698
v -0.103757 0.630064 0.015174
v -0.109688 0.178611 0.011358
v 0.142724 0.371289 0.020450
v -0.105669 -0.101162 0.018065
v 0.117186 -0.007533 0.015167
v -0.114031 -0.056091 0.017164
v 0.114977 0.036443 0.016242
v -0.113304 -0.073449 0.014307
v -0.095254 -0.401330 0.020409
v 0.118826 -0.064071 0.017294
v -0.099096 -0.260852 0.020083
v -0.080487 -0.598392 0.020196
v 0.161362 -0.632434 0.017728
v -0.080730 0.633893 0.023809
v 0.119890 0.594599 0.018802
v 0.144850 0.448673 0.019159
v 0.149632 0.435207 0.021556
v 0.139765 0.534637 0.015651
v -0.093210 0.100926 0.025219
v 0.125223 0.190165 0.017182
v 0.128190 -0.030504 0.021415
v 0.145549 -0.371201 0.025463
v 0.120641 -0.164320 0.016839
v 0.143601 -0.532755 0.021019
v -0.100751 -0.315451 0.021770
v 0.148225 -0.625695 0.017339
v -0.096192 0.343598 0.006435
v -0.098772 0.573246 0.013037
v -0.105761 0.463863 0.012297
v -0.104330 0.115501 0.015736
v -0.022402 0.638765 0.012316
v -0.084257 0.518482 0.013262
v -0.107851 0.454278 0.009285
v -0.119473 -0.339826 0.008432
v -0.110322 -0.119788 0.013636
v -0.110239 -0.477790 0.016068
v 0.123929 -0.204179 0.010383
v -0.118976 -0.368634 0.007192
v 0.122180 -0.542955 0.005693
v 0.120249 -0.603640 0.010579
v -0.127850 0.004300 0.007830
v 0.141645 -0.337204 0.014567
v 0.124714 -0.479641 0.001534
v -0.089679 -0.605977 0.011431
v 0.133554 0.503454 0.008790
v -0.091826 0.376606 0.012081
v 0.123198 0.206652 0.013944
v 0.143019 0.413419 0.013742
v -0.123871 -0.184347 0.013222
v -0.106823 -0.291435 0.016202
v -0.109647 -0.380514 0.011799
v 0.128190 -0.614715 0.012845
v 0.118208 -0.587187 0.010894
v -0.115293 -0.570734 0.011741
v 0.132195 0.394454 0.005134
v -0.118651 0.205963 0.002523
v 0.118057 0.199534 0.008259
v -0.094320 0.264935 0.009816
v 0.119794 0.079184 0.010167
v -0.120450 -0.092063 0.002391
v -0.134234 -0.157647 0.002926
v -0.126091 -0.508875 0.004413
v 0.130769 -0.623918 0.004792
v -0.090843 0.310349 0.010109
v 0.124809 0.573206 0.011862
v -0.091296 0.527200 0.007050
v 0.131297 0.434181 0.005902
v 0.108627 0.010023 0.008994
v 0.109270 -0.064480 0.005100
v -0.104520 -0.416803 0.011871
v 0.131639 -0.225512 0.011241
v 0.127165 -0.377992 0.008698
v 0.134879 -0.447022 0.015118
v -0.131190 -0.561068 0.003482
v 0.120896 0.363634 -0.002456
v -0.124087 0.091748 -0.001343
v 0.126100 0.274427 0.008086
v 0.062147 0.628682 -0.004602
v 0.127026 0.421335 -0.000154
v -0.141193 -0.190677 -0.003888
v -0.130798 0.602989 -0.004323
v -0.122814 -0.040650 0.002998
v -0.125660 0.044567 0.000771
v 0.127037 -0.324796 -0.000114
v -0.124132 -0.470470 -0.002078
v 0.105150 -0.559725 -0.006359
v 0.143792 -0.639583 -0.003002
v -0.117162 -0.212335 0.008257
v -0.120412 -0.224789 0.003669
v -0.103021 -0.611073 0.002622
v 0.110579 -0.591407 0.002137
v 0.043118 0.633155 -0.008757
v -0.125501 0.466489 -0.008528
v 0.067173 0.623475 -0.008319
v -0.113774 0.492216 -0.006982
v 0.093931 0.026002 -0.006721
v 0.114184 0.495193 -0.008768
v -0.110769 0.417001 -0.005262
v -0.136631 -0.242112 -0.006551
v 0.097225 -0.054870 -0.009612
v 0.113087 0.228319 -0.003830
v 0.105646 -0.596654 -0.007672
v -0.102099 -0.600700 -0.004943
v -0.110677 0.567444 -0.001078
v -0.129686 0.590271 -0.008539
v 0.120935 0.516227 -0.002763
v -0.133533 -0.023229 -0.004343
v 0.110078 0.163897 -0.001885
v -0.135514 0.068084 -0.008176
v -0.133620 -0.116482 -0.006876
v 0.107949 0.117260 -0.003304
v -0.132333 -0.360459 -0.003106
v -0.131806 0.029258 -0.001880
v 0.112835 -0.416042 -0.002236
v -0.101074 -0.592140 -0.001207
v -0.146438 0.209563 -0.021204
v -0.112998 0.374347 -0.012117
v -0.114377 0.276711 -0.011985
v 0.104686 0.559178 -0.012934
v -0.138980 0.117474 -0.016953
v -0.152840 -0.153649 -0.016362
v -0.129815 -0.065987 -0.010050
v -0.142200 0.042630 -0.013758
v 0.104253 -0.205596 -0.009663
v -0.143676 -0.616186 -0.017207
v -0.149903 0.008295 -0.014400
v -0.138761 -0.314022 -0.011695
v 0.102022 -0.397449 -0.012622
v -0.136866 -0.579381 -0.015864
v -0.122977 0.637053 -0.012056
v 0.099114 -0.026722 -0.007637
v -0.127731 -0.438527 -0.010428
v -0.140212 -0.219241 -0.008343
v -0.111132 -0.592135 -0.009041
v 0.105197 0.415465 -0.019636
v 0.108957 0.454234 -0.015241
v -0.131761 0.476315 -0.018918
v -0.156069 -0.171616 -0.020236
v -0.138170 -0.084639 -0.018719
v -0.150604 -0.257903 -0.019752
v 0.111310 -0.303904 -0.016652
v -0.136704 -0.387337 -0.015844
v 0.104821 -0.528207 -0.017701
v -0.154939 -0.561292 -0.021471
v -0.125609 -0.604216 -0.018458
v -0.149151 0.619627 -0.019533
v 0.117027 0.429184 -0.009957
v 0.048403 0.629434 -0.018881
v 0.078039 0.604316 -0.014905
v 0.077653 0.028459 -0.021733
v 0.092503 -0.093597 -0.015557
v -0.120919 -0.594101 -0.016790
v -0.145091 -0.368041 -0.019181
v 0.104073 -0.240533 -0.018342
v 0.057972 0.620562 -0.022891
v -0.130490 0.295678 -0.028903
v -0.148300 0.631109 -0.023088
v -0.158051 -0.039232 -0.029979
v 0.079304 -0.096846 -0.028291
v 0.074974 0.004595 -0.026742
v -0.153293 -0.571703 -0.025802
v 0.087089 -0.395707 -0.028630
v 0.086181 -0.593978 -0.027553
v -0.129830 -0.592718 -0.023942
v 0.110274 -0.622572 -0.026296
v -0.127043 -0.597073 -0.023054
v 0.125217 -0.640622 -0.026163
v 0.102080 0.323373 -0.021258
v -0.119145 0.640427 -0.025188
v -0.159845 -0.011822 -0.023801
v 0.092242 0.137567 -0.019202
v 0.080823 0.096744 -0.023850
v 0.093599 0.445289 -0.028316
v 0.095270 -0.445150 -0.021911
v 0.098722 -0.480372 -0.026427
v 0.100959 -0.338871 -0.021061
v 0.107010 -0.493596 -0.020574
v 0.089529 -0.583865 -0.020840
v -0.137978 0.433138 -0.028307
v -0.136883 0.490351 -0.028322
v -0.134025 0.398564 -0.030516
v -0.143902 0.466825 -0.030624
v 0.075318 -0.057406 -0.032667
v -0.150789 -0.384216 -0.030612
v -0.157416 -0.614996 -0.033059
v -0.174788 -0.627801 -0.031403
v 0.079489 -0.553384 -0.036111
v -0.136649 -0.590551 -0.031399
v -0.142549 0.566743 -0.029027
v 0.094184 0.490245 -0.026904
v 0.088685 0.396727 -0.032482
v 0.086106 0.560550 -0.030536
v -0.154558 0.074426 -0.024542
v -0.159804 0.031204 -0.028260
v 0.089390 0.225534 -0.029044
v 0.079810 0.074250 -0.023841
v 0.072740 -0.137026 -0.031307
v -0.163955 -0.200880 -0.032156
v 0.086441 -0.181717 -0.020759
v -0.149940 0.307801 -0.042863
v -0.144153 0.525767 -0.036105
v 0.080730 0.372622 -0.040316
v -0.145713 0.359237 -0.039504
v 0.082883 0.538574 -0.036823
v 0.069032 0.445086 -0.044855
v 0.076296 0.392795 -0.041202
v 0.025808 0.630268 -0.037885
v 0.061518 0.101043 -0.038906
v 0.084861 0.307638 -0.041816
v -0.160151 -0.296116 -0.036816
v -0.168028 -0.126028 -0.042078
v -0.165119 -0.366668 -0.039823
v -0.139723 -0.597661 -0.035597
v 0.087628 -0.500678 -0.038096
v 0.095648 -0.617639 -0.039421
v 0.107726 -0.626011 -0.037377
v -0.167444 0.628541 -0.036355
v -0.164455 0.196920 -0.035414
v -0.169422 0.619566 -0.036030
v 0.087197 0.268434 -0.037097
v 0.055574 0.023058 -0.039242
v -0.162619 -0.344837 -0.037493
v -0.162964 -0.224957 -0.034927
v -0.173459 -0.005126 -0.034226
v -0.170092 -0.553614 -0.036110
v -0.169275 -0.565670 -0.037854
v 0.092723 -0.311444 -0.032479
v 0.063877 -0.599088 -0.040608
v 0.067056 -0.604142 -0.041059
v 0.081826 -0.343031 -0.037767
v 0.072440 -0.583232 -0.034641
v 0.067704 0.577171 -0.041661
v -0.172207 -0.055834 -0.045124
v 0.079653 0.420823 -0.041887
v -0.150105 0.407190 -0.044992
v -0.149054 0.282685 -0.042472
v -0.154884 0.273277 -0.047023
v -0.170905 -0.172291 -0.041397
v -0.172789 -0.218062 -0.045369
v -0.160055 -0.455296 -0.041096
v 0.065494 -0.026903 -0.041991
v 0.076709 -0.610736 -0.044069
v 0.098594 -0.621777 -0.044463
v 0.032994 0.625111 -0.040393
v 0.070757 0.484107 -0.042470
v -0.160382 0.228876 -0.040083
v -0.168035 0.600435 -0.039485
v -0.169820 0.208170 -0.041187
v -0.156909 -0.076747 -0.036312
v 0.069148 0.506853 -0.047671
v 0.061190 0.052518 -0.037346
v -0.159757 -0.414689 -0.043427
v 0.056408 -0.107686 -0.044700
v 0.060491 -0.202886 -0.047060
v -0.169210 -0.025833 -0.036672
v -0.147092 -0.586462 -0.038163
v 0.079961 -0.518041 -0.044846
v -0.153163 0.374195 -0.048205
v -0.189081 0.015205 -0.050406
v -0.194857 -0.012087 -0.051711
v 0.047480 0.087824 -0.051382
v -0.179232 -0.515365 -0.050448
v -0.161837 -0.589496 -0.051262
v -0.173170 -0.259805 -0.053231
v -0.171759 0.135206 -0.047121
v 0.076844 0.406595 -0.043978
v -0.179234 -0.044743 -0.048305
v 0.063312 0.222919 -0.051747
v -0.179012 -0.232778 -0.051054
v 0.080722 -0.281864 -0.042191
v -0.158768 -0.606763 -0.046052
v 0.079900 -0.527888 -0.046018
v 0.067863 0.398978 -0.051554
v -0.180857 0.114915 -0.053847
v -0.179716 0.573679 -0.060256
v -0.195384 0.087130 -0.057889
v -0.164293 0.522923 -0.052891
v -0.174053 -0.272219 -0.059085
v -0.180980 -0.204860 -0.057078
v 0.044080 0.129390 -0.059329
v -0.185225 -0.222916 -0.057119
v 0.058041 -0.443756 -0.055902
v 0.041576 -0.116333 -0.057595
v -0.172124 -0.580788 -0.056164
v 0.059620 -0.247862 -0.053731
v 0.080017 -0.621242 -0.057315
v -0.166663 0.641477 -0.066177
v 0.056743 0.487427 -0.053865
v -0.178310 -0.361168 -0.053059
v -0.173540 -0.096242 -0.051289
v 0.038870 0.042468 -0.057189
v -0.175437 -0.300354 -0.056359
v 0.068086 -0.291973 -0.051384
v 0.055741 0.172517 -0.053304
v -0.166477 -0.604481 -0.054759
v 0.051614 -0.605368 -0.056361
v -0.183017 0.638155 -0.059432
v 0.064589 0.295844 -0.064748
v -0.165798 0.363366 -0.059798
v 0.042303 0.200611 -0.066825
v 0.051914 0.240107 -0.065612
v -0.192246 -0.094301 -0.066939
v -0.203929 -0.238397 -0.065772
v -0.017615 0.638323 -0.062497
v -0.201017 -0.242179 -0.063589
v -0.188986 -0.553120 -0.061184
v 0.038670 -0.012842 -0.062123
v -0.183854 -0.333500 -0.060370
v 0.045684 -0.613173 -0.065350
v 0.051320 -0.230141 -0.059238
v 0.067414 -0.538326 -0.059312
v -0.207876 -0.028854 -0.065289
v 0.058061 0.551723 -0.060182
v 0.043150 -0.078494 -0.059546
v -0.191106 0.039910 -0.056599
v 0.046337 -0.180057 -0.059718
v -0.173675 -0.379502 -0.051356
v -0.186364 -0.252153 -0.061869
v 0.041086 -0.040260 -0.060949
v -0.192177 0.136061 -0.067214
v 0.039915 0.453241 -0.070462
v 0.041620 0.485783 -0.070910
v -0.196241 0.208811 -0.069499
v -0.213267 -0.007717 -0.070105
v 0.059839 0.346895 -0.065725
v -0.195956 -0.055668 -0.065769
v -0.186470 -0.140585 -0.070424
v 0.028531 0.087447 -0.072674
v 0.030349 0.002546 -0.071331
v -0.185727 -0.153411 -0.066972
v -0.191715 -0.215376 -0.067126
v -0.014121 0.636016 -0.068811
v -0.177321 -0.262249 -0.063801
v -0.195831 -0.425645 -0.071351
v 0.051751 -0.621526 -0.071698
v -0.201187 -0.624775 -0.067492
v 0.043214 -0.588592 -0.064734
v 0.061650 -0.492269 -0.061980
v 0.062269 -0.528428 -0.065079
v 0.042720 0.417940 -0.069567
v -0.178009 0.444415 -0.068131
v -0.205397 0.073880 -0.065633
v 0.053326 0.371755 -0.069149
v -0.199601 0.022909 -0.064106
v -0.191425 -0.449831 -0.068161
v -0.183375 -0.120708 -0.064586
v -0.186423 -0.404476 -0.064507
v 0.036505 0.119425 -0.069037
v -0.175272 -0.266754 -0.062866
v 0.051763 -0.393923 -0.064832
v 0.038879 -0.601023 -0.067931
v 0.064561 -0.619282 -0.063193
v 0.038954 -0.608706 -0.070531
v 0.027290 0.580812 -0.079227
v 0.034033 0.151353 -0.075380
v 0.023576 -0.081515 -0.081592
v 0.032043 -0.214522 -0.074525
v -0.194547 -0.263120 -0.073970
v -0.184691 -0.263159 -0.071003
v 0.021353 -0.108116 -0.078430
v 0.044093 -0.617724 -0.075932
v 0.031632 -0.287230 -0.079062
v 0.042361 -0.555656 -0.075837
v 0.063627 -0.623468 -0.074490
v -0.174973 0.307296 -0.071671
v 0.055188 0.296282 -0.075390
v 0.039919 0.235380 -0.073933
v 0.048949 0.257151 -0.072946
v -0.206549 -0.247831 -0.070221
v -0.185896 -0.275859 -0.071738
v 0.045759 -0.529045 -0.077284
v 0.038205 -0.473706 -0.078355
v -0.208862 -0.341999 -0.083005
v -0.216668 -0.522949 -0.084264
v -0.052089 0.641093 -0.078988
v -0.187788 0.401268 -0.080048
v 0.019001 0.602782 -0.074704
v -0.213263 -0.041924 -0.076139
v 0.022133 0.072963 -0.081098
v -0.210434 -0.070186 -0.079885
v -0.198533 -0.268923 -0.078802
v -0.201335 -0.119698 -0.078733
v 0.035482 -0.319313 -0.077960
v 0.037586 -0.418599 -0.076179
v -0.203052 -0.556949 -0.078405
v -0.220563 0.634784 -0.088220
v 0.031368 0.476723 -0.085841
v 0.037644 0.525169 -0.085123
v 0.026199 0.434711 -0.087853
v 0.030656 0.376361 -0.089391
v 0.019280 -0.054257 -0.086692
v -0.220927 0.624385 -0.086160
v -0.217462 -0.105888 -0.089834
v 0.018581 0.091454 -0.088638
v 0.021605 0.156241 -0.089605
v -0.203606 -0.206914 -0.084287
v 0.020694 0.018395 -0.085392
v -0.197470 -0.301565 -0.083541
v -0.193969 -0.588468 -0.086609
v -0.222437 -0.235903 -0.087868
v 0.030376 -0.603150 -0.088468
v -0.215854 -0.617114 -0.089474
v 0.067818 -0.622786 -0.090368
v 0.022786 -0.462867 -0.092195
v 0.015357 0.049092 -0.087185
v 0.030008 0.119547 -0.079952
v -0.200486 -0.160183 -0.082490
v -0.184761 -0.592404 -0.078202
v 0.050596 -0.621621 -0.080928
v 0.030589 -0.593940 -0.082806
v 0.042680 0.321411 -0.090809
v 0.023737 0.561942 -0.090318
v 0.023371 0.479226 -0.093363
v -0.197642 0.294716 -0.094263
v 0.029362 0.527138 -0.091098
v 0.038406 0.356236 -0.088865
v 0.027775 0.458650 -0.090750
v -0.220903 0.093892 -0.086323
v -0.228310 -0.039040 -0.089736
v 0.014080 -0.027530 -0.094250
v -0.209660 -0.416936 -0.089545
v 0.014610 -0.177248 -0.089679
v 0.016505 -0.070913 -0.093611
v -0.209834 -0.305422 -0.093583
v 0.023692 -0.597616 -0.092724
v 0.009281 -0.581677 -0.097902
v 0.043839 -0.617079 -0.092448
v 0.022500 -0.523526 -0.095384
v 0.037490 -0.612481 -0.093303
v -0.215289 0.227570 -0.093846
v -0.221381 0.595616 -0.090095
v 0.033585 0.504387 -0.086344
v -0.194625 0.352028 -0.089180
v -0.204313 0.518744 -0.089958
v -0.224080 0.028934 -0.089907
v 0.026088 0.135647 -0.086498
v 0.013562 -0.043828 -0.092965
v -0.212550 -0.440939 -0.091122
v 0.022018 -0.487996 -0.092851
v -0.220883 -0.475702 -0.093275
v 0.024375 0.231553 -0.087922
v 0.018204 -0.564216 -0.093524
v 0.023763 -0.588528 -0.089552
v -0.203152 0.318056 -0.101093
v -0.205931 0.400896 -0.098910
v 0.002816 0.498641 -0.102599
v 0.008192 0.570457 -0.101028
v -0.224146 -0.198264 -0.100175
v -0.220566 -0.415709 -0.099543
v 0.013843 -0.301976 -0.096655
v -0.221714 -0.219350 -0.097579
v 0.009820 -0.078852 -0.101070
v 0.017547 -0.544205 -0.097891
v -0.043991 0.636485 -0.093465
v 0.034137 0.304513 -0.096663
v -0.233670 0.078492 -0.098315
v -0.225593 0.170689 -0.100897
v 0.004352 0.589909 -0.097043
v 0.015361 0.075688 -0.092837
v -0.220095 -0.264551 -0.095372
v -0.209732 -0.279378 -0.091457
v -0.220337 -0.150985 -0.095488
v 0.011750 0.527702 -0.100688
v -0.222547 -0.335458 -0.095463
v -0.202109 -0.604204 -0.090694
v -0.224990 -0.382744 -0.097919
v 0.019776 -0.409890 -0.094540
v -0.005343 0.480453 -0.106562
v -0.224874 0.640826 -0.107849
v -0.217038 0.264928 -0.104823
v 0.010495 0.459420 -0.103905
v -0.155742 0.644765 -0.113251
v 0.011057 0.391575 -0.104452
v -0.238006 0.113142 -0.108228
v -0.230163 -0.230646 -0.103667
v 0.012744 0.002406 -0.101089
v -0.231421 -0.255765 -0.103148
v 0.004600 0.023991 -0.105212
v 0.021559 -0.608626 -0.107335
v 0.000197 -0.217233 -0.104191
v 0.042976 -0.616386 -0.104883
v 0.010143 -0.489714 -0.106646
v -0.213000 -0.599347 -0.103623
v -0.246308 -0.184341 -0.110629
v -0.234276 -0.172864 -0.103673
v -0.237436 -0.004139 -0.099307
v 0.003912 -0.272312 -0.103742
v 0.004630 -0.370859 -0.106179
v -0.222022 0.386019 -0.113361
v -0.021084 0.483981 -0.117565
v -0.236238 0.212433 -0.113257
v -0.003315 0.525851 -0.112046
v -0.002762 0.567055 -0.110308
v -0.187357 0.645563 -0.121264
v -0.002888 0.061799 -0.111364
v -0.245816 -0.337854 -0.114469
v -0.240006 -0.242516 -0.111379
v -0.014313 -0.195886 -0.115646
v -0.011139 -0.563982 -0.114178
v 0.005289 -0.505455 -0.111152
v -0.226955 -0.582723 -0.110881
v -0.035187 0.623672 -0.107729
v -0.245626 0.588372 -0.113227
v 0.022551 0.351483 -0.104511
v 0.004529 0.434530 -0.107827
v -0.002637 0.083126 -0.109510
v -0.214365 0.360757 -0.108597
v -0.248316 -0.068529 -0.108514
v -0.238606 -0.473600 -0.111171
v -0.000654 -0.594950 -0.111017
v -0.253159 0.635051 -0.117663
v -0.101645 0.641961 -0.113309
v -0.015251 0.511613 -0.116744
v -0.003849 0.367684 -0.119382
v -0.078669 0.640371 -0.114561
v -0.013608 0.521421 -0.118546
v -0.000738 -0.018274 -0.118059
v -0.247296 -0.410076 -0.119971
v -0.258191 -0.547581 -0.121694
v -0.011657 -0.102517 -0.116359
v 0.005142 -0.059643 -0.108677
v -0.248582 -0.515347 -0.116587
v -0.012178 -0.595779 -0.121011
v 0.004826 -0.603545 -0.119214
v -0.001452 -0.502830 -0.116624
v 0.027463 -0.610951 -0.119820
v -0.254477 0.609612 -0.116766
v -0.222919 0.493979 -0.111030
v -0.239305 0.580498 -0.112023
v -0.013007 -0.121998 -0.115112
v -0.249453 -0.103543 -0.115800
v -0.235249 -0.225483 -0.109521
v -0.011890 -0.295741 -0.116868
v -0.249666 -0.557269 -0.115867
v -0.245982 -0.147300 -0.115262
v -0.014965 -0.582447 -0.116875
v -0.238213 0.234591 -0.120712
v -0.026197 0.584890 -0.123329
v -0.004484 0.284917 -0.123653
v -0.018893 0.369902 -0.127619
v -0.253687 0.640260 -0.127785
v -0.250163 0.199410 -0.126594
v -0.251164 0.146171 -0.125790
v -0.227702 0.339971 -0.120597
v -0.228926 0.434145 -0.118387
v -0.258131 -0.232629 -0.122135
v -0.244215 -0.606139 -0.122931
v -0.218966 0.286972 -0.115936
v -0.016726 0.450748 -0.120497
v -0.233023 0.259602 -0.120964
v -0.257459 0.047604 -0.123539
v -0.259337 -0.275825 -0.126823
v -0.264019 -0.209217 -0.123319
v -0.016109 0.204873 -0.128987
v -0.014259 0.096430 -0.120693
v -0.248975 -0.494828 -0.120686
v -0.262673 -0.193082 -0.122296
v -0.237403 -0.590648 -0.121821
v -0.011706 -0.343940 -0.117900
v -0.009172 -0.408958 -0.120539
v -0.270565 0.634776 -0.134518
v -0.022805 0.387017 -0.130095
v -0.200796 0.645033 -0.131468
v -0.034317 0.501621 -0.130862
v -0.262683 -0.000398 -0.124780
v -0.031602 -0.174262 -0.133064
v -0.013257 -0.483016 -0.131066
v -0.246237 0.572490 -0.121433
v -0.031370 0.600940 -0.122790
v -0.270067 -0.079250 -0.129677
v -0.235812 0.278199 -0.127921
v -0.255112 -0.305549 -0.125842
v -0.010611 0.000777 -0.127663
v -0.039601 0.573699 -0.135430
v -0.225748 0.305097 -0.122195
v -0.020923 -0.364103 -0.125110
v -0.248527 -0.452449 -0.122750
v -0.016612 -0.532522 -0.126925
v -0.255798 0.419387 -0.139561
v -0.031281 0.126367 -0.138586
v -0.038266 -0.240402 -0.138273
v -0.037869 -0.326025 -0.139923
v -0.026755 0.028477 -0.140227
v -0.022407 0.175606 -0.134797
v -0.016858 -0.447062 -0.132735
v -0.021268 -0.598038 -0.137605
v 0.042461 -0.612736 -0.136390
v -0.031041 -0.587499 -0.135676
v -0.248251 0.238161 -0.131159
v -0.254875 0.521562 -0.137357
v -0.014269 0.333511 -0.131112
v -0.033873 -0.112068 -0.136753
v -0.027666 -0.264360 -0.130374
v -0.175805 0.652550 -0.143109
v -0.038192 0.416265 -0.143979
v -0.165247 0.650838 -0.146204
v -0.037131 0.533123 -0.137618
v -0.255904 0.306960 -0.142021
v -0.264883 0.076188 -0.134049
v -0.281766 0.038083 -0.145845
v -0.275866 -0.161935 -0.139437
v -0.283222 -0.204022 -0.141203
v -0.039873 -0.149510 -0.143599
v -0.027891 -0.511212 -0.144175
v 0.008389 -0.606712 -0.140320
v -0.040027 -0.557582 -0.143416
v -0.039461 -0.574497 -0.142398
v -0.032326 -0.590918 -0.143630
v -0.085972 0.636663 -0.134639
v -0.247788 0.274440 -0.135663
v -0.266827 0.571393 -0.141380
v -0.269206 0.101642 -0.139885
v -0.272512 0.587137 -0.139493
v -0.023711 0.249950 -0.139799
v -0.040291 -0.406763 -0.143047
v -0.038004 0.443249 -0.141773
v -0.274064 -0.562222 -0.142270
v -0.270419 -0.511039 -0.138417
v -0.287394 0.630558 -0.151856
v -0.279789 0.637239 -0.151415
v -0.272247 0.640327 -0.149692
v -0.148083 0.645167 -0.147210
v -0.274401 0.131036 -0.150897
v -0.047594 0.395942 -0.153067
v -0.027846 -0.018747 -0.148678
v -0.037583 0.218423 -0.151990
v -0.283092 -0.277302 -0.147052
v -0.278561 -0.298692 -0.147085
v -0.288510 -0.237513 -0.145742
v -0.274808 -0.314630 -0.144782
v -0.277018 -0.479065 -0.146322
v -0.287992 0.622154 -0.149567
v -0.051337 0.507056 -0.147247
v -0.288058 -0.062418 -0.146398
v -0.029737 -0.042073 -0.148681
v -0.037731 0.111222 -0.145978
v -0.028162 -0.073799 -0.142329
v -0.276466 0.545913 -0.153661
v -0.188341 0.650996 -0.152219
v -0.065158 0.604255 -0.154282
v -0.046104 0.437065 -0.152912
v -0.282112 0.568234 -0.153359
v -0.042657 0.181289 -0.154926
v -0.035208 0.281156 -0.152841
v -0.292333 -0.511420 -0.154670
v -0.291244 -0.531402 -0.153565
v -0.021648 -0.598195 -0.152462
v 0.012757 -0.606126 -0.154433
v -0.055229 -0.221101 -0.154800
v -0.276233 -0.610341 -0.153253
v -0.173135 0.652097 -0.155189
v -0.056952 0.487147 -0.151786
v -0.051630 0.460353 -0.151173
v -0.277497 0.500144 -0.156965
v -0.285261 -0.110980 -0.148499
v -0.288128 -0.131386 -0.152166
v -0.288014 -0.440430 -0.153089
v -0.051224 -0.169607 -0.154587
v -0.276147 0.358876 -0.158047
v -0.054019 0.421379 -0.161949
v -0.051599 0.295527 -0.164909
v -0.300151 0.610412 -0.164051
v -0.162088 0.646953 -0.158839
v -0.277037 0.148508 -0.157663
v -0.279485 0.192012 -0.161157
v -0.053683 -0.436783 -0.159734
v -0.043759 -0.527498 -0.159029
v -0.041499 -0.485766 -0.158339
v -0.066663 -0.405109 -0.165293
v -0.010981 -0.598217 -0.168166
v -0.281173 0.465294 -0.158594
v -0.294657 0.587629 -0.158032
v -0.286467 -0.375246 -0.151645
v -0.044039 0.007906 -0.162365
v -0.289997 -0.321244 -0.156276
v -0.048995 -0.577540 -0.160175
v -0.275177 -0.603886 -0.156730
v -0.288273 0.631752 -0.164166
v -0.269382 0.640757 -0.166703
v -0.287494 0.165704 -0.168993
v -0.297311 0.619537 -0.166831
v -0.277595 0.231267 -0.161561
v -0.303303 0.593696 -0.169698
v -0.299674 0.096032 -0.165228
v -0.304420 0.454747 -0.172989
v -0.294117 0.125241 -0.167437
v -0.043710 0.261419 -0.164071
v -0.062885 -0.302419 -0.164623
v -0.305898 -0.479654 -0.165019
v -0.051751 -0.057361 -0.166760
v -0.060968 -0.129563 -0.164845
v -0.069509 -0.371229 -0.167620
v -0.043351 -0.585380 -0.166697
v -0.030802 -0.592737 -0.166223
v -0.280843 0.307485 -0.162337
v -0.064033 0.520978 -0.165958
v -0.216485 0.643615 -0.162326
v -0.297720 -0.298977 -0.160457
v -0.058276 -0.562093 -0.166891
v -0.302796 -0.560163 -0.169876
v -0.064531 0.409730 -0.171555
v -0.291928 0.191385 -0.171805
v -0.075419 0.540797 -0.174129
v -0.318930 -0.027696 -0.173482
v -0.323399 -0.056402 -0.176393
v -0.323214 -0.187577 -0.174288
v -0.321541 -0.101782 -0.176338
v -0.077422 -0.229612 -0.176060
v -0.072659 -0.336737 -0.173735
v -0.070339 -0.264228 -0.169772
v -0.282475 0.634293 -0.172724
v -0.296713 0.538538 -0.168325
v -0.304840 0.395358 -0.172667
v -0.072155 0.376513 -0.172647
v -0.068707 0.347041 -0.169364
v -0.296290 0.488155 -0.169001
v -0.064193 0.448110 -0.166684
v -0.074037 0.564168 -0.167847
v -0.291417 0.239591 -0.172661
v -0.061558 0.157815 -0.173052
v -0.059261 -0.094091 -0.166089
v -0.317007 -0.262439 -0.167825
v -0.287756 -0.586120 -0.166830
v -0.300225 -0.610925 -0.171107
v -0.273034 0.636053 -0.181440
v -0.306202 0.476251 -0.181371
v -0.070615 0.520952 -0.178071
v -0.073495 0.515738 -0.178989
v -0.312708 0.289539 -0.181225
v -0.301203 0.606970 -0.179300
v -0.316756 0.341577 -0.182634
v -0.304386 0.588619 -0.179595
v -0.081211 0.492002 -0.178810
v -0.166183 0.644073 -0.176234
v -0.318881 0.121987 -0.182449
v -0.325244 -0.032881 -0.180852
v -0.250565 0.641295 -0.175825
v -0.323862 0.030657 -0.183249
v -0.323951 -0.130472 -0.178284
v -0.332139 -0.279272 -0.181492
v -0.067749 0.133893 -0.179485
v -0.063086 0.194336 -0.178057
v -0.055127 -0.583867 -0.181752
v -0.037064 -0.590506 -0.179226
v -0.076023 -0.453521 -0.184977
v -0.065739 -0.573424 -0.180438
v -0.329191 -0.513795 -0.180637
v -0.329873 -0.528336 -0.182440
v -0.310898 0.444454 -0.178581
v -0.312683 0.398651 -0.178887
v -0.057528 0.271921 -0.175921
v -0.320224 -0.308501 -0.174013
v -0.057473 0.028910 -0.174965
v -0.324199 -0.386097 -0.178979
v -0.320842 -0.004790 -0.176447
v -0.074366 -0.196829 -0.173272
v -0.318101 0.377144 -0.187661
v -0.314865 0.233786 -0.188158
v -0.188477 0.643616 -0.185413
v -0.096459 0.602641 -0.185267
v -0.085571 0.416492 -0.187422
v -0.097591 0.553512 -0.188056
v -0.312872 0.192300 -0.185818
v -0.318313 0.288487 -0.186098
v -0.321861 0.080229 -0.183921
v -0.315702 0.403527 -0.185295
v -0.328576 -0.021188 -0.189239
v -0.333224 -0.176430 -0.187471
v -0.061272 -0.014425 -0.181571
v -0.088081 -0.156443 -0.186651
v -0.218699 0.639403 -0.186733
v -0.075728 -0.068976 -0.185089
v -0.331047 -0.431978 -0.184808
v -0.066324 -0.519915 -0.188293
v -0.303241 -0.594539 -0.184090
v -0.307569 0.145337 -0.181136
v -0.324814 -0.083388 -0.183004
v -0.321039 0.110817 -0.182102
v -0.059420 0.246699 -0.179481
v -0.329099 -0.476714 -0.182409
v -0.097003 0.522506 -0.191379
v -0.320988 0.317061 -0.194649
v -0.095468 0.378407 -0.191077
v -0.318739 0.149102 -0.192741
v -0.146302 0.635343 -0.195416
v -0.288585 0.622512 -0.189088
v -0.316745 0.384745 -0.193067
v -0.324833 0.119472 -0.190248
v -0.114282 0.621513 -0.189853
v -0.332175 -0.128143 -0.188823
v -0.110502 0.612720 -0.194978
v -0.311497 0.461318 -0.190689
v -0.330882 -0.051656 -0.192815
v -0.094221 -0.285979 -0.189630
v -0.338474 -0.477376 -0.195637
v -0.297880 0.599470 -0.192587
v -0.083457 0.450040 -0.186048
v -0.314080 0.166470 -0.188598
v -0.080770 0.519451 -0.183956
v -0.068438 -0.033330 -0.186901
v -0.099541 0.425602 -0.196122
v -0.337017 -0.407517 -0.192439
v -0.336078 -0.283758 -0.186777
v -0.327958 -0.616940 -0.182070
v -0.099447 -0.192388 -0.189672
v -0.318865 0.338835 -0.200155
v -0.100964 0.458771 -0.197860
v -0.105521 0.375844 -0.200920
v -0.320658 0.168043 -0.199151
v -0.281618 0.624897 -0.194923
v -0.313596 0.437890 -0.197693
v -0.328024 0.027505 -0.200980
v -0.316939 0.362293 -0.197087
v -0.300430 0.554418 -0.199171
v -0.101433 0.338449 -0.199032
v -0.080554 -0.498638 -0.201061
v -0.337397 -0.360857 -0.193073
v -0.340535 -0.515442 -0.199239
v -0.307683 0.480304 -0.195785
v -0.111448 -0.253306 -0.199867
v -0.098247 -0.421322 -0.200585
v -0.327703 -0.608184 -0.200461
v -0.074334 -0.574703 -0.198436
v -0.322613 0.183764 -0.197840
v -0.336954 -0.176691 -0.200521
v -0.097971 0.444867 -0.196408
v -0.087412 0.116584 -0.199894
v -0.089811 -0.087418 -0.197203
v -0.337304 -0.253007 -0.194354
v -0.336378 -0.535684 -0.194604
v -0.331602 -0.550914 -0.195694
v -0.101199 -0.397846 -0.199478
v -0.112044 -0.180905 -0.203073
v -0.326264 0.105497 -0.199283
v -0.321209 0.237040 -0.199287
v -0.323342 0.193090 -0.205476
v -0.331232 -0.081303 -0.204672
v -0.090955 0.159624 -0.202088
v -0.310541 0.461965 -0.203087
v -0.321061 0.168532 -0.204711
v -0.341738 -0.342786 -0.206038
v -0.078295 0.055176 -0.195146
v -0.333177 -0.117258 -0.199912
v -0.095467 0.284573 -0.203899
v -0.110621 -0.337889 -0.206700
v -0.034833 -0.588791 -0.203592
v -0.320369 -0.597126 -0.206616
v -0.321267 -0.602702 -0.204588
v -0.285009 0.616763 -0.200315
v -0.323274 0.134635 -0.201824
v -0.102213 0.396628 -0.197766
v -0.112493 0.524778 -0.203212
v -0.108735 0.498685 -0.200452
v -0.080767 0.010633 -0.198993
v -0.275433 0.614087 -0.211344
v -0.316655 0.307799 -0.208931
v -0.318697 0.089844 -0.215108
v -0.311373 0.352100 -0.209116
v -0.250238 0.628888 -0.213581
v -0.114455 0.421078 -0.210381
v -0.241199 0.635147 -0.206234
v -0.110287 0.333387 -0.211812
v -0.100758 -0.112049 -0.210057
v -0.106460 -0.131631 -0.212840
v -0.119526 -0.296803 -0.214742
v -0.333753 -0.560477 -0.206809
v -0.326231 -0.583107 -0.212319
v -0.319977 0.155951 -0.204986
v -0.317748 0.254552 -0.210630
v -0.114912 -0.221375 -0.203872
v -0.083325 -0.564591 -0.205280
v -0.279667 0.606467 -0.212599
v -0.317887 0.153170 -0.211397
v -0.123620 0.601249 -0.209760
v -0.331085 -0.054100 -0.215176
v -0.312837 0.228855 -0.220483
v -0.150256 0.630296 -0.213266
v -0.135968 0.617038 -0.213522
v -0.105566 0.273738 -0.216101
v -0.101883 0.227043 -0.217077
v -0.342182 -0.420977 -0.213769
v -0.335604 -0.150859 -0.213549
v -0.131923 -0.262839 -0.220237
v -0.124244 -0.376081 -0.218852
v -0.338150 -0.191429 -0.217342
v -0.322059 -0.602370 -0.217971
v -0.339730 -0.220665 -0.216065
v -0.340881 -0.487804 -0.222517
v -0.084852 -0.508604 -0.212623
v -0.090000 -0.567690 -0.218608
v -0.082885 -0.575076 -0.217090
v -0.067148 -0.584745 -0.216411
v -0.031437 -0.586731 -0.217137
v -0.315533 0.182675 -0.216987
v -0.324416 0.015657 -0.214986
v -0.330265 -0.015661 -0.207359
v -0.112718 0.445032 -0.208171
v -0.103091 0.182317 -0.217506
v -0.299439 0.489043 -0.210728
v -0.119894 -0.313026 -0.216230
v -0.095101 -0.485596 -0.214995
v -0.181795 0.638062 -0.221315
v -0.139710 0.585987 -0.221442
v -0.329460 -0.089069 -0.221299
v -0.168228 0.634874 -0.221940
v -0.159709 0.627509 -0.223062
v -0.278217 0.575413 -0.222539
v -0.286806 0.491006 -0.222444
v -0.219508 0.634887 -0.221757
v -0.110678 0.124127 -0.224913
v -0.130432 -0.170795 -0.229348
v -0.341369 -0.346471 -0.222534
v -0.342056 -0.515226 -0.222263
v -0.089905 -0.515326 -0.220117
v -0.059303 -0.586717 -0.217576
v -0.299856 0.459644 -0.218936
v -0.278943 0.515676 -0.226183
v -0.128365 0.484170 -0.224379
v -0.100405 0.073314 -0.218044
v -0.334558 -0.566339 -0.218318
v -0.106225 -0.452931 -0.219621
v -0.325210 -0.043680 -0.226263
v -0.268827 0.602158 -0.227541
v -0.116511 0.256780 -0.230884
v -0.129506 0.516598 -0.224889
v -0.335011 -0.184457 -0.226515
v -0.126798 -0.425831 -0.228491
v -0.336812 -0.226433 -0.228722
v -0.159814 0.602932 -0.230522
v -0.135812 0.536081 -0.230486
v -0.336751 -0.460224 -0.232185
v -0.122374 -0.141201 -0.229719
v -0.320493 -0.590674 -0.224759
v -0.107777 -0.066821 -0.223026
v -0.151209 0.578926 -0.234562
v -0.243242 0.619807 -0.234623
v -0.324591 -0.080921 -0.231269
v -0.171044 0.627144 -0.233291
v -0.116919 0.208056 -0.236496
v -0.337356 -0.488246 -0.236755
v -0.114176 -0.042812 -0.234178
v -0.313809 -0.600866 -0.235419
v -0.339861 -0.380422 -0.233061
v -0.111373 -0.500412 -0.237082
v -0.318841 -0.606561 -0.235039
v -0.294449 0.386385 -0.233283
v -0.335584 -0.297008 -0.235468
v -0.097305 -0.553676 -0.229944
v -0.091535 -0.569342 -0.229726
v -0.134127 0.375965 -0.242824
v -0.279402 0.461069 -0.240201
v -0.253796 0.608160 -0.237496
v -0.272402 0.494990 -0.238922
v -0.119790 0.293177 -0.234413
v -0.291096 0.124919 -0.242975
v -0.329162 -0.274318 -0.242100
v -0.126890 0.084853 -0.246078
v -0.334866 -0.361986 -0.241181
v -0.064057 -0.583847 -0.234211
v -0.149688 -0.398229 -0.241872
v -0.169185 0.603240 -0.240087
v -0.286976 0.367246 -0.239915
v -0.283674 0.430197 -0.239763
v -0.318491 -0.068276 -0.237817
v -0.122812 0.015097 -0.242371
v -0.327413 -0.246029 -0.243483
v -0.119196 -0.108720 -0.234588
v -0.124205 0.117799 -0.242995
v -0.143473 0.517316 -0.245223
v -0.286360 0.282214 -0.246327
v -0.195956 0.630615 -0.244933
v -0.262288 0.490332 -0.247847
v -0.144805 0.502772 -0.248289
v -0.229934 0.619848 -0.244808
v -0.137749 0.438009 -0.245470
v -0.142149 -0.295319 -0.248475
v -0.123023 0.197370 -0.246053
v -0.144637 -0.341303 -0.242090
v -0.107240 -0.563035 -0.249550
v -0.131826 -0.456022 -0.244952
v -0.305311 -0.602400 -0.248045
v -0.284418 0.388914 -0.242254
v -0.294212 0.212730 -0.244299
v -0.324812 -0.188885 -0.243256
v -0.324716 -0.461852 -0.246826
v -0.331347 -0.478381 -0.244440
v -0.271300 0.291005 -0.257765
v -0.157852 0.562915 -0.255452
v -0.207180 0.625975 -0.251761
v -0.246447 0.415668 -0.255845
v -0.251092 0.579775 -0.253776
v -0.243210 0.595335 -0.254600
v -0.285922 0.237381 -0.253740
v -0.260100 0.426011 -0.251390
v -0.186375 0.622795 -0.250815
v -0.265842 0.327971 -0.256139
v -0.301106 -0.103075 -0.255774
v -0.166325 -0.403849 -0.255297
v -0.161530 -0.347614 -0.255134
v -0.151497 -0.215424 -0.249848
v -0.168860 -0.361546 -0.257138
v -0.130005 0.113607 -0.252466
v -0.142527 -0.308935 -0.251095
v -0.132172 -0.126015 -0.253941
v -0.170424 -0.393891 -0.257485
v -0.319784 -0.557404 -0.255562
v -0.152810 -0.190383 -0.255298
v -0.099215 -0.573893 -0.254721
v -0.158167 -0.278216 -0.255761
v -0.336946 -0.517454 -0.255146
v -0.262812 0.523392 -0.247052
v -0.322181 -0.332619 -0.251268
v -0.322648 -0.406803 -0.252034
v -0.159987 -0.258604 -0.255546
v -0.257209 0.407871 -0.252954
v -0.304859 -0.605462 -0.250427
v -0.140405 0.387450 -0.248727
v -0.322853 -0.474909 -0.251545
v -0.203521 0.619264 -0.259446
v -0.253760 0.352178 -0.261012
v -0.231345 0.427430 -0.262054
v -0.253240 0.534878 -0.256529
v -0.135429 0.186449 -0.261268
v -0.145581 -0.298088 -0.259740
v -0.134207 -0.027883 -0.262601
v -0.135672 -0.138738 -0.254722
v -0.173100 -0.374407 -0.264364
v -0.149858 -0.163824 -0.260282
v -0.333736 -0.506177 -0.256113
v -0.121445 -0.553454 -0.264602
v -0.303900 -0.607036 -0.257418
v -0.309553 -0.609251 -0.259373
v -0.158354 0.392916 -0.260870
v -0.250383 0.459431 -0.257183
v -0.152550 0.387832 -0.256912
v -0.155001 0.552078 -0.255655
v -0.251556 0.394704 -0.257610
v -0.131834 0.146327 -0.254273
v -0.245082 0.469173 -0.260083
v -0.194521 0.622488 -0.256063
v -0.322460 -0.359324 -0.253701
v -0.303851 -0.445853 -0.260893
v -0.335497 -0.528576 -0.254786
v -0.158808 0.483382 -0.266270
v -0.276742 0.201517 -0.264290
v -0.268527 0.146561 -0.263754
v -0.148036 0.270823 -0.268159
v -0.232632 0.595850 -0.263132
v -0.190420 0.603634 -0.265527
v -0.300516 -0.287357 -0.266609
v -0.302730 -0.228313 -0.266676
v -0.135847 0.107652 -0.259695
v -0.299357 -0.486905 -0.268034
v -0.112651 -0.564543 -0.262679
v -0.301854 -0.588922 -0.263677
v -0.330451 -0.525927 -0.263413
v -0.135204 -0.506741 -0.263369
v -0.131720 -0.529263 -0.264101
v -0.235613 0.480134 -0.262631
v -0.270125 0.121466 -0.263422
v -0.156345 0.415785 -0.264548
v -0.240419 0.465045 -0.261403
v -0.139667 0.316853 -0.257518
v -0.264232 0.287063 -0.264050
v -0.130194 -0.080148 -0.260983
v -0.269251 0.275445 -0.263727
v -0.157959 -0.283849 -0.261898
v -0.172806 -0.403311 -0.263800
v -0.134607 0.232776 -0.258936
v -0.160665 -0.433650 -0.259034
v -0.313889 -0.547164 -0.264391
v -0.144369 -0.473122 -0.259715
v -0.297150 -0.466978 -0.265184
v -0.237992 0.577422 -0.269616
v -0.167938 0.542907 -0.268943
v -0.217208 0.599775 -0.268614
v -0.199765 0.604635 -0.269020
v -0.177508 0.581125 -0.264190
v -0.255265 0.280157 -0.270560
v -0.261285 0.262512 -0.270009
v -0.271782 0.416144 -0.273717
v -0.159226 0.462154 -0.268935
v -0.267586 0.416116 -0.273684
v -0.279669 -0.013108 -0.266243
v -0.267684 0.407902 -0.274371
v -0.271644 0.083754 -0.268858
v -0.257539 0.120038 -0.271707
v -0.226679 0.510083 -0.270999
v -0.267700 0.068474 -0.273612
v -0.146981 0.226277 -0.270618
v -0.164182 -0.277438 -0.270869
v -0.140653 0.008020 -0.268137
v -0.295466 -0.375792 -0.274477
v -0.318651 -0.514490 -0.269197
v -0.245279 0.465383 -0.261447
v -0.167556 0.559294 -0.266419
v -0.249004 0.336675 -0.266775
v -0.173742 0.514594 -0.270350
v -0.261783 0.299374 -0.264371
v -0.243349 0.389803 -0.264195
v -0.143306 0.069436 -0.266853
v -0.239737 0.365517 -0.268713
v -0.141275 0.029644 -0.266406
v -0.294594 -0.146178 -0.267073
v -0.300507 -0.398450 -0.270249
v -0.270860 0.405955 -0.275108
v -0.151160 -0.299004 -0.269396
v -0.166532 -0.461823 -0.269271
v -0.330350 -0.519942 -0.264747
v -0.300566 -0.349339 -0.268170
v -0.299107 -0.506400 -0.274757
v -0.134425 -0.544365 -0.271248
v -0.230903 0.570310 -0.275680
v -0.273605 0.408061 -0.276785
v -0.240748 0.271418 -0.276565
v -0.267795 0.413666 -0.276175
v -0.204686 0.590037 -0.275091
v -0.273480 0.401542 -0.278290
v -0.235419 0.314517 -0.275633
v -0.174199 0.385429 -0.275053
v -0.181242 0.549842 -0.275134
v -0.207179 0.478119 -0.274460
v -0.282396 -0.135448 -0.274174
v -0.168054 -0.227285 -0.274770
v -0.163749 -0.184095 -0.272856
v -0.171513 -0.342236 -0.275594
v -0.170792 -0.272519 -0.276268
v -0.297623 -0.525512 -0.278387
v -0.293927 -0.585056 -0.277472
v -0.295356 -0.597372 -0.275230
v -0.160909 -0.295075 -0.277016
v -0.180540 -0.390153 -0.277188
v -0.238108 0.567436 -0.272281
v -0.158043 0.354053 -0.270991
v -0.167361 0.484374 -0.272040
v -0.161230 0.284646 -0.274732
v -0.205074 0.510427 -0.276913
v -0.221365 0.401813 -0.269921
v -0.266862 0.205032 -0.270192
v -0.147191 0.162743 -0.270975
v -0.261615 -0.004133 -0.278667
v -0.143054 -0.020892 -0.272445
v -0.154323 -0.310756 -0.271264
v -0.157152 -0.286943 -0.270102
v -0.140469 -0.055086 -0.272705
v -0.318618 -0.524405 -0.270213
v -0.140938 -0.093350 -0.271504
v -0.149247 -0.503255 -0.272490
v -0.176805 0.330886 -0.281245
v -0.181890 -0.269256 -0.285470
v -0.166248 -0.314881 -0.281568
v -0.171587 -0.148463 -0.283114
v -0.292230 -0.597519 -0.282246
v -0.179094 -0.368582 -0.282591
v -0.206903 0.377302 -0.278915
v -0.267389 0.405852 -0.276959
v -0.201851 0.572647 -0.279216
v -0.211560 0.558334 -0.279064
v -0.183974 0.287605 -0.282432
v -0.197531 0.407365 -0.278536
v -0.174588 0.363562 -0.279266
v -0.183877 0.414657 -0.280547
v -0.190464 0.504411 -0.277066
v -0.174545 0.416106 -0.277309
v -0.230684 0.241283 -0.280006
v -0.237204 0.141972 -0.280536
v -0.184326 0.394549 -0.279798
v -0.287631 -0.211625 -0.277216
v -0.304210 -0.605094 -0.284162
v -0.111675 -0.572591 -0.280034
v -0.183109 -0.420621 -0.276549
v -0.283992 -0.429251 -0.280506
v -0.191466 -0.450274 -0.283479
v -0.168252 0.015541 -0.286055
v -0.248145 -0.032206 -0.286233
v -0.268119 -0.294172 -0.290394
v -0.223082 0.032147 -0.288851
v -0.262058 -0.470929 -0.291030
v -0.268556 -0.561499 -0.291845
v -0.283606 -0.385721 -0.287548
v -0.148017 -0.560426 -0.291070
v -0.122138 -0.575723 -0.296198
v -0.240353 0.094834 -0.281918
v -0.271022 0.401697 -0.279504
v -0.196954 0.345521 -0.281986
v -0.209622 0.281309 -0.282501
v -0.252192 -0.112652 -0.287194
v -0.220734 0.191016 -0.285242
v -0.171380 0.257718 -0.281479
v -0.164834 -0.050227 -0.286239
v -0.162860 0.077834 -0.283738
v -0.195016 -0.416200 -0.288137
v -0.183941 -0.485360 -0.288117
v -0.170371 0.182685 -0.285154
v -0.280851 -0.580310 -0.288244
v -0.191923 0.202272 -0.287909
v -0.270994 -0.340820 -0.291533
v -0.204319 -0.000178 -0.294188
v -0.238116 -0.163100 -0.295955
v -0.264457 -0.247664 -0.290835
v -0.269018 -0.384797 -0.295497
v -0.204063 -0.466665 -0.297486
v -0.266391 -0.588686 -0.295944
v -0.187174 -0.102686 -0.294060
v -0.257380 -0.446578 -0.295286
v -0.283437 -0.600273 -0.296319
v -0.225130 -0.561751 -0.297929
v -0.222533 -0.576093 -0.299441
v -0.161872 -0.554440 -0.295242
v -0.215180 0.117319 -0.288183
v -0.181819 -0.306226 -0.291228
v -0.254978 -0.300807 -0.296075
v -0.274739 -0.510159 -0.292703
v -0.279885 -0.407910 -0.288507
v -0.178416 0.096562 -0.288899
v -0.265690 -0.575296 -0.292302
v -0.229771 -0.570477 -0.296454
v -0.227268 -0.076419 -0.294343
v -0.188046 0.022882 -0.291421
v -0.212179 -0.256700 -0.300535
v -0.209369 -0.446575 -0.300458
v -0.245439 -0.425181 -0.301619
v -0.207524 -0.575027 -0.303430
v -0.210694 -0.285579 -0.300259
v -0.223744 -0.581298 -0.304364
v -0.210461 -0.425777 -0.301321
v -0.223818 -0.123179 -0.296177
v -0.195161 -0.020634 -0.295107
v -0.253137 -0.470019 -0.299188
v -0.274265 -0.528213 -0.294150
v -0.194991 -0.220722 -0.294270
v -0.264639 -0.497495 -0.295830
v -0.202983 -0.482882 -0.300420
v -0.202334 -0.155342 -0.297093
v -0.248054 -0.536004 -0.300861
v -0.213263 -0.142791 -0.298623
v -0.210425 -0.569957 -0.301393
v -0.219070 -0.186095 -0.299855
v -0.204768 -0.320404 -0.300966
v -0.200580 -0.106819 -0.297060
v -0.183282 -0.527489 -0.297788
v -0.175282 -0.562066 -0.302132
v -0.195072 -0.336863 -0.297343
v -0.165096 -0.577055 -0.309322
v -0.238703 -0.454229 -0.306171
v -0.245990 -0.491159 -0.306546
v -0.182750 -0.581105 -0.311076
v -0.226671 -0.424135 -0.305351
v -0.221780 -0.304227 -0.302294
v -0.275396 -0.604394 -0.314192
v -0.230079 -0.257709 -0.301851
v -0.212712 -0.469077 -0.303838
v -0.218066 -0.534986 -0.305256
v -0.228722 -0.344296 -0.302866
v -0.207809 -0.341139 -0.302622
v -0.192749 -0.370525 -0.300345
v -0.199630 -0.375967 -0.304039
v -0.193984 -0.385067 -0.299935
v -0.196774 -0.585164 -0.315536
v -0.218113 -0.487762 -0.307322
v -0.243213 -0.513445 -0.307067
v -0.221018 -0.450679 -0.306770
v -0.229905 -0.512941 -0.309212
v -0.232683 -0.523123 -0.308000
v -0.218775 -0.587680 -0.321319
v -0.159379 -0.585747 -0.319790
v -0.205499 -0.592043 -0.341483
vn 0.3135 0.9491 -0.0299
vn 0.2164 0.9634 0.1585
vn 0.0905 0.9874 0.1295
vn 0.1428 0.9881 0.0575
vn 0.1081 0.9921 0.0645
vn 0.2636 0.9646 -0.0124
vn -0.6227 0.0132 0.7823
vn -0.6725 0.0520 0.7383
vn -0.6284 0.0114 0.7778
vn -0.6576 0.0939 0.7475
vn -0.6483 0.0021 0.7613
vn -0.6544 -0.0121 0.7560
vn -0.6583 0.0272 0.7523
vn -0.6529 0.0065 0.7574
vn -0.6681 -0.0154 0.7439
vn -0.6202 0.0623 0.7820
vn -0.6530 -0.0121 0.7573
vn -0.6577 0.0075 0.7532
vn -0.6771 -0.0267 0.7354
vn -0.6730 -0.0282 0.7391
vn -0.6816 0.0381 0.7307
vn -0.6743 0.0150 0.7383
vn -0.6766 -0.0563 0.7342
vn -0.6888 0.0007 0.7250
vn -0.6933 -0.0556 0.7185
vn -0.6659 0.0889 0.7407
vn -0.6852 0.0623 0.7257
vn -0.6696 0.0197 0.7424
vn -0.7180 0.0618 0.6933
vn -0.7101 0.0705 0.7006
vn -0.6857 0.0942 0.7217
vn -0.6605 0.1084 0.7429
vn -0.6789 0.0053 0.7342
vn -0.7172 0.0536 0.6948
vn -0.6845 0.0840 0.7242
vn -0.6727 0.1488 0.7248
vn -0.6629 0.0177 0.7485
vn -0.6797 0.0519 0.7316
vn -0.6728 -0.0287 0.7392
vn -0.7192 0.0167 0.6946
vn -0.7015 0.0247 0.7123
vn -0.6847 0.1208 0.7188
vn -0.6401 0.1075 0.7608
vn -0.6868 0.0339 0.7261
vn -0.7283 0.0386 0.6842
vn -0.7108 0.0102 0.7033
vn -0.6895 -0.0244 0.7239
vn -0.7289 0.0310 0.6839
vn -0.6978 0.0109 0.7162
vn -0.6840 0.1097 0.7212
vn -0.7147 0.0033 0.6994
vn -0.7114 0.0119 0.7027
vn -0.6914 -0.0330 0.7217
vn -0.7159 -0.0408 0.6971
vn -0.6456 0.1436 0.7501
vn -0.7381 0.0306 0.6740
vn -0.6787 -0.0117 0.7343
vn -0.6765 -0.0672 0.7334
vn -0.7059 -0.0300 0.7077
vn -0.6688 0.2230 0.7092
vn -0.7335 0.0393 0.6786
vn -0.6539 0.0303 0.7560
vn -0.7420 -0.0405 0.6691
vn -0.7060 -0.1327 0.6957
vn -0.6790 0.1271 0.7230
vn -0.6971 0.1465 0.7019
vn -0.6749 0.0153 0.7378
vn -0.7175 0.0910 0.6906
vn -0.6825 0.0040 0.7309
vn -0.6853 -0.0542 0.7262
vn -0.6693 0.0012 0.7430
vn -0.7148 0.2073 0.6679
vn 0.9487 -0.0727 -0.3076
vn 0.9259 0.3726 -0.0625
vn 0.8209 0.1663 -0.5463
vn 0.8036 0.4242 -0.4174
vn 0.6990 -0.0094 -0.7151
vn 0.6291 0.7070 -0.3233
vn 0.6741 0.3343 -0.6587
vn 0.7947 -0.0988 -0.5989
vn 0.6034 0.1658 -0.7800
vn 0.6421 -0.0497 -0.7650
vn 0.9266 -0.3323 -0.1759
vn 0.5942 0.0019 -0.8043
vn 0.5159 0.6869 -0.5118
vn 0.5395 0.4771 -0.6937
vn 0.7287 -0.0111 -0.6848
vn 0.8835 -0.0597 -0.4646
vn 0.5764 0.1870 -0.7955
vn 0.6829 -0.0265 -0.7300
vn 0.6076 -0.1033 -0.7875
vn 0.6392 -0.0561 -0.7670
vn 0.4405 0.7680 -0.4649
vn 0.6308 0.2539 -0.7332
vn 0.8410 0.0075 -0.5409
vn 0.6463 -0.0189 -0.7628
vn 0.6616 -0.1145 -0.7410
vn 0.5561 0.5840 -0.5913
vn 0.8408 0.0070 -0.5413
vn 0.9403 0.0198 -0.3397
vn 0.6110 0.1251 -0.7816
vn 0.6764 -0.1305 -0.7249
vn 0.6218 -0.0431 -0.7820
vn 0.3367 0.8206 -0.4617
vn 0.6068 0.3140 -0.7302
vn 0.5569 0.0252 -0.8302
vn 0.6810 0.0125 -0.7321
vn 0.8414 -0.0908 -0.5327
vn 0.4890 0.6379 -0.5950
vn 0.5920 -0.0306 -0.8054
vn 0.6323 0.1081 -0.7671
vn 0.6449 0.1267 -0.7537
vn 0.7262 -0.0832 -0.6824
vn 0.6042 -0.1106 -0.7891
vn 0.6231 0.0644 -0.7795
vn 0.3575 0.8117 -0.4619
vn 0.6045 0.6041 -0.5193
vn 0.6142 -0.0411 -0.7881
vn 0.5911 0.0044 -0.8066
vn 0.8851 -0.1000 -0.4545
vn 0.6136 -0.1075 -0.7823
vn 0.7348 0.3199 -0.5981
vn 0.6249 0.5169 -0.5850
vn 0.5647 0.0128 -0.8252
vn 0.7464 -0.0219 -0.6652
vn 0.6772 0.0798 -0.7314
vn 0.6466 0.0578 -0.7606
vn 0.6916 -0.0320 -0.7216
vn 0.6202 0.7446 -0.2469
vn 0.6237 -0.0494 -0.7801
vn 0.5969 0.1334 -0.7912
vn 0.6649 -0.0422 -0.7457
vn 0.8633 0.0867 -0.4972
vn 0.7703 0.1192 -0.6264
vn 0.6554 -0.2289 -0.7198
vn 0.6892 0.5720 -0.4448
vn 0.7353 0.4058 -0.5428
vn 0.6449 0.0640 -0.7616
vn 0.6169 0.1029 -0.7803
vn 0.7284 0.1347 -0.6718
vn 0.6843 0.0661 -0.7262
vn 0.7221 -0.1501 -0.6753
vn 0.7030 -0.1525 -0.6947
vn 0.6088 0.7571 -0.2369
vn 0.6983 -0.0457 -0.7143
vn 0.6777 -0.1064 -0.7276
vn 0.6018 0.1828 -0.7775
vn 0.6911 0.2114 -0.6912
vn 0.6864 0.0267 -0.7267
vn 0.7041 0.0622 -0.7074
vn 0.6772 0.1315 -0.7239
vn 0.5143 0.6868 -0.5136
vn 0.5742 0.3729 -0.7289
vn 0.7031 0.0595 -0.7086
vn 0.6838 -0.0912 -0.7240
vn 0.7363 0.0038 -0.6766
vn 0.9164 0.1012 -0.3873
vn 0.6609 -0.0614 -0.7480
vn 0.7239 -0.2604 -0.6388
vn 0.4355 0.8593 -0.2683
vn 0.6967 -0.0831 -0.7125
vn 0.7498 -0.0055 -0.6617
vn 0.6599 0.0523 -0.7495
vn 0.6245 0.1526 -0.7659
vn 0.6899 0.0893 -0.7184
vn 0.7055 -0.0320 -0.7080
vn 0.6871 0.1261 -0.7155
vn 0.6989 0.0070 -0.7151
vn 0.7822 0.1225 -0.6109
vn 0.7019 -0.2072 -0.6815
vn 0.2438 0.8953 -0.3729
vn 0.3322 0.6974 -0.6351
vn 0.7047 0.0282 -0.7089
vn 0.7355 0.0372 -0.6765
vn 0.6814 -0.0690 -0.7287
vn 0.6694 -0.0975 -0.7365
vn 0.7350 -0.0030 -0.6780
vn 0.9261 0.0094 -0.3772
vn 0.6298 0.1684 -0.7583
vn 0.7671 -0.1264 -0.6289
vn 0.6708 -0.1556 -0.7251
vn 0.4175 0.5650 -0.7117
vn 0.7330 0.0556 -0.6780
vn 0.6765 -0.0324 -0.7357
vn 0.6889 0.0447 -0.7235
vn 0.7117 -0.0318 -0.7018
vn 0.6883 0.0502 -0.7237
vn 0.6501 0.1099 -0.7519
vn 0.6702 0.0169 -0.7420
vn 0.8446 0.0238 -0.5349
vn 0.6527 -0.0194 -0.7573
vn 0.2854 0.8187 -0.4982
vn 0.6793 -0.0105 -0.7338
vn 0.6950 0.0675 -0.7158
vn 0.6785 -0.0101 -0.7346
vn 0.7506 0.0361 -0.6598
vn 0.6616 0.0610 -0.7474
vn 0.6590 -0.0491 -0.7506
vn 0.6232 0.3660 -0.6911
vn 0.8137 0.0710 -0.5770
vn 0.6089 -0.0269 -0.7928
vn 0.1352 0.9824 -0.1291
vn 0.6995 0.1409 -0.7006
vn 0.6316 -0.0537 -0.7734
vn 0.6554 0.0210 -0.7550
vn 0.6893 -0.0218 -0.7241
vn 0.7047 -0.0190 -0.7092
vn 0.7684 -0.1010 -0.6319
vn 0.7947 0.0562 -0.6044
vn 0.6374 0.0978 -0.7643
vn 0.6100 -0.1197 -0.7833
vn 0.3292 0.8853 -0.3285
vn 0.3183 0.9472 0.0382
vn 0.1744 0.9801 0.0946
vn 0.5639 0.5501 -0.6159
vn 0.6616 0.1135 -0.7412
vn 0.6839 0.1044 -0.7220
vn 0.6098 0.0466 -0.7912
vn 0.6426 -0.0044 -0.7662
vn 0.6876 0.0214 -0.7258
vn 0.6525 0.0203 -0.7576
vn 0.6025 0.0155 -0.7979
vn 0.8023 0.3921 -0.4501
vn 0.6654 0.4080 -0.6251
vn 0.5777 -0.0880 -0.8115
vn 0.6396 -0.0095 -0.7687
vn 0.7006 0.0354 -0.7126
vn 0.2948 0.9546 0.0422
vn 0.6838 0.1858 -0.7056
vn 0.6958 0.1494 -0.7025
vn 0.6152 0.0894 -0.7833
vn 0.5701 0.0441 -0.8204
vn 0.6975 0.0094 -0.7165
vn 0.7647 0.4897 -0.4188
vn 0.5737 0.0996 -0.8130
vn 0.6454 -0.0173 -0.7637
vn 0.6392 -0.1093 -0.7612
vn 0.6395 0.7467 -0.1828
vn 0.5645 0.8253 0.0131
vn 0.2079 0.9736 0.0938
vn 0.6863 0.0974 -0.7208
vn 0.6771 0.1919 -0.7104
vn 0.6251 0.0864 -0.7758
vn 0.6611 0.1046 -0.7430
vn 0.6162 -0.0108 -0.7875
vn 0.6628 0.0848 -0.7440
vn 0.6488 0.0518 -0.7592
vn 0.6343 0.0366 -0.7722
vn 0.4589 0.8421 -0.2834
vn 0.5446 0.5297 -0.6503
vn 0.7201 0.0105 -0.6938
vn 0.6849 -0.1482 -0.7134
vn 0.5971 0.7884 -0.1479
vn 0.2649 0.9641 0.0184
vn 0.5827 0.0805 -0.8087
vn 0.6967 0.0448 -0.7159
vn 0.5597 -0.0090 -0.8287
vn 0.6289 0.0892 -0.7723
vn 0.6515 0.0333 -0.7579
vn 0.6652 0.1550 -0.7304
vn 0.6675 -0.0636 -0.7418
vn 0.7492 -0.1219 -0.6510
vn 0.2333 0.9723 0.0167
vn 0.6818 0.0688 -0.7283
vn 0.6821 0.0865 -0.7261
vn 0.7140 -0.0149 -0.7000
vn 0.6236 0.0869 -0.7769
vn 0.6743 0.0435 -0.7372
vn 0.6563 0.0300 -0.7539
vn 0.6289 0.0259 -0.7770
vn 0.6236 0.0119 -0.7817
vn 0.3939 0.8788 -0.2693
vn 0.5568 0.6186 -0.5544
vn 0.7887 0.1600 -0.5935
vn 0.7567 -0.1328 -0.6401
vn 0.1811 0.9704 0.1596
vn 0.6679 0.0879 -0.7391
vn 0.6832 0.0144 -0.7301
vn 0.6117 0.0249 -0.7907
vn 0.6939 0.0597 -0.7176
vn 0.6526 0.1468 -0.7433
vn 0.6631 0.0354 -0.7477
vn 0.6401 0.0110 -0.7682
vn 0.7480 0.4226 -0.5117
vn 0.7319 -0.0773 -0.6771
vn 0.8112 0.0084 -0.5847
vn 0.4973 0.8385 -0.2226
vn 0.3818 0.9227 0.0537
vn 0.6899 0.0473 -0.7223
vn 0.6782 0.0769 -0.7308
vn 0.6734 -0.0035 -0.7392
vn 0.6863 0.0304 -0.7267
vn 0.6610 0.0271 -0.7499
vn 0.6953 0.6758 -0.2447
vn 0.7632 0.4830 -0.4292
vn 0.7924 -0.0006 -0.6100
vn 0.4061 0.9138 0.0132
vn 0.6898 0.0050 -0.7240
vn 0.7286 -0.0197 -0.6847
vn 0.7147 0.1570 -0.6816
vn 0.6748 0.0094 -0.7380
vn 0.6764 0.0220 -0.7362
vn 0.7662 0.4221 -0.4845
vn 0.8508 0.1732 -0.4961
vn 0.6958 -0.0225 -0.7179
vn 0.7009 0.1628 -0.6944
vn 0.7148 -0.0345 -0.6985
vn 0.6688 0.0138 -0.7433
vn 0.5552 0.8072 -0.2004
vn 0.5032 0.8256 -0.2554
vn 0.7301 -0.0495 -0.6816
vn 0.7857 0.2022 -0.5846
vn 0.6839 0.0659 -0.7266
vn 0.6815 -0.0106 -0.7317
vn 0.7023 0.2098 -0.6803
vn 0.6936 -0.0131 -0.7202
vn 0.6647 0.0131 -0.7470
vn 0.7008 0.6295 -0.3356
vn 0.7402 0.1908 -0.6448
vn 0.7774 0.1867 -0.6007
vn 0.6460 0.2214 -0.7306
vn 0.7206 -0.1581 -0.6751
vn 0.6451 0.0454 -0.7627
vn 0.6286 0.7553 -0.1854
vn 0.4143 0.9092 -0.0417
vn 0.7327 0.1010 -0.6730
vn 0.6880 0.0056 -0.7257
vn 0.6318 0.0706 -0.7719
vn 0.6309 0.2369 -0.7388
vn 0.6994 0.1664 -0.6951
vn 0.6349 0.0114 -0.7725
vn 0.8413 0.4039 -0.3592
vn 0.6780 -0.0106 -0.7350
vn 0.6218 0.1945 -0.7586
vn 0.7626 -0.0102 -0.6468
vn 0.7113 0.6532 -0.2594
vn 0.8178 0.1521 -0.5551
vn 0.7012 -0.1272 -0.7015
vn 0.6838 0.1750 -0.7084
vn 0.5731 0.2348 -0.7851
vn 0.8087 0.0978 -0.5800
vn 0.5286 0.2048 -0.8238
vn 0.6380 0.1797 -0.7488
vn 0.6498 0.1947 -0.7348
vn 0.5070 0.8294 -0.2348
vn 0.7452 0.4963 -0.4454
vn 0.6802 0.0210 -0.7328
vn 0.7691 0.0423 -0.6378
vn 0.5359 0.1904 -0.8225
vn 0.8499 -0.1212 -0.5129
vn 0.6108 0.0906 -0.7866
vn 0.5350 0.2199 -0.8158
vn 0.6869 0.4702 -0.5542
vn 0.7276 0.6142 -0.3055
vn 0.7155 -0.1300 -0.6864
vn 0.9110 -0.0948 -0.4013
vn 0.3769 0.1608 -0.9122
vn 0.5661 0.3220 -0.7588
vn 0.4039 0.8573 -0.3193
vn 0.6353 -0.1717 -0.7529
vn 0.7630 -0.1600 -0.6263
vn 0.8608 -0.1308 -0.4919
vn 0.5826 0.0198 -0.8125
vn 0.4784 0.1432 -0.8664
vn 0.3739 0.5700 -0.7316
vn 0.4625 -0.0341 -0.8859
vn 0.7823 -0.2205 -0.5826
vn 0.2122 0.0468 -0.9761
vn 0.4275 0.2867 -0.8573
vn 0.2019 0.8656 -0.4582
vn 0.6149 0.0191 -0.7884
vn 0.0072 0.0404 -0.9992
vn 0.0266 -0.0383 -0.9989
vn 0.1519 0.3123 -0.9378
vn 0.0845 0.6603 -0.7463
vn 0.2721 -0.0131 -0.9622
vn 0.4926 0.0153 -0.8701
vn -0.2600 0.0514 -0.9642
vn 0.0354 0.8774 -0.4785
vn 0.1650 0.0684 -0.9839
vn -0.1137 0.0365 -0.9928
vn 0.6132 -0.1258 -0.7799
vn -0.0729 0.6710 -0.7378
vn 0.2401 0.0424 -0.9698
vn 0.7700 -0.2172 -0.5999
vn 0.4411 0.0802 -0.8939
vn -0.1694 0.5000 -0.8493
vn -0.0333 0.8846 -0.4652
vn 0.7839 0.0977 -0.6131
vn 0.5855 0.1749 -0.7916
vn 0.5434 0.0395 -0.8385
vn 0.8799 0.2166 -0.4230
vn 0.7307 0.1489 -0.6663
vn 0.7558 0.4643 -0.4618
vn 0.7410 -0.0497 -0.6697
vn -0.6825 0.0086 0.7308
vn -0.6723 0.0370 0.7394
vn -0.7154 0.0374 0.6977
vn -0.6754 0.0462 0.7360
vn -0.6961 0.0890 0.7124
vn -0.6882 0.0420 0.7243
vn -0.6888 0.0636 0.7221
vn -0.7452 0.0457 0.6652
vn -0.7271 0.0721 0.6827
vn -0.6812 0.0222 0.7318
vn -0.7650 0.0551 0.6416
vn -0.7076 0.0453 0.7052
vn -0.6750 0.0415 0.7366
vn -0.7368 0.0636 0.6731
vn -0.6809 0.0456 0.7309
vn -0.7432 0.0946 0.6624
vn -0.7067 -0.0093 0.7075
vn -0.7258 0.0920 0.6817
vn -0.7401 0.0326 0.6717
vn -0.6754 -0.0217 0.7371
vn -0.7577 0.0262 0.6521
vn -0.7675 0.0564 0.6386
vn -0.7127 -0.0230 0.7011
vn -0.7379 0.0797 0.6702
vn -0.7519 0.0248 0.6588
vn -0.6889 0.0252 0.7244
vn -0.7102 0.1272 0.6924
vn -0.7706 0.0333 0.6364
vn -0.6831 -0.0119 0.7302
vn -0.5761 0.0584 0.8153
vn -0.6672 0.0211 0.7445
vn -0.7126 0.0180 0.7013
vn -0.7379 0.0238 0.6745
vn -0.3771 0.0039 0.9262
vn -0.6989 -0.0056 0.7152
vn -0.6974 -0.0141 0.7165
vn -0.6916 0.0584 0.7199
vn -0.5879 -0.0001 0.8090
vn -0.7012 -0.0047 0.7130
vn -0.6863 -0.0166 0.7271
vn -0.4001 -0.0529 0.9149
vn 0.3672 0.8752 -0.3149
vn 0.2679 0.9470 -0.1773
vn 0.4036 0.8542 -0.3279
vn -0.6590 -0.1859 0.7288
vn -0.6428 -0.1890 0.7424
vn -0.6609 -0.2111 0.7201
vn -0.6656 -0.0429 0.7451
vn -0.6441 -0.2880 0.7087
vn -0.6570 -0.1843 0.7310
vn -0.6852 -0.0754 0.7245
vn -0.6344 -0.0375 0.7721
vn -0.6598 -0.2402 0.7120
vn -0.6160 -0.3165 0.7213
vn -0.6647 -0.2151 0.7155
vn -0.6509 0.1156 0.7503
vn -0.6676 -0.0658 0.7416
vn -0.6731 -0.2719 0.6877
vn -0.7041 -0.1809 0.6867
vn -0.6712 0.2024 0.7131
vn -0.6777 -0.2556 0.6895
vn -0.6907 -0.0436 0.7219
vn -0.6857 0.0603 0.7254
vn -0.6936 -0.2399 0.6792
vn -0.6441 0.2151 0.7341
vn -0.6826 0.0672 0.7277
vn -0.6736 -0.2635 0.6905
vn -0.6699 0.0324 0.7418
vn -0.6581 -0.1100 0.7449
vn -0.6344 0.0564 0.7710
vn -0.6670 -0.0309 0.7444
vn -0.6775 0.0478 0.7340
vn -0.6558 0.0905 0.7495
vn -0.6909 -0.0609 0.7203
vn -0.6914 0.0255 0.7220
vn -0.7047 -0.0059 0.7094
vn -0.7157 -0.1195 0.6881
vn -0.6545 -0.2017 0.7287
vn -0.6329 -0.2177 0.7430
vn -0.5731 -0.1848 0.7984
vn -0.6596 -0.0621 0.7491
vn -0.7226 -0.0985 0.6842
vn -0.6049 -0.1015 0.7898
vn -0.6840 -0.0543 0.7274
vn -0.7652 -0.0579 0.6412
vn -0.6535 -0.0228 0.7566
vn -0.6067 0.0023 0.7949
vn -0.9533 0.0205 0.3014
vn -0.6211 -0.0182 0.7835
vn -0.7049 -0.0441 0.7080
vn -0.5759 0.0048 0.8175
vn -0.6646 0.0161 0.7470
vn -0.6913 -0.0351 0.7217
vn -0.9230 0.1317 0.3616
vn -0.5674 -0.0209 0.8231
vn -0.7044 -0.0288 0.7092
vn -0.7173 0.0951 0.6903
vn -0.6149 -0.0080 0.7885
vn -0.5505 -0.0101 0.8347
vn -0.7302 0.0114 0.6831
vn -0.7726 0.0199 0.6346
vn -0.7188 0.2099 0.6628
vn -0.7321 0.0854 0.6758
vn -0.6816 -0.1246 0.7210
vn 0.7391 -0.1591 -0.6545
vn 0.7117 -0.0292 -0.7019
vn 0.7012 -0.0705 -0.7095
vn 0.7315 -0.0902 -0.6759
vn 0.6971 0.0855 -0.7119
vn 0.7579 -0.1479 -0.6353
vn 0.6962 0.0805 -0.7134
vn 0.7159 -0.1609 -0.6794
vn 0.7738 -0.0860 -0.6275
vn 0.6711 -0.0272 -0.7409
vn 0.7057 0.2055 -0.6781
vn 0.7220 -0.0483 -0.6902
vn 0.6812 0.0391 -0.7311
vn 0.6997 0.1990 -0.6862
vn 0.6718 0.2256 -0.7056
vn 0.7298 0.0174 -0.6834
vn 0.6608 0.4043 -0.6323
vn 0.7804 -0.0727 -0.6210
vn 0.6946 0.1546 -0.7026
vn 0.6809 0.0484 -0.7307
vn 0.7083 -0.0186 -0.7057
vn 0.6944 0.0677 -0.7164
vn 0.7056 0.0885 -0.7030
vn 0.6886 0.0670 -0.7221
vn 0.6931 0.0135 -0.7207
vn 0.6575 0.2949 -0.6934
vn 0.6651 0.0270 -0.7463
vn 0.6863 0.0478 -0.7257
vn 0.6780 0.0246 -0.7347
vn 0.6521 -0.0185 -0.7579
vn 0.6938 -0.0752 -0.7163
vn 0.6113 0.0422 -0.7903
vn 0.7616 -0.0902 -0.6418
vn 0.7107 -0.0453 -0.7021
vn 0.6305 0.0035 -0.7762
vn 0.6453 -0.0426 -0.7627
vn 0.5971 -0.0452 -0.8009
vn 0.7459 -0.0111 -0.6659
vn 0.6716 -0.0890 -0.7356
vn 0.6017 0.0628 -0.7962
vn 0.6911 -0.1100 -0.7144
vn 0.7809 -0.1224 -0.6126
vn 0.7576 -0.0120 -0.6526
vn 0.6988 -0.0905 -0.7096
vn 0.7781 -0.0307 -0.6274
vn 0.6645 0.0515 -0.7455
vn 0.7411 -0.0424 -0.6701
vn 0.6947 0.1515 -0.7032
vn 0.5543 0.0481 -0.8309
vn 0.5654 0.0280 -0.8243
vn 0.7367 -0.0339 -0.6754
vn 0.6005 0.0170 -0.7995
vn 0.5270 0.0880 -0.8453
vn 0.6041 0.1098 -0.7893
vn 0.6250 0.0323 -0.7800
vn 0.7154 0.0154 -0.6985
vn 0.7160 0.1171 -0.6882
vn 0.6882 -0.0442 -0.7242
vn 0.6301 0.0269 -0.7761
vn 0.7256 0.1083 -0.6796
vn 0.6982 0.1547 -0.6990
vn 0.6963 0.0247 -0.7173
vn 0.7214 0.0386 -0.6914
vn 0.6966 0.1163 -0.7080
vn 0.6794 0.0569 -0.7315
vn 0.6966 0.0083 -0.7174
vn 0.7056 0.0559 -0.7064
vn -0.7141 0.0216 0.6997
vn -0.5806 0.0581 0.8121
vn -0.6725 0.0857 0.7352
vn -0.6499 0.0588 0.7577
vn -0.6804 0.0550 0.7308
vn -0.6788 0.0158 0.7342
vn -0.6559 0.0862 0.7499
vn -0.6571 0.0511 0.7520
vn -0.6294 0.0948 0.7713
vn -0.6614 -0.0107 0.7500
vn -0.6615 0.1494 0.7350
vn -0.6288 0.0455 0.7762
vn -0.6683 0.0065 0.7438
vn -0.6611 0.0648 0.7475
vn -0.6346 0.0725 0.7694
vn -0.6682 0.0445 0.7427
vn -0.6576 0.1277 0.7425
vn -0.6755 -0.1479 0.7224
vn -0.6614 0.1180 0.7407
vn -0.6551 0.1478 0.7410
vn -0.6386 -0.1373 0.7572
vn -0.6854 0.1289 0.7167
vn -0.7202 0.1371 0.6800
vn -0.6441 -0.0539 0.7630
vn -0.6445 -0.0402 0.7636
vn -0.7339 0.0600 0.6766
vn -0.7258 0.1231 0.6768
vn -0.6773 -0.1624 0.7175
vn -0.6863 0.0012 0.7273
vn -0.7206 0.0430 0.6920
vn -0.6914 -0.0701 0.7191
vn -0.7292 0.0467 0.6827
vn -0.7032 0.0199 0.7107
vn -0.6983 0.0444 0.7144
vn -0.7084 0.0472 0.7043
vn -0.6809 -0.0230 0.7320
vn -0.6722 0.0549 0.7384
vn -0.7041 0.0607 0.7075
vn 0.6129 -0.0137 -0.7900
vn 0.7085 -0.0003 -0.7057
vn 0.4968 0.0052 -0.8678
vn 0.1915 0.0287 -0.9811
vn 0.4098 0.0259 -0.9118
vn 0.3454 0.0205 -0.9382
vn 0.1258 0.0215 -0.9918
vn 0.0232 0.0468 -0.9986
vn -0.1852 0.0533 -0.9812
vn -0.0285 0.0731 -0.9969
vn -0.1489 0.0227 -0.9886
vn -0.3375 0.0551 -0.9397
vn -0.3787 0.0441 -0.9245
vn -0.5167 0.0588 -0.8542
vn -0.3738 0.0165 -0.9273
vn -0.4608 0.0250 -0.8871
vn -0.1950 0.0310 -0.9803
vn -0.6102 0.0984 -0.7861
vn -0.4795 0.0777 -0.8741
vn -0.6320 0.0453 -0.7737
vn -0.4018 0.0642 -0.9135
vn -0.6015 -0.0159 -0.7987
vn -0.6211 0.0792 -0.7797
vn -0.1765 0.0581 -0.9826
vn -0.8246 0.0454 -0.5639
vn -0.7242 0.0660 -0.6865
vn -0.5066 0.1126 -0.8548
vn -0.2587 0.0558 -0.9643
vn -0.8591 0.0892 -0.5041
vn -0.7220 0.0499 -0.6901
vn -0.8254 0.1063 -0.5545
vn -0.8289 0.0376 -0.5582
vn -0.6188 0.0846 -0.7810
vn -0.5265 0.0387 -0.8493
vn 0.0276 0.0223 -0.9994
vn -0.4220 0.0240 -0.9063
vn -0.8689 -0.0003 -0.4950
vn -0.7651 0.0640 -0.6407
vn -0.1138 0.0236 -0.9932
vn -0.9888 0.0733 -0.1299
vn -0.7958 -0.0315 -0.6048
vn -0.9749 0.0344 -0.2201
vn -0.9576 0.0444 -0.2847
vn -0.6269 0.0072 -0.7791
vn -0.2891 0.0213 -0.9571
vn -0.9980 0.0512 -0.0377
vn -0.9728 0.0005 -0.2316
vn -0.9119 0.0741 -0.4038
vn -0.7551 0.0143 -0.6555
vn -0.6121 0.0205 -0.7905
vn -0.4883 0.0397 -0.8718
vn -0.7673 -0.0268 -0.6407
vn -0.8142 0.0407 -0.5792
vn -0.9136 0.0305 -0.4054
vn -0.9926 0.0673 -0.1010
vn -0.4552 0.0477 -0.8891
vn -0.9891 0.0608 -0.1338
vn -0.7261 0.0288 -0.6870
vn -0.9980 0.0244 -0.0579
vn -0.8649 0.0266 -0.5013
vn -0.6542 0.0485 -0.7548
vn -0.6076 0.0424 -0.7931
vn -0.3576 0.0104 -0.9338
vn -0.6985 0.0574 -0.7133
vn -0.6090 0.0177 -0.7930
vn -0.6479 0.0348 -0.7609
vn -0.6548 -0.0533 -0.7539
vn -0.3010 0.0146 -0.9535
vn -0.5559 -0.1071 -0.8243
vn -0.8228 0.0305 -0.5676
vn -0.6775 -0.0557 -0.7334
vn -0.5209 -0.0377 -0.8528
vn -0.6144 -0.1381 -0.7769
vn -0.6014 -0.0611 -0.7966
vn -0.8859 0.0398 -0.4622
vn -0.5840 0.0947 -0.8062
vn -0.6614 0.0852 -0.7452
vn -0.3445 0.0419 -0.9378
vn -0.6294 0.0953 -0.7712
vn -0.5691 0.0665 -0.8196
vn -0.7801 0.2143 -0.5879
vn -0.5170 0.1381 -0.8447
vn -0.5740 0.2479 -0.7804
vn -0.9331 0.1471 -0.3282
vn -0.2856 -0.0639 -0.9562
vn -0.5014 0.2457 -0.8296
vn -0.7463 0.2732 -0.6070
vn -0.5028 0.1321 -0.8542
vn -0.4634 0.2204 -0.8583
vn -0.4136 0.2219 -0.8830
vn -0.4351 -0.0292 -0.8999
vn -0.2144 -0.2126 -0.9533
vn -0.5053 0.0002 -0.8629
vn -0.1712 -0.0881 -0.9813
vn -0.4952 0.1412 -0.8573
vn -0.2158 -0.1412 -0.9662
vn -0.7528 -0.0215 -0.6579
vn 0.0268 -0.1245 -0.9919
vn -0.1768 0.0981 -0.9794
vn -0.2065 0.1248 -0.9704
vn -0.1736 0.0858 -0.9811
vn -0.2401 0.3532 -0.9042
vn -0.2415 0.4567 -0.8562
vn -0.3771 0.8014 -0.4642
vn -0.7226 0.5160 -0.4600
vn -0.2225 0.7986 -0.5592
vn -0.3178 0.9481 -0.0116
vn -0.7687 0.0289 0.6389
vn -0.7326 -0.1212 0.6698
vn -0.8205 -0.0459 0.5697
vn -0.6703 -0.2201 0.7087
vn -0.8120 -0.1003 0.5750
vn -0.6471 -0.2182 0.7305
vn -0.7030 -0.0761 0.7071
vn -0.6473 -0.0980 0.7559
vn -0.6397 -0.1709 0.7494
vn -0.7507 0.0143 0.6605
vn -0.5655 -0.1941 0.8016
vn -0.6484 0.0952 0.7554
vn -0.6256 0.0659 0.7773
vn -0.6867 0.1459 0.7122
vn -0.6753 0.0958 0.7313
vn -0.6069 0.0824 0.7905
vn -0.7563 0.0883 0.6483
vn -0.6297 -0.0952 0.7710
vn -0.7891 0.0759 0.6096
vn -0.7809 -0.0066 0.6246
vn -0.7200 -0.0718 0.6903
vn -0.8365 0.0212 0.5476
vn -0.6962 -0.0239 0.7174
vn -0.8032 0.0686 0.5917
vn -0.7265 -0.0604 0.6845
vn -0.7872 -0.0601 0.6138
vn -0.7871 0.0719 0.6126
vn -0.6413 -0.1087 0.7595
vn -0.6598 -0.0948 0.7454
vn -0.6432 -0.0080 0.7657
vn -0.7564 -0.0392 0.6529
vn -0.6139 -0.0991 0.7831
vn -0.7524 0.0136 0.6586
vn -0.7530 -0.0671 0.6546
vn -0.6230 -0.0877 0.7773
vn -0.6612 0.1841 0.7272
vn -0.5823 -0.0156 0.8128
vn -0.6182 -0.0800 0.7819
vn -0.6322 0.0237 0.7744
vn -0.5380 0.0161 0.8428
vn -0.5210 -0.1960 0.8307
vn -0.8124 -0.1836 0.5535
vn -0.6479 -0.0916 0.7562
vn -0.5502 -0.0388 0.8342
vn -0.4825 -0.4550 0.7484
vn -0.5497 0.0153 0.8352
vn -0.6559 -0.0410 0.7537
vn -0.7085 -0.4206 0.5667
vn -0.6397 0.0686 0.7656
vn -0.6833 -0.0784 0.7259
vn -0.5772 0.0038 0.8166
vn -0.8424 -0.0308 0.5379
vn -0.4564 -0.3217 0.8296
vn -0.6498 0.0101 0.7600
vn -0.5596 -0.0650 0.8262
vn -0.3886 -0.3993 0.8304
vn -0.8479 -0.0041 0.5301
vn -0.7044 0.0266 0.7093
vn -0.5971 -0.0449 0.8009
vn -0.4796 0.1815 0.8585
vn -0.6397 -0.0086 0.7686
vn -0.6335 -0.3299 0.6999
vn -0.6929 0.0879 0.7156
vn -0.6709 -0.0812 0.7371
vn -0.5815 -0.2880 0.7609
vn -0.9172 0.0591 0.3940
vn -0.6924 0.0550 0.7194
vn -0.6103 -0.1327 0.7810
vn 0.7772 -0.0442 0.6277
vn 0.7337 -0.1057 0.6712
vn 0.7791 -0.0427 0.6255
vn 0.8226 -0.0816 0.5627
vn 0.8083 -0.0819 0.5830
vn 0.7169 -0.1064 0.6890
vn 0.7896 -0.0758 0.6089
vn 0.9439 -0.0318 0.3288
vn 0.8281 -0.0157 0.5604
vn 0.9324 -0.0455 0.3585
vn 0.5138 -0.1259 0.8486
vn 0.9974 -0.0245 0.0684
vn 0.8595 0.0801 0.5049
vn 0.5369 -0.2883 0.7928
vn 0.9390 -0.0896 0.3322
vn 0.9374 -0.0725 0.3406
vn 0.9979 -0.0418 0.0501
vn 0.7696 0.0934 0.6317
vn 0.9367 0.0455 0.3473
vn 0.7860 -0.1903 0.5882
vn 0.8348 0.0421 0.5490
vn 0.9987 -0.0319 -0.0389
vn 0.9438 0.0087 -0.3304
vn 0.7728 -0.0909 0.6282
vn 0.9364 -0.1587 0.3129
vn 0.8318 -0.0562 0.5522
vn 0.9904 -0.0820 0.1112
vn 0.9786 -0.0166 0.2049
vn 0.7811 -0.0068 0.6244
vn 0.9328 -0.0164 -0.3601
vn 0.9427 -0.0022 -0.3335
vn 0.9053 -0.0799 0.4172
vn 0.8252 -0.3626 0.4331
vn 0.9972 -0.0540 -0.0520
vn 0.7472 0.0493 -0.6628
vn 0.9633 -0.0164 -0.2677
vn 0.7835 -0.3919 0.4822
vn 0.7182 -0.0354 0.6950
vn 0.9609 -0.0398 0.2740
vn 0.9965 -0.0591 -0.0586
vn 0.8874 -0.0295 -0.4600
vn 0.9665 -0.1756 0.1873
vn 0.8379 -0.0416 0.5443
vn 0.9671 -0.0318 -0.2523
vn 0.9827 -0.0063 -0.1852
vn 0.9268 -0.0502 0.3722
vn 0.9616 -0.2590 0.0908
vn 0.6603 -0.0543 0.7490
vn 0.9039 -0.0242 -0.4270
vn 0.9189 -0.0177 0.3942
vn 0.9932 -0.0367 0.1101
vn 0.1614 0.0059 0.9869
vn 0.9417 -0.0177 -0.3360
vn 0.7379 -0.0369 -0.6739
vn 0.6968 0.0415 0.7161
vn 0.9987 -0.0367 0.0352
vn 0.9732 0.0378 0.2270
vn 0.9970 -0.0770 -0.0082
vn 0.2322 -0.0701 0.9701
vn 0.8179 -0.0407 0.5740
vn 0.9993 -0.0208 -0.0297
vn 0.7642 -0.0096 -0.6450
vn 0.8558 -0.0060 0.5172
vn 0.5411 -0.2617 0.7992
vn 0.8880 -0.0264 -0.4590
vn 0.9889 0.1451 0.0317
vn 0.6191 -0.0767 0.7816
vn 0.8087 0.0069 -0.5882
vn 0.9802 -0.0942 0.1741
vn 0.8185 0.0317 -0.5737
vn 0.9996 -0.0156 0.0215
vn 0.8820 -0.0540 0.4682
vn 0.9752 -0.0189 -0.2206
vn 0.9574 -0.0585 0.2826
vn 0.9600 -0.0431 -0.2768
vn 0.9694 0.0131 0.2450
vn 0.9930 -0.0159 0.1167
vn 0.9084 -0.0966 0.4069
vn 0.7530 0.0883 0.6521
vn 0.9813 0.1475 0.1236
vn 0.9989 0.0182 0.0426
vn 0.7364 0.1389 0.6622
vn 0.8871 -0.0190 0.4612
vn 0.8612 0.1045 0.4974
vn 0.9771 0.0134 0.2125
vn 0.9851 -0.0150 -0.1714
vn -0.2588 0.8994 0.3524
vn -0.2212 0.9130 0.3428
vn -0.0630 0.9907 0.1207
vn 0.0072 0.9983 0.0579
vn -0.3431 0.8451 0.4099
vn 0.0673 0.9964 -0.0517
vn -0.5236 0.5424 0.6570
vn -0.0651 0.9921 0.1072
vn -0.5942 0.4010 0.6973
vn 0.0439 0.9941 0.0995
vn -0.1892 0.9603 0.2051
vn -0.0854 0.9740 0.2098
vn -0.0242 0.9935 0.1115
vn -0.1631 0.9822 0.0931
vn -0.1862 0.9820 -0.0325
vn -0.1184 0.9907 -0.0673
vn 0.1188 0.9787 -0.1672
vn -0.2455 0.9361 0.2517
vn -0.0380 0.9801 -0.1946
vn -0.0792 0.9876 -0.1358
vn 0.1729 0.9562 -0.2362
vn -0.2710 0.9524 0.1397
vn -0.0761 0.9850 -0.1548
vn 0.3328 0.8525 -0.4032
vn -0.6204 0.5116 0.5945
vn -0.2107 0.9725 -0.0993
vn -0.1791 0.9389 -0.2939
vn 0.0968 0.9655 -0.2418
vn -0.5252 0.8297 0.1890
vn -0.3289 0.8889 -0.3188
vn 0.0693 0.8920 -0.4466
vn -0.1840 0.9409 -0.2843
vn -0.5395 0.8147 -0.2127
vn -0.7081 -0.0127 0.7060
vn -0.7587 0.0174 0.6512
vn -0.7353 0.0220 0.6773
vn -0.7592 -0.0168 0.6507
vn -0.7264 0.0094 0.6872
vn -0.7116 0.0645 0.6996
vn -0.7046 -0.0569 0.7073
vn -0.7238 0.0476 0.6884
vn -0.7648 -0.0249 0.6438
vn -0.7055 0.0032 0.7087
vn -0.7493 -0.0252 0.6617
vn -0.7424 0.0468 0.6683
vn -0.7046 -0.0019 0.7096
vn -0.6648 -0.0165 0.7469
vn -0.6745 -0.0171 0.7381
vn -0.6643 -0.0589 0.7451
vn -0.7128 0.0722 0.6976
vn -0.7884 -0.0423 0.6137
vn -0.7029 -0.0145 0.7112
vn -0.7266 -0.0484 0.6854
vn -0.6427 0.0274 0.7657
vn -0.6997 0.1234 0.7037
vn -0.7554 -0.0151 0.6551
vn -0.7343 0.0759 0.6746
vn -0.7095 -0.0010 0.7047
vn -0.6684 0.1304 0.7323
vn -0.6863 0.0517 0.7255
vn -0.7254 -0.0379 0.6873
vn -0.6985 0.0344 0.7148
vn -0.6632 0.0866 0.7434
vn -0.6629 0.1349 0.7365
vn -0.6282 0.0924 0.7725
vn -0.6898 0.0320 0.7233
vn -0.6731 0.1234 0.7292
vn -0.6876 0.1386 0.7127
vn -0.6279 0.1400 0.7656
vn -0.6586 0.1602 0.7352
vn -0.6255 0.1323 0.7689
vn -0.6956 0.0791 0.7141
vn -0.7182 0.1247 0.6846
vn -0.6842 0.0328 0.7286
vn -0.7063 0.0889 0.7023
vn -0.7791 0.0781 0.6221
vn -0.7016 0.1007 0.7055
vn -0.7034 0.0854 0.7056
vn -0.7254 0.0811 0.6836
vn -0.7002 0.0607 0.7113
vn -0.7049 0.0110 0.7093
vn -0.6916 0.0291 0.7217
vn -0.7000 0.0972 0.7075
vn -0.6545 -0.0052 0.7561
vn -0.6495 -0.2403 0.7214
vn -0.6479 0.4063 0.6443
vn -0.6947 0.0198 0.7190
vn -0.5019 0.6448 0.5765
vn -0.6766 0.0801 0.7320
vn -0.5439 0.6646 0.5124
vn 0.6355 -0.0514 -0.7704
vn 0.6644 -0.0440 -0.7461
vn 0.6939 -0.0411 -0.7189
vn 0.6826 -0.0020 -0.7308
vn 0.7717 -0.0975 -0.6285
vn 0.6912 0.0153 -0.7225
vn 0.7957 0.0379 -0.6045
vn 0.6624 0.0614 -0.7467
vn 0.8300 -0.0127 -0.5576
vn 0.7592 -0.1856 -0.6238
vn 0.7243 0.0606 -0.6869
vn 0.7803 -0.0277 -0.6248
vn 0.6996 -0.1453 -0.6997
vn 0.8292 -0.0356 -0.5579
vn 0.8048 -0.0264 -0.5929
vn 0.7788 -0.0137 -0.6271
vn 0.7184 -0.0867 -0.6902
vn 0.7253 0.0066 -0.6884
vn 0.6633 -0.1495 -0.7332
vn 0.7418 0.0974 -0.6635
vn 0.6975 -0.0866 -0.7113
vn 0.7039 -0.1434 -0.6957
vn 0.7222 0.0739 -0.6877
vn 0.6860 -0.0035 -0.7276
vn 0.7107 0.0176 -0.7033
vn 0.8018 -0.0884 -0.5911
vn 0.7909 -0.0064 -0.6120
vn 0.7696 0.0274 -0.6380
vn 0.8076 -0.0501 -0.5876
vn 0.7980 0.0495 -0.6007
vn 0.7330 0.0366 -0.6792
vn 0.8381 -0.1143 -0.5335
vn 0.6972 0.0699 -0.7135
vn 0.7757 0.0021 -0.6311
vn 0.6472 0.0145 -0.7622
vn 0.6976 0.0408 -0.7153
vn 0.6457 0.0500 -0.7619
vn 0.7699 0.0120 -0.6381
vn 0.8241 -0.0080 -0.5664
vn 0.7517 -0.0165 -0.6593
vn 0.8180 -0.0088 -0.5752
vn 0.7746 -0.0152 -0.6322
vn -0.4843 -0.0387 0.8741
vn -0.1562 -0.0363 0.9871
vn 0.1312 -0.0649 0.9892
vn -0.3398 -0.0068 0.9405
vn -0.2932 -0.0463 0.9549
vn 0.2603 -0.0749 0.9626
vn -0.1357 -0.0184 0.9906
vn 0.2982 -0.0241 0.9542
vn -0.2295 0.0253 0.9730
vn 0.7078 -0.0206 -0.7061
vn 0.6950 0.0082 -0.7190
vn 0.6656 -0.0153 -0.7461
vn 0.6271 0.0168 -0.7788
vn 0.6537 -0.0190 -0.7565
vn 0.5526 -0.0027 -0.8334
vn 0.5937 0.0243 -0.8043
vn 0.5589 -0.0213 -0.8289
vn 0.5167 0.0001 -0.8562
vn 0.5708 0.0072 -0.8211
vn 0.5575 0.0112 -0.8301
vn 0.5665 0.0746 -0.8207
vn 0.5611 -0.0168 -0.8275
vn 0.6543 0.0727 -0.7528
vn 0.6816 0.0032 -0.7318
vn 0.5657 -0.0088 -0.8245
vn 0.6581 -0.0332 -0.7522
vn 0.5864 0.0011 -0.8100
vn 0.8217 -0.0063 -0.5700
vn 0.5973 -0.0282 -0.8016
vn 0.7289 -0.0408 -0.6834
vn 0.6096 -0.0284 -0.7922
vn 0.6358 0.0210 -0.7716
vn 0.6162 -0.0498 -0.7860
vn 0.5705 -0.0771 -0.8177
vn 0.6017 0.0063 -0.7987
vn 0.6330 -0.1101 -0.7663
vn 0.6808 -0.0309 -0.7319
vn 0.6608 -0.0147 -0.7504
vn 0.6122 0.0426 -0.7896
vn 0.7425 -0.0390 -0.6687
vn 0.6804 0.1053 -0.7252
vn 0.7248 0.0464 -0.6874
vn 0.7789 0.0096 -0.6271
vn 0.7183 0.0635 -0.6929
vn 0.7499 0.0019 -0.6616
vn 0.7134 0.0074 -0.7007
vn 0.6640 0.1167 -0.7386
vn 0.6530 0.0019 -0.7574
vn 0.6789 0.0428 -0.7330
vn -0.7064 0.1957 0.6802
vn -0.7017 0.1019 0.7051
vn -0.6904 0.2101 0.6922
vn -0.6933 0.0168 0.7205
vn -0.7479 0.0470 0.6621
vn -0.7236 0.0476 0.6886
vn -0.7412 0.0532 0.6691
vn -0.7088 0.0182 0.7051
vn -0.6807 0.0312 0.7319
vn -0.6769 -0.0115 0.7360
vn -0.6711 0.0551 0.7394
vn -0.7351 0.0553 0.6757
vn -0.6168 0.0903 0.7819
vn -0.7002 0.0219 0.7136
vn -0.7475 0.0362 0.6633
vn -0.6094 -0.0142 0.7927
vn -0.6542 0.0556 0.7542
vn -0.6746 -0.0685 0.7350
vn -0.6445 -0.0595 0.7623
vn -0.5754 -0.0569 0.8159
vn -0.6053 -0.1042 0.7891
vn -0.6577 -0.0893 0.7480
vn 0.8774 -0.0809 0.4729
vn 0.7675 -0.1138 0.6308
vn 0.9205 -0.0500 0.3875
vn 0.7835 -0.0570 0.6188
vn 0.7390 -0.0403 0.6725
vn 0.7132 -0.0484 0.6993
vn 0.7366 -0.0366 0.6753
vn 0.8992 0.0615 0.4332
vn 0.7369 -0.0803 0.6713
vn 0.7667 -0.1043 0.6335
vn 0.8534 -0.0618 0.5175
vn 0.7455 -0.0600 0.6638
vn 0.7706 -0.0575 0.6347
vn 0.8097 -0.0647 0.5833
vn 0.8280 -0.0252 0.5601
vn 0.8639 -0.0697 0.4989
vn 0.8079 -0.0379 0.5881
vn 0.7085 -0.0157 0.7055
vn 0.6955 -0.0770 0.7144
vn 0.7925 -0.0443 0.6083
vn 0.8108 -0.0231 0.5848
vn 0.8629 -0.0282 0.5046
vn 0.8983 -0.0423 0.4373
vn 0.4190 -0.0299 0.9075
vn 0.4632 0.0173 0.8861
vn 0.0104 0.0647 0.9979
vn 0.3261 0.0089 0.9453
vn -0.6317 0.0853 0.7705
vn -0.8413 0.0149 0.5403
vn -0.6929 0.0845 0.7161
vn -0.7125 0.1467 0.6861
vn -0.7218 0.0876 0.6865
vn -0.7436 0.0616 0.6658
vn -0.7458 0.0454 0.6647
vn -0.7141 0.0240 0.6996
vn -0.6971 0.0451 0.7155
vn -0.7381 0.0537 0.6726
vn -0.7267 0.0938 0.6805
vn -0.6828 0.0014 0.7306
vn -0.6824 0.0288 0.7304
vn -0.8688 -0.0148 0.4949
vn -0.8977 0.0131 0.4404
vn -0.9909 0.0130 0.1336
vn -0.7482 0.0043 0.6634
vn -0.9554 0.0293 0.2939
vn -0.9998 -0.0143 0.0133
vn -0.9834 0.0269 -0.1794
vn -0.8842 0.0085 0.4671
vn -0.9358 0.0041 0.3525
vn -0.9882 0.0429 0.1470
vn -0.9956 0.0434 -0.0836
vn -0.9979 -0.0522 -0.0395
vn -0.9589 -0.0485 0.2797
vn -0.8994 -0.2761 0.3389
vn -0.7234 -0.0285 0.6899
vn -0.9437 -0.3251 -0.0612
vn -0.9015 -0.1912 0.3882
vn -0.9139 -0.4060 0.0067
vn -0.8915 -0.2457 -0.3807
vn -0.9112 -0.2687 -0.3124
vn -0.9501 -0.0152 0.3117
vn -0.9228 0.0205 -0.3848
vn -0.7478 0.0265 0.6634
vn -0.7271 0.0288 0.6860
vn -0.7505 0.0618 0.6580
vn -0.6949 -0.0325 0.7183
vn -0.7060 0.0321 0.7074
vn -0.6666 -0.0090 0.7454
vn -0.7112 0.0560 0.7008
vn -0.6566 -0.0420 0.7531
vn -0.6709 -0.0436 0.7403
vn -0.7216 0.0532 0.6903
vn -0.6530 0.0278 0.7568
vn -0.6291 0.0231 0.7769
vn -0.6500 -0.0279 0.7594
vn -0.6473 0.0219 0.7619
vn -0.6654 -0.1163 0.7373
vn -0.6425 0.0151 0.7661
vn -0.6131 -0.0149 0.7899
vn -0.5803 -0.0625 0.8120
vn -0.6609 0.0203 0.7502
vn -0.7122 -0.0034 0.7020
vn -0.6116 -0.2276 0.7577
vn -0.5877 -0.2059 0.7824
vn -0.7034 0.1155 0.7014
vn -0.7116 -0.0828 0.6977
vn -0.7174 0.0935 0.6904
vn -0.7543 -0.1334 0.6429
vn -0.7216 0.0178 0.6920
vn -0.6833 0.0557 0.7280
vn -0.6892 0.0860 0.7194
vn -0.7181 0.0113 0.6959
vn -0.6670 0.0853 0.7402
vn -0.6916 0.1017 0.7151
vn -0.7023 0.0673 0.7087
vn -0.7088 -0.0404 0.7043
vn -0.6869 -0.0371 0.7258
vn -0.1652 0.9485 0.2703
vn 0.0064 0.9955 0.0947
vn -0.1325 0.9715 0.1964
vn 0.0044 0.9972 0.0742
vn 0.1277 0.9917 -0.0147
vn 0.0919 0.9956 -0.0194
vn 0.3069 0.9279 -0.2118
vn 0.1798 0.9746 -0.1332
vn 0.1721 0.9781 -0.1172
vn 0.3815 0.8676 -0.3188
vn 0.0970 0.9923 -0.0774
vn 0.3125 0.8907 -0.3301
vn 0.3513 0.8684 -0.3498
vn 0.1523 0.9714 -0.1819
vn 0.2960 0.9013 -0.3163
vn -0.3938 0.2253 0.8912
vn -0.5187 0.5557 0.6497
vn -0.6837 0.0075 0.7297
vn -0.6659 0.1630 0.7281
vn -0.4145 0.7501 0.5154
vn -0.7507 -0.1725 0.6377
vn -0.3822 0.5973 0.7051
vn -0.6644 -0.0242 0.7470
vn -0.5381 -0.0059 0.8429
vn -0.8151 -0.0383 0.5781
vn -0.4165 0.5366 0.7339
vn -0.6831 0.0054 0.7303
vn -0.5594 -0.0784 0.8252
vn -0.2947 0.0477 0.9544
vn -0.8342 0.0909 -0.5439
vn -0.9542 0.0720 -0.2905
vn -0.7737 0.0204 -0.6332
vn -0.7811 0.1093 -0.6148
vn -0.6395 0.0173 -0.7686
vn -0.9644 0.0430 -0.2608
vn -0.6033 0.0602 -0.7952
vn -0.8736 0.0392 -0.4850
vn -0.5440 0.0166 -0.8390
vn -0.9301 0.1229 -0.3460
vn -0.9729 0.0524 0.2252
vn -0.6242 0.1061 -0.7740
vn -0.7143 0.0920 -0.6938
vn -0.4604 0.1436 -0.8760
vn -0.7976 0.1417 -0.5863
vn -0.3879 -0.0069 -0.9217
vn -0.4460 -0.0211 -0.8948
vn -0.7129 0.1235 -0.6903
vn -0.8948 0.0508 -0.4437
vn -0.5612 0.1024 -0.8213
vn -0.3733 0.0882 -0.9235
vn -0.7249 0.1795 -0.6651
vn -0.9891 0.0219 0.1454
vn -0.6370 0.1524 -0.7557
vn -0.3677 0.0634 -0.9278
vn -0.7339 0.0804 -0.6744
vn -0.5839 0.1385 -0.7999
vn -0.5523 0.1197 -0.8250
vn -0.5569 0.1481 -0.8173
vn 0.4415 0.8537 0.2760
vn 0.2182 0.9704 0.1035
vn 0.1646 0.9530 0.2545
vn 0.2493 0.9580 0.1417
vn 0.4759 0.7454 0.4668
vn 0.3367 0.9414 -0.0193
vn 0.6450 0.5220 0.5581
vn 0.6862 0.7261 0.0426
vn 0.6792 0.3660 0.6362
vn 0.7521 0.5830 0.3072
vn 0.6451 0.7399 -0.1909
vn 0.8001 0.2311 0.5535
vn 0.9147 0.3933 0.0934
vn 0.4264 0.8417 -0.3312
vn 0.8633 0.4565 0.2152
vn 0.8508 0.5008 -0.1594
vn 0.3241 0.9438 -0.0651
vn 0.8555 0.2185 0.4694
vn 0.1197 0.9888 -0.0890
vn 0.8817 0.2173 0.4188
vn 0.1591 0.8785 0.4504
vn 0.6222 0.1000 0.7764
vn 0.4301 0.8897 0.1529
vn 0.8609 0.0947 0.4998
vn 0.5156 0.7637 0.3885
vn 0.3975 0.8930 -0.2112
vn 0.6911 0.1168 0.7133
vn 0.2608 0.9547 0.1433
vn 0.1454 0.9831 -0.1109
vn 0.2305 0.9027 -0.3634
vn -0.0526 0.9977 -0.0420
vn 0.0425 0.9398 -0.3390
vn 0.2283 0.9112 -0.3428
vn -0.0882 0.9960 0.0149
vn 0.0917 0.9693 -0.2284
vn -0.6978 -0.1921 0.6900
vn -0.6732 -0.1983 0.7124
vn -0.6559 0.0829 0.7503
vn -0.6213 0.2554 0.7408
vn -0.7014 0.1550 0.6957
vn -0.6656 -0.0085 0.7462
vn -0.6773 0.0413 0.7346
vn 0.6513 -0.0168 -0.7587
vn 0.6522 -0.0428 -0.7568
vn 0.6292 -0.0568 -0.7752
vn 0.5712 -0.0318 -0.8202
vn 0.6321 0.0754 -0.7712
vn 0.6378 0.0577 -0.7680
vn 0.6550 -0.0286 -0.7550
vn 0.7310 0.0955 -0.6757
vn 0.5920 -0.0004 -0.8059
vn 0.7630 0.0308 -0.6457
vn 0.5951 -0.0272 -0.8032
vn 0.7019 0.1066 -0.7043
vn 0.6061 0.0691 -0.7924
vn 0.7770 0.0289 -0.6289
vn 0.5485 0.0661 -0.8335
vn 0.8090 0.0984 -0.5796
vn 0.6356 0.1333 -0.7604
vn 0.6909 0.0158 -0.7228
vn 0.6816 -0.0339 -0.7310
vn 0.7893 0.0279 -0.6134
vn 0.5412 0.1244 -0.8316
vn 0.5914 0.0825 -0.8022
vn 0.7998 0.0767 -0.5954
vn 0.6519 0.1214 -0.7485
vn 0.7636 0.0592 -0.6430
vn 0.6761 0.0224 -0.7365
vn 0.8071 0.0432 -0.5888
vn 0.7199 0.0651 -0.6911
vn 0.7668 0.0316 -0.6411
vn 0.6869 0.0500 -0.7250
vn 0.6861 -0.0003 -0.7275
vn 0.7261 0.0234 -0.6872
vn 0.6124 -0.0336 -0.7899
vn 0.7168 0.0391 -0.6962
vn 0.5917 0.0995 -0.8000
vn 0.6184 0.0659 -0.7831
vn 0.7276 -0.0478 -0.6843
vn 0.6540 -0.0902 -0.7511
vn 0.5729 -0.0520 -0.8180
vn 0.4548 -0.0300 -0.8901
vn 0.5852 0.1832 -0.7899
vn 0.6003 0.1333 -0.7886
vn 0.6581 -0.0131 -0.7528
vn 0.6239 0.3482 -0.6997
vn 0.6469 0.1202 -0.7531
vn 0.6223 0.3571 -0.6966
vn 0.7819 -0.0404 -0.6221
vn 0.6268 0.1738 -0.7596
vn 0.7200 -0.1018 -0.6865
vn 0.6535 0.1169 -0.7478
vn 0.6579 -0.0821 -0.7486
vn 0.6671 0.3072 -0.6787
vn 0.6237 0.0705 -0.7785
vn 0.6705 0.2297 -0.7054
vn 0.5900 0.1311 -0.7967
vn -0.2341 0.9342 0.2690
vn -0.3379 0.8659 0.3688
vn -0.5823 0.6360 0.5064
vn -0.0461 0.9861 0.1594
vn -0.4329 0.5434 0.7193
vn 0.1709 0.9813 -0.0888
vn -0.2878 0.8553 0.4309
vn 0.1698 0.9704 0.1718
vn -0.0802 0.9901 -0.1149
vn -0.3399 0.7404 0.5798
vn 0.4770 0.8632 0.1654
vn 0.0003 0.9848 0.1738
vn 0.1506 0.8417 -0.5185
vn 0.2487 0.9352 -0.2520
vn 0.0511 0.9437 0.3269
vn -0.1077 0.9306 -0.3498
vn 0.0188 0.9575 0.2880
vn -0.1565 0.9318 -0.3275
vn 0.2205 0.9728 0.0708
vn -0.3843 0.9067 -0.1738
vn -0.2957 0.9519 0.0799
vn 0.2111 0.9773 0.0178
vn 0.2024 0.9787 -0.0351
vn 0.3089 0.9489 -0.0639
vn 0.4654 0.7774 -0.4232
vn 0.6326 0.7690 -0.0916
vn 0.3843 0.8991 -0.2097
vn 0.0704 0.2988 -0.9517
vn -0.2735 0.4786 -0.8344
vn -0.1302 0.6240 -0.7705
vn -0.3099 0.1336 -0.9413
vn -0.0796 -0.0088 -0.9968
vn -0.4011 -0.0913 -0.9115
vn 0.1130 0.1728 -0.9784
vn -0.5987 0.0517 -0.7993
vn -0.1420 -0.0628 -0.9879
vn 0.3259 0.0797 -0.9420
vn -0.5739 0.3042 -0.7603
vn -0.6720 -0.0268 -0.7400
vn 0.1289 0.0058 -0.9916
vn 0.4999 0.3567 -0.7892
vn -0.4154 -0.0207 -0.9094
vn -0.2831 -0.0300 -0.9586
vn 0.5988 0.3217 -0.7335
vn -0.7128 0.0147 -0.7012
vn -0.2386 0.0384 -0.9704
vn -0.5496 0.0651 -0.8329
vn -0.3937 0.0109 -0.9192
vn -0.4159 0.1314 -0.8999
vn -0.1973 -0.0477 -0.9792
vn -0.3722 0.1478 -0.9163
vn -0.2504 0.0689 -0.9657
vn -0.7623 0.1180 -0.6364
vn -0.3447 -0.0296 -0.9383
vn -0.0799 0.0498 -0.9956
vn -0.7047 0.0645 0.7066
vn -0.7144 0.0915 0.6937
vn -0.7439 0.1120 0.6588
vn -0.6797 0.0795 0.7292
vn -0.7277 0.0476 0.6842
vn -0.6781 0.0530 0.7331
vn -0.6803 -0.0265 0.7324
vn -0.6936 0.0864 0.7152
vn -0.7127 -0.1438 0.6865
vn -0.6957 0.0737 0.7145
vn -0.6623 -0.0362 0.7484
vn -0.7099 -0.1244 0.6933
vn -0.6634 -0.1084 0.7403
vn -0.7114 -0.0344 0.7020
vn -0.6518 0.0154 0.7583
vn -0.7196 0.0110 0.6943
vn -0.7262 -0.1126 0.6782
vn -0.7053 0.0490 0.7073
vn -0.7096 -0.0911 0.6987
vn -0.6545 -0.0532 0.7542
vn -0.6991 -0.0208 0.7147
vn -0.6384 -0.1490 0.7551
vn -0.7323 0.1335 0.6678
vn -0.6356 -0.1316 0.7607
vn -0.6642 -0.0635 0.7448
vn -0.6314 -0.0493 0.7739
vn 0.7424 -0.0434 -0.6686
vn 0.7363 -0.0730 -0.6728
vn 0.6647 -0.1723 -0.7270
vn 0.6581 -0.1107 -0.7448
vn 0.7197 -0.1060 -0.6861
vn 0.6042 -0.2204 -0.7657
vn 0.6266 -0.0894 -0.7742
vn 0.7096 0.0402 -0.7035
vn 0.6603 -0.1820 -0.7286
vn 0.6601 -0.0545 -0.7492
vn 0.6936 -0.0500 -0.7186
vn 0.6988 -0.0920 -0.7094
vn 0.6145 0.1166 -0.7802
vn 0.7208 -0.0123 -0.6931
vn 0.7723 -0.0263 -0.6347
vn 0.7050 -0.0386 -0.7082
vn 0.6666 -0.0215 -0.7451
vn 0.7036 -0.0422 -0.7093
vn 0.7668 -0.0555 -0.6395
vn 0.8102 -0.0939 -0.5785
vn 0.7226 0.0131 -0.6912
vn 0.5745 0.6017 -0.5549
vn 0.3723 0.8580 -0.3539
vn 0.4866 0.6980 -0.5253
vn 0.3736 0.8577 -0.3532
vn 0.6218 0.4650 -0.6303
vn 0.5183 0.6608 -0.5429
vn 0.5286 0.6738 -0.5162
vn 0.7049 -0.0470 -0.7077
vn 0.7558 -0.0716 -0.6509
vn 0.7476 -0.0293 -0.6635
vn 0.7443 -0.0002 -0.6679
vn 0.7553 0.0125 -0.6553
vn 0.7387 0.0729 -0.6701
vn 0.7019 0.1639 -0.6932
vn 0.7037 0.1266 -0.6992
vn 0.6747 0.1893 -0.7134
vn 0.6867 0.0782 -0.7228
vn 0.7306 -0.0551 -0.6806
vn 0.7169 -0.0495 -0.6954
vn 0.7252 -0.0346 -0.6877
vn 0.7217 -0.0665 -0.6890
vn 0.7459 0.0198 -0.6657
vn 0.7164 -0.0350 -0.6969
vn 0.7628 -0.0374 -0.6455
vn 0.7302 -0.0291 -0.6827
vn 0.7254 0.0156 -0.6881
vn 0.8005 0.0066 -0.5993
vn 0.7167 -0.0130 -0.6972
vn 0.8064 0.0345 -0.5903
vn 0.7447 0.0455 -0.6658
vn 0.5760 0.0385 -0.8166
vn 0.7972 0.0447 -0.6021
vn 0.5800 0.0638 -0.8121
vn -0.8460 0.2323 -0.4798
vn -0.9944 0.0537 -0.0915
vn -0.9265 0.3127 -0.2094
vn -0.8664 0.0974 -0.4898
vn -0.9782 0.1783 -0.1069
vn 0.6353 0.1745 -0.7523
vn 0.5463 -0.0224 -0.8373
vn 0.4924 -0.0620 -0.8682
vn 0.5910 -0.0782 -0.8028
vn 0.5050 0.0810 -0.8593
vn 0.6021 -0.1766 -0.7787
vn 0.5941 -0.1877 -0.7822
vn 0.6316 0.0346 -0.7745
vn 0.6616 -0.0119 -0.7498
vn 0.6685 0.0029 -0.7437
vn 0.7072 -0.0112 -0.7069
vn 0.6565 0.0014 -0.7543
vn 0.7039 0.0547 -0.7082
vn 0.6016 0.1126 -0.7908
vn 0.5698 0.1043 -0.8151
vn 0.6927 0.1774 -0.6990
vn 0.4847 0.2173 -0.8473
vn 0.7690 -0.0349 -0.6383
vn 0.6567 0.1332 -0.7423
vn 0.7830 -0.0650 -0.6187
vn 0.5556 -0.0135 -0.8313
vn 0.7741 -0.0731 -0.6289
vn -0.6742 -0.0057 0.7385
vn -0.7727 -0.0793 0.6299
vn -0.7476 -0.0704 0.6604
vn -0.6710 -0.0353 0.7406
vn -0.6931 0.0891 0.7153
vn -0.6361 -0.1786 0.7506
vn -0.6380 -0.1655 0.7521
vn -0.6118 -0.1962 0.7663
vn -0.6501 -0.1647 0.7418
vn -0.6234 -0.1901 0.7584
vn 0.6126 0.0582 -0.7882
vn 0.6153 0.0346 -0.7875
vn 0.6546 -0.1228 -0.7459
vn 0.6656 -0.1185 -0.7369
vn 0.6886 -0.0863 -0.7200
vn 0.6474 -0.0570 -0.7600
vn 0.6805 -0.0328 -0.7320
vn 0.6151 -0.0493 -0.7869
vn 0.6654 -0.0653 -0.7436
vn 0.6526 -0.0515 -0.7560
vn 0.6503 -0.0613 -0.7572
vn 0.7080 -0.0552 -0.7041
vn 0.7513 -0.0017 -0.6599
vn 0.7952 -0.0939 -0.5990
vn -0.6605 -0.0086 0.7508
vn -0.7479 0.0036 0.6638
vn -0.7045 0.0073 0.7097
vn -0.7103 -0.0233 0.7035
vn -0.6920 0.0650 0.7189
vn -0.5768 -0.0141 0.8168
vn -0.3538 0.0756 0.9322
vn -0.6264 0.1749 0.7596
vn -0.6688 0.0941 0.7375
vn -0.6146 0.0652 0.7861
vn -0.6475 0.0532 0.7603
vn -0.7228 0.0909 0.6850
vn -0.6479 -0.0064 0.7617
vn -0.6181 -0.0080 0.7861
vn -0.7919 0.0859 0.6046
vn -0.6547 -0.2151 0.7246
vn -0.6379 -0.0731 0.7666
vn -0.9350 0.0917 0.3426
vn -0.6209 -0.0802 0.7798
vn -0.6039 -0.1098 0.7895
vn -0.7832 -0.0059 0.6217
vn -0.5349 -0.0695 0.8421
vn 0.8788 0.0015 0.4772
vn 0.9218 0.0007 0.3877
vn 0.8592 0.0890 0.5039
vn 0.9414 -0.0233 0.3364
vn 0.7326 0.1127 0.6713
vn 0.7080 -0.0572 0.7039
vn 0.5933 -0.0434 0.8038
vn 0.9062 -0.1352 0.4007
vn 0.9357 -0.0594 0.3478
vn 0.7389 -0.3147 0.5957
vn 0.5694 -0.1516 0.8080
vn 0.9495 -0.1500 0.2755
vn 0.9124 -0.3127 0.2640
vn 0.5790 -0.1321 0.8046
vn 0.8521 -0.3226 0.4121
vn 0.7652 -0.0192 0.6435
vn 0.5542 0.0239 0.8320
vn 0.9277 -0.2170 0.3038
vn 0.7092 -0.2962 0.6398
vn 0.8705 -0.0652 0.4878
vn 0.9118 -0.0170 0.4103
vn 0.8575 -0.1326 0.4971
vn 0.8143 -0.1588 -0.5584
vn 0.8121 -0.2004 -0.5481
vn 0.7553 -0.1649 -0.6343
vn 0.7592 -0.2245 -0.6109
vn 0.6244 -0.0956 -0.7752
vn 0.7927 -0.1901 -0.5793
vn 0.7434 -0.1924 -0.6405
vn 0.4013 0.0017 -0.9159
vn 0.5418 -0.0843 -0.8363
vn 0.3339 -0.0271 -0.9422
vn 0.1301 0.0384 -0.9908
vn 0.2746 -0.0108 -0.9615
vn 0.0835 0.0179 -0.9964
vn 0.4250 -0.0070 -0.9052
vn -0.0041 0.0288 -0.9996
vn 0.9397 -0.1052 0.3254
vn 0.8782 -0.0799 0.4716
vn 0.8903 -0.0569 0.4518
vn 0.8487 -0.0920 0.5209
vn 0.9196 -0.1960 0.3405
vn 0.8431 -0.0221 0.5372
vn 0.9854 0.0856 0.1468
vn 0.8084 -0.0030 0.5886
vn 0.5840 -0.0576 0.8097
vn 0.6529 -0.3009 0.6951
vn 0.9382 0.1457 0.3140
vn 0.7413 -0.0741 0.6671
vn 0.5124 -0.0405 0.8578
vn 0.6554 -0.0713 0.7519
vn 0.8175 -0.0200 0.5756
vn 0.7937 0.4293 0.4310
vn 0.7100 0.1604 0.6857
vn 0.7375 0.0074 0.6753
vn 0.8360 -0.0451 0.5468
vn 0.4815 -0.1947 0.8546
vn 0.7396 0.0544 0.6709
vn 0.7330 -0.0195 0.6800
vn 0.6413 -0.0594 0.7650
vn 0.6768 0.3686 0.6373
vn 0.6601 0.1080 0.7434
vn 0.3719 -0.1857 0.9095
vn 0.7037 0.0767 0.7064
vn 0.4839 0.7666 0.4221
vn 0.7964 -0.0602 0.6018
vn 0.6976 -0.1387 0.7030
vn 0.6221 -0.0570 0.7808
vn 0.7914 0.1232 0.5987
vn 0.5258 0.1469 0.8379
vn 0.7544 -0.0415 0.6551
vn 0.6751 -0.1755 0.7166
vn 0.8013 -0.1577 0.5771
vn 0.8571 -0.1613 0.4893
vn 0.8787 0.0162 0.4772
vn 0.9411 0.0671 0.3313
vn 0.9612 -0.0688 0.2671
vn 0.9960 -0.0076 -0.0890
vn 0.4262 0.8156 -0.3913
vn 0.5793 0.6174 -0.5322
vn 0.5973 0.4955 -0.6307
vn 0.5552 0.6512 -0.5174
vn 0.4843 0.7219 -0.4943
vn -0.4803 0.6632 0.5740
vn -0.6187 0.3982 0.6772
vn -0.3802 0.8087 0.4489
vn -0.2055 0.9433 0.2607
vn -0.5996 0.5422 0.5887
vn -0.4819 0.6230 0.6161
vn -0.4540 0.6622 0.5962
vn 0.8448 0.0069 -0.5350
vn 0.8069 0.0288 -0.5900
vn 0.7940 -0.0537 -0.6055
vn 0.9055 -0.0358 -0.4227
vn -0.9295 -0.0113 -0.3685
vn -0.6822 -0.1198 0.7213
vn -0.6830 -0.2442 0.6884
vn -0.7087 -0.0167 0.7053
vn -0.6580 -0.2867 0.6963
vn -0.6856 -0.1916 0.7023
vn -0.6600 -0.2825 0.6961
vn -0.1406 0.9092 0.3919
vn -0.1874 0.9295 0.3177
vn 0.1005 0.9689 0.2259
vn 0.1386 0.9865 0.0868
vn 0.2283 0.9680 -0.1037
vn -0.2624 0.8720 0.4132
vn 0.8175 -0.0496 -0.5737
vn 0.7674 -0.0319 -0.6404
vn 0.7240 -0.0085 -0.6897
vn 0.7451 -0.1115 -0.6576
vn 0.6953 -0.0796 -0.7143
vn 0.6777 -0.0621 -0.7327
vn 0.7572 -0.0757 -0.6487
vn 0.8230 -0.0766 -0.5628
vn -0.5849 0.2909 0.7571
vn -0.5511 0.4610 0.6955
vn -0.6769 0.2229 0.7015
vn -0.6557 0.4265 0.6231
vn -0.6626 -0.0611 0.7465
vn -0.6672 -0.1634 0.7267
vn -0.7600 -0.1146 0.6398
vn -0.6476 -0.4235 0.6334
vn -0.6878 0.4018 0.6045
vn -0.7052 -0.2909 0.6465
vn -0.6410 0.1531 0.7522
vn -0.6285 -0.4729 0.6176
vn -0.6530 -0.4853 0.5815
vn -0.6155 -0.4354 0.6570
vn -0.7052 -0.2637 0.6581
vn -0.5409 -0.5450 0.6406
vn -0.6272 -0.2820 0.7260
vn -0.5357 -0.5201 0.6652
vn -0.7462 0.0025 0.6657
vn -0.6772 -0.2085 0.7057
vn 0.7558 0.0083 -0.6548
vn 0.6607 0.0046 -0.7506
vn 0.6707 0.0136 -0.7416
vn 0.4750 0.1560 -0.8660
vn 0.4947 -0.0070 -0.8690
vn 0.5945 -0.0822 -0.7998
vn 0.5774 -0.1190 -0.8077
vn 0.6753 -0.1543 -0.7212
vn 0.6948 -0.1672 -0.6995
vn 0.2011 0.4497 0.8702
vn 0.6763 0.5479 0.4923
vn 0.4432 0.2673 0.8557
vn 0.7164 0.3965 0.5740
vn 0.7731 0.4221 0.4733
vn 0.1623 0.0290 0.9863
vn 0.3550 0.1234 0.9267
vn 0.9082 0.3679 0.1995
vn 0.8831 0.2857 0.3721
vn 0.7910 0.1550 0.5919
vn 0.4167 -0.3147 0.8528
vn -0.1334 -0.1116 0.9848
vn 0.1410 -0.2663 0.9535
vn 0.9886 0.1306 0.0749
vn 0.9126 0.2672 0.3094
vn 0.2351 -0.5299 0.8148
vn 0.7693 -0.1202 0.6274
vn 0.6884 0.0130 0.7253
vn -0.1543 -0.6880 0.7091
vn 0.2247 -0.6241 0.7484
vn 0.9658 -0.2086 0.1539
vn 0.8364 -0.1275 0.5332
vn 0.9501 -0.1256 0.2855
vn 0.7331 0.0462 0.6786
vn 0.8631 -0.2668 0.4287
vn 0.9025 -0.3531 0.2466
vn 0.9248 0.0311 0.3791
vn 0.9249 -0.3325 0.1845
vn 0.8707 -0.0943 0.4827
vn -0.5728 0.4744 0.6685
vn -0.6864 0.0045 0.7272
vn -0.6176 0.1691 0.7681
vn -0.6628 -0.2481 0.7065
vn -0.6929 0.0407 0.7199
vn -0.6695 -0.2752 0.6899
vn -0.6195 0.4000 0.6754
vn -0.7171 0.0912 0.6910
vn 0.6632 0.0357 -0.7476
vn 0.6728 0.2099 -0.7095
vn 0.6685 0.0151 -0.7435
vn 0.6955 0.0328 -0.7178
vn 0.6865 0.2277 -0.6906
vn 0.6594 0.3363 -0.6724
vn 0.6337 0.4562 -0.6247
vn 0.6886 0.3413 -0.6398
vn 0.6957 0.0696 -0.7149
vn 0.5323 0.1133 -0.8389
vn 0.7958 0.0513 -0.6033
vn 0.4942 0.0752 -0.8661
vn 0.7631 0.0550 -0.6439
vn 0.7390 0.0068 -0.6736
vn 0.6748 -0.2285 -0.7017
vn 0.7550 0.0907 -0.6494
vn 0.4940 0.0317 -0.8689
vn 0.6615 0.1162 -0.7409
vn 0.6113 0.0336 -0.7907
vn 0.4232 0.0967 -0.9009
vn 0.5656 0.0162 -0.8245
vn 0.5644 0.2290 -0.7931
vn 0.7737 0.1501 -0.6155
vn 0.7501 0.3089 -0.5848
vn 0.7225 0.2987 -0.6235
vn 0.4471 0.0578 -0.8926
vn 0.1501 0.0321 -0.9882
vn 0.2560 0.0247 -0.9664
vn 0.3244 0.0564 -0.9442
vn -0.1141 0.0423 -0.9926
vn -0.4361 0.0175 -0.8997
vn -0.2057 0.0379 -0.9779
vn -0.2316 0.0357 -0.9722
vn -0.4436 0.0568 -0.8944
vn -0.6447 -0.0356 -0.7636
vn -0.2742 0.0451 -0.9606
vn -0.7025 0.0618 -0.7090
vn -0.4181 0.1083 -0.9019
vn -0.3154 0.0791 -0.9457
vn -0.8881 0.0234 0.4590
vn -0.7147 0.0245 0.6990
vn -0.6562 0.0374 0.7537
vn -0.6097 -0.0435 0.7914
vn -0.6389 0.0639 0.7667
vn -0.6040 -0.0609 0.7946
vn 0.0019 0.0154 0.9999
vn -0.7929 -0.0123 0.6092
vn -0.7107 -0.2244 0.6667
vn -0.6362 -0.0283 0.7710
vn -0.5966 -0.0506 0.8010
vn -0.6653 -0.0409 0.7455
vn -0.5957 0.0889 0.7983
vn -0.4264 0.0950 0.8995
vn -0.6983 0.1101 0.7073
vn 0.9966 0.0752 0.0321
vn 0.9698 0.0939 0.2252
vn 0.9833 -0.0084 -0.1817
vn 0.9736 -0.0615 0.2196
vn 0.9663 0.0151 -0.2570
vn 0.9995 -0.0217 0.0219
vn 0.9748 -0.0565 -0.2159
vn 0.9769 -0.0240 0.2123
vn 0.9674 -0.1180 -0.2242
vn 0.9996 0.0124 -0.0267
vn 0.9609 0.0056 -0.2767
vn 0.9475 -0.1917 0.2559
vn 0.5882 0.0632 -0.8062
vn 0.6603 -0.0748 -0.7473
vn -0.6767 -0.2158 0.7039
vn -0.6325 -0.0834 0.7700
vn -0.6684 -0.2864 0.6864
vn -0.6375 -0.2413 0.7317
vn -0.6800 -0.2483 0.6899
vn -0.5934 -0.2930 0.7496
vn -0.6889 -0.0609 0.7223
vn -0.6144 0.2249 0.7563
vn -0.6758 -0.2633 0.6884
vn -0.6774 -0.1500 0.7201
vn 0.8194 -0.0420 0.5717
vn 0.6132 -0.0532 0.7882
vn 0.4581 -0.0077 0.8889
vn 0.5959 -0.3915 0.7012
vn 0.5503 -0.2030 0.8099
vn 0.3593 -0.1762 0.9164
vn 0.5976 -0.4051 0.6919
vn 0.3923 -0.0974 0.9147
vn 0.6494 -0.5254 0.5497
vn 0.7207 -0.2825 0.6331
vn 0.7570 -0.4126 0.5066
vn 0.4786 -0.0789 0.8745
vn 0.6123 0.1450 -0.7773
vn 0.8077 0.1625 -0.5668
vn 0.6268 -0.6944 0.3534
vn 0.7780 -0.4370 0.4515
vn 0.8655 -0.2868 0.4106
vn 0.8680 -0.0201 0.4961
vn 0.8109 -0.5020 0.3008
vn 0.8394 -0.3072 0.4484
vn 0.8542 0.2240 0.4693
vn 0.8926 0.1204 0.4345
vn 0.7713 -0.6169 0.1565
vn 0.7032 -0.1026 0.7035
vn 0.7491 0.4491 0.4870
vn 0.8248 -0.1055 0.5555
vn 0.7409 -0.5094 0.4377
vn 0.6886 0.4132 0.5959
vn 0.9298 -0.1433 0.3390
vn 0.5327 0.6846 0.4975
vn 0.7478 0.4746 0.4643
vn 0.4931 0.6636 0.5626
vn -0.5102 0.1088 -0.8531
vn -0.4199 0.0968 -0.9024
vn -0.5402 0.1057 -0.8349
vn -0.4650 0.1957 -0.8634
vn -0.5654 -0.0265 0.8244
vn -0.6804 0.0292 0.7322
vn -0.5741 -0.0503 0.8173
vn -0.5789 -0.0212 0.8151
vn 0.7699 0.1127 -0.6281
vn 0.7992 0.0070 -0.6010
vn 0.8191 0.0889 -0.5668
vn 0.7483 0.0267 -0.6629
vn 0.8113 0.0491 -0.5826
vn 0.7811 -0.0378 -0.6232
vn 0.7403 0.0833 -0.6671
vn 0.8095 0.0294 -0.5863
vn 0.7049 0.0377 -0.7083
vn -0.6761 -0.0695 0.7335
vn -0.3113 -0.2652 0.9125
vn -0.5894 -0.1874 0.7858
vn 0.1268 -0.3039 0.9442
vn -0.7256 -0.1366 0.6744
vn -0.6204 0.0569 0.7822
vn -0.3589 0.9022 0.2394
vn -0.5033 0.7279 0.4657
vn -0.5013 0.7144 0.4883
vn -0.5751 0.0248 0.8177
vn -0.5988 -0.0093 0.8009
vn -0.7131 0.0218 0.7007
vn -0.6011 0.0213 0.7989
vn -0.7099 -0.0015 0.7043
vn -0.5794 0.0291 0.8145
vn -0.6600 -0.0046 0.7512
vn 0.7138 -0.0971 -0.6935
vn 0.7186 -0.0246 -0.6950
vn 0.7404 -0.0114 -0.6721
vn 0.6964 -0.0462 -0.7162
vn 0.6942 -0.0383 -0.7188
vn 0.6931 -0.1041 -0.7133
vn 0.6175 -0.0286 -0.7861
vn 0.7539 -0.0891 -0.6509
vn 0.6716 -0.1100 -0.7327
vn 0.6216 -0.0454 -0.7820
vn 0.7957 -0.0821 -0.6002
vn 0.7017 -0.0236 -0.7121
vn 0.7325 -0.1278 -0.6687
vn 0.2577 -0.0109 0.9662
vn 0.7770 -0.5418 0.3203
vn 0.1873 -0.7330 0.6539
vn 0.3219 -0.7393 0.5914
vn -0.3442 -0.6571 0.6706
vn 0.7166 -0.3512 0.6026
vn -0.6297 -0.6552 0.4174
vn -0.2232 -0.9571 0.1850
vn 0.3633 -0.9032 0.2287
vn 0.8064 -0.5907 -0.0269
vn -0.6634 -0.2868 0.6911
vn -0.6548 -0.2827 0.7009
vn 0.7213 0.0426 -0.6913
vn 0.7311 0.0375 -0.6812
vn 0.7289 0.0561 -0.6824
vn -0.7530 -0.0359 0.6570
vn -0.7470 -0.1771 0.6408
vn -0.7292 -0.3469 0.5899
vn -0.6778 -0.0045 0.7353
vn -0.6856 -0.4323 0.5858
vn -0.7008 0.1018 0.7060
vn -0.0224 0.0188 -0.9996
vn 0.2961 0.0342 -0.9545
vn 0.2517 0.0036 -0.9678
vn -0.7133 -0.0420 0.6996
vn -0.7331 0.0149 0.6800
vn -0.7005 -0.0244 0.7132
vn -0.7121 0.1111 0.6933
vn -0.5356 -0.0344 0.8438
vn -0.6844 0.1303 0.7173
vn -0.7016 0.1755 0.6906
vn 0.6220 -0.6971 0.3566
vn 0.6300 -0.5928 0.5018
vn 0.8177 -0.5105 0.2661
vn 0.5296 -0.8351 0.1488
vn 0.7437 -0.6577 0.1197
vn 0.8528 -0.3225 0.4108
vn 0.8494 -0.5273 -0.0242
vn 0.7075 -0.4408 0.5523
vn 0.8987 -0.4362 0.0452
vn 0.9375 -0.3202 -0.1361
vn 0.9802 -0.1222 0.1559
vn -0.5312 0.7949 -0.2933
vn -0.8480 0.5055 -0.1591
vn -0.8089 0.2959 -0.5081
vn -0.8726 0.0772 -0.4823
vn -0.7975 0.5188 -0.3080
vn -0.8579 -0.2440 -0.4523
vn -0.6666 0.7362 -0.1168
vn -0.8901 0.2310 -0.3929
vn -0.7541 -0.3377 -0.5633
vn 0.9764 -0.0676 -0.2050
vn 0.9982 -0.0101 -0.0598
vn 0.8701 -0.0917 -0.4842
vn 0.9083 -0.1230 -0.3999
vn 0.9769 -0.0643 -0.2038
vn 0.8459 -0.1015 -0.5236
vn 0.8694 -0.0529 -0.4913
vn 0.7473 -0.0981 -0.6572
vn 0.6300 -0.0697 -0.7734
vn 0.7069 0.0060 -0.7073
vn 0.6406 0.0334 -0.7672
vn 0.7503 0.0789 -0.6564
vn 0.8122 -0.0762 -0.5784
vn 0.8368 -0.0056 -0.5476
vn 0.8150 -0.1215 -0.5666
vn 0.7936 0.2954 -0.5319
vn 0.7620 -0.0747 -0.6433
vn 0.7801 0.5514 -0.2957
vn 0.6265 0.7793 -0.0150
vn 0.8227 0.2524 -0.5093
vn -0.6409 -0.2590 0.7226
vn -0.6877 -0.0561 0.7238
vn -0.7746 0.1025 0.6241
vn -0.9201 0.1727 0.3515
vn -0.6205 0.0097 0.7841
vn -0.5573 -0.0265 0.8299
vn -0.2390 -0.0459 0.9699
vn -0.7021 -0.0592 0.7096
vn -0.4470 -0.0411 0.8936
vn -0.6154 -0.0202 0.7879
vn -0.5418 -0.0119 0.8404
vn -0.6680 0.0734 0.7405
vn -0.6520 0.1066 0.7506
vn -0.6411 -0.0257 0.7670
vn -0.6436 -0.1666 0.7470
vn -0.2405 -0.0502 0.9694
vn -0.5808 0.0873 0.8094
vn -0.5424 -0.1128 0.8325
vn -0.6733 -0.1679 0.7201
vn -0.6524 -0.0203 0.7576
vn -0.0571 -0.2047 0.9772
vn -0.3770 -0.2622 0.8884
vn -0.7321 -0.1316 0.6684
vn -0.6440 -0.1487 0.7504
vn -0.6773 -0.2439 0.6941
vn 0.6406 0.1027 -0.7610
vn 0.9732 0.1551 -0.1699
vn 0.8886 0.3358 -0.3125
vn 0.8780 0.0478 -0.4763
vn 0.9101 0.1432 -0.3888
vn 0.6699 0.5763 -0.4681
vn -0.7620 0.0495 0.6457
vn -0.5804 0.5025 0.6408
vn -0.7791 0.4914 0.3892
vn -0.8762 0.4797 0.0463
vn -0.6918 0.7182 -0.0755
vn -0.8809 0.1336 0.4541
vn -0.9812 0.1218 -0.1499
vn -0.9458 0.1238 0.3002
vn -0.9931 -0.0048 -0.1176
vn -0.9906 0.0221 -0.1352
vn -0.9587 -0.0831 0.2721
vn -0.7518 0.0666 0.6560
vn -0.7165 -0.3791 0.5856
vn -0.7364 -0.1899 0.6493
vn -0.5893 -0.4382 0.6787
vn -0.6623 -0.1569 0.7327
vn -0.7246 0.0920 0.6831
vn -0.5668 -0.4565 0.6858
vn -0.6544 0.2206 0.7232
vn -0.6761 -0.0142 0.7367
vn -0.9571 0.0594 0.2837
vn -0.9754 -0.0052 0.2204
vn -0.8577 0.0374 0.5128
vn -0.7637 0.0424 0.6442
vn -0.8668 0.0508 0.4960
vn -0.6974 0.0367 0.7157
vn 0.0024 -0.0854 0.9963
vn -0.3452 -0.0376 0.9378
vn -0.3631 -0.0902 0.9274
vn -0.0432 -0.0237 0.9988
vn -0.6587 0.0130 0.7523
vn -0.4475 0.0660 0.8918
vn -0.7579 0.0023 0.6524
vn -0.7242 0.0963 0.6828
vn -0.7126 -0.0975 0.6948
vn -0.7132 -0.0077 0.7009
vn -0.5841 -0.0926 0.8064
vn 0.6772 0.1956 0.7094
vn 0.8185 0.2078 0.5356
vn 0.9194 0.0870 0.3837
vn 0.7264 0.2016 0.6571
vn 0.9490 0.1924 0.2498
vn 0.9786 -0.0247 0.2044
vn 0.8935 0.1767 0.4128
vn 0.9454 0.0757 0.3171
vn 0.3793 0.9252 0.0103
vn 0.1522 0.9876 -0.0391
vn -0.6858 0.0078 0.7278
vn 0.5317 0.0517 0.8454
vn 0.5419 0.0639 0.8380
vn -0.5279 -0.0109 0.8492
vn -0.6877 0.0260 0.7255
vn -0.2720 -0.0215 0.9621
vn -0.5790 0.0099 0.8152
vn -0.4058 -0.2336 0.8836
vn -0.1652 0.0331 0.9857
vn -0.3620 -0.0348 0.9315
vn 0.0883 -0.1019 0.9909
vn 0.0090 0.0444 0.9990
vn 0.8688 -0.1112 0.4824
vn 0.9955 -0.0610 0.0722
vn 0.8497 0.0231 0.5268
vn 0.9438 -0.0821 0.3201
vn 0.5665 -0.1201 0.8153
vn 0.9575 -0.0018 0.2885
vn 0.7296 0.0624 0.6810
vn 0.9062 0.0057 0.4228
vn -0.5562 0.5804 0.5949
vn 0.5640 0.0953 -0.8203
vn 0.3122 0.0846 -0.9462
vn 0.1032 -0.0407 -0.9938
vn 0.0986 0.0053 -0.9951
vn -0.6656 -0.3128 0.6776
vn -0.6283 -0.0980 0.7718
vn -0.6547 -0.0680 0.7528
vn 0.6423 -0.0190 -0.7662
vn 0.7142 -0.0017 -0.7000
vn 0.6939 0.0684 -0.7168
vn 0.7810 0.0176 -0.6242
vn 0.7298 0.0509 -0.6817
vn 0.8234 0.0614 -0.5641
vn 0.6761 0.0783 -0.7326
vn 0.7382 0.0809 -0.6697
vn 0.7023 0.1788 -0.6890
vn -0.7193 0.6058 0.3402
vn -0.2790 0.9058 0.3188
vn -0.4763 0.6717 0.5675
vn -0.1152 0.9064 0.4063
vn 0.5686 -0.1068 0.8157
vn 0.5083 -0.1581 0.8465
vn 0.1812 -0.0968 0.9787
vn 0.5683 -0.1085 0.8156
vn 0.4457 -0.1111 0.8883
vn -0.5730 0.5124 0.6396
vn -0.4503 0.6783 0.5807
vn -0.6188 0.4310 0.6567
vn -0.5301 0.6272 0.5705
vn -0.6505 0.2332 0.7228
vn -0.7421 0.2235 0.6319
vn -0.8071 0.3826 0.4497
vn -0.7158 0.2705 0.6438
vn -0.5617 0.3016 0.7704
vn 0.2046 0.9756 -0.0802
vn 0.3233 0.9205 -0.2195
vn 0.2641 0.9642 -0.0241
vn 0.3146 0.9054 -0.2850
vn -0.7057 0.0496 0.7068
vn -0.7015 0.0617 0.7100
vn -0.6806 0.0570 0.7304
vn -0.7364 0.0937 0.6700
vn -0.7230 0.0099 0.6908
vn -0.9405 -0.0590 0.3347
vn -0.6656 -0.0168 0.7461
vn -0.7284 -0.0197 0.6848
vn -0.6790 0.4751 -0.5597
vn -0.7175 0.5890 -0.3718
vn -0.5044 0.7167 -0.4816
vn -0.5494 0.5709 -0.6101
vn -0.7173 0.3129 -0.6226
vn -0.6926 0.3254 -0.6437
vn 0.2763 0.4383 0.8553
vn -0.0407 0.4983 0.8660
vn 0.1269 0.1672 0.9777
vn 0.1740 0.7869 0.5921
vn 0.5587 0.2194 0.7998
vn 0.5416 0.5873 0.6014
vn 0.2742 0.8706 0.4085
vn 0.7874 0.0347 0.6155
vn 0.7012 0.0410 0.7118
vn 0.9623 0.0529 0.2667
vn 0.7658 0.0122 0.6429
vn 0.7506 0.0676 0.6573
vn 0.8884 -0.3145 0.3344
vn 0.8211 -0.2369 0.5193
vn 0.9966 -0.0303 -0.0767
vn 0.7342 0.5475 0.4014
vn 0.5982 -0.4342 0.6735
vn 0.6450 0.6529 -0.3971
vn 0.9961 -0.0381 -0.0795
vn 0.8365 0.1632 0.5232
vn 0.6955 -0.0632 0.7158
vn 0.9421 0.3211 0.0963
vn 0.7582 0.1210 0.6407
vn 0.4461 -0.1707 0.8786
vn 0.6587 0.0336 0.7516
vn -0.6440 0.3908 0.6577
vn -0.7259 -0.0449 0.6863
vn -0.5020 0.6431 0.5783
vn -0.6476 -0.1701 0.7427
vn -0.6423 0.2185 0.7347
vn -0.4050 0.7366 0.5416
vn -0.4765 0.5537 0.6829
vn -0.7118 0.1692 0.6816
vn -0.7120 0.1323 0.6896
vn -0.6742 -0.2292 0.7021
vn 0.7236 0.0115 -0.6901
vn 0.7244 -0.0379 -0.6883
vn -0.3703 0.8026 -0.4676
vn -0.5636 0.5188 -0.6428
vn -0.7364 0.1967 -0.6473
vn -0.6104 0.4248 -0.6686
vn -0.9878 0.0496 0.1479
vn -0.9134 0.1069 -0.3929
vn -0.9326 0.0832 -0.3512
vn -0.9998 0.0149 0.0103
vn -0.8421 -0.0344 0.5383
vn -0.8035 -0.0062 0.5953
vn -0.5721 0.0227 0.8199
vn -0.6509 0.0508 0.7575
vn -0.5868 -0.0437 0.8086
vn -0.6985 0.0821 0.7109
vn -0.7113 0.0426 0.7016
vn -0.6486 0.0818 0.7567
vn -0.6486 -0.0453 0.7598
vn 0.7625 -0.0260 -0.6465
vn -0.6188 0.1574 0.7696
vn -0.6055 0.1668 0.7781
vn -0.7077 0.0966 0.6998
vn -0.6760 0.1889 0.7122
vn -0.6479 0.0462 0.7603
vn -0.7135 0.0181 0.7005
vn -0.6052 -0.0032 0.7961
vn 0.4058 -0.0360 0.9132
vn 0.3934 -0.1077 0.9131
vn 0.7499 -0.0307 0.6609
vn 0.7614 -0.0947 0.6414
vn 0.6880 -0.0588 0.7233
vn 0.8414 -0.0182 0.5401
vn -0.7258 0.0147 0.6877
vn -0.7475 -0.0285 0.6636
vn -0.7505 -0.0376 0.6598
vn -0.9971 0.0080 0.0760
vn -0.9883 0.0841 0.1276
vn -0.5867 -0.0245 0.8095
vn -0.4014 0.7072 -0.5820
vn 0.6076 0.4552 -0.6509
vn 0.7525 0.0997 -0.6510
vn 0.8473 -0.1353 -0.5136
vn 0.7151 -0.2410 -0.6562
vn -0.6984 0.1855 0.6913
vn -0.7178 0.2746 0.6398
vn -0.6972 0.1422 0.7026
vn -0.7935 0.1463 0.5907
vn -0.6753 0.1350 0.7250
vn -0.7759 0.1274 0.6178
vn 0.7851 -0.0102 0.6193
vn 0.7875 0.1520 0.5973
vn 0.7205 0.0127 0.6933
vn 0.5333 0.4640 -0.7073
vn 0.4628 0.7320 -0.4999
vn 0.5189 0.3820 -0.7648
vn -0.2456 0.9665 -0.0742
vn 0.1802 0.9828 -0.0412
vn 0.1885 0.9005 -0.3920
vn -0.6449 0.7296 0.2276
vn 0.9273 0.0247 0.3736
vn 0.9454 0.1065 0.3082
vn 0.9063 -0.1953 0.3749
vn 0.8897 -0.0367 0.4551
vn 0.6577 -0.6079 0.4448
vn 0.9247 -0.2555 0.2823
vn 0.4651 -0.4165 0.7812
vn 0.5948 0.0403 0.8028
vn 0.7764 0.5481 0.3111
vn 0.2878 0.4935 0.8207
vn 0.2531 0.1855 0.9495
vn 0.2698 0.5822 0.7670
vn 0.5639 0.3410 0.7522
vn 0.5230 0.7133 -0.4665
vn 0.5527 0.6759 -0.4875
vn -0.7526 0.0708 0.6547
vn -0.6750 -0.3851 0.6293
vn -0.7181 -0.3415 0.6063
vn -0.6369 -0.4737 0.6082
vn -0.7229 0.0518 0.6890
vn -0.6011 0.4083 0.6870
vn -0.6116 -0.3908 0.6879
vn -0.6643 -0.3633 0.6533
vn -0.6996 0.1387 0.7009
vn 0.5875 0.4805 -0.6511
vn 0.5181 0.5735 -0.6345
vn 0.6338 0.2816 -0.7204
vn 0.7096 0.3171 -0.6292
vn -0.4732 0.7035 -0.5303
vn -0.2710 0.8554 0.4414
vn -0.2075 0.7640 0.6110
vn 0.6156 0.1839 -0.7663
vn -0.2712 -0.6315 0.7264
vn 0.3311 -0.5085 0.7948
vn 0.1346 -0.3578 0.9240
vn -0.4885 -0.3932 0.7789
vn 0.4904 -0.1850 0.8516
vn 0.5076 -0.2533 0.8235
vn 0.4772 0.8708 0.1185
vn 0.4370 0.8642 -0.2494
vn 0.8103 0.5682 0.1432
vn 0.4499 0.7307 0.5135
vn 0.6465 0.4827 0.5908
vn 0.6526 0.4269 -0.6260
vn -0.6991 -0.1664 0.6954
vn -0.7190 -0.3134 0.6203
vn -0.6129 0.4615 0.6414
vn -0.5003 0.6007 0.6236
vn -0.8701 0.1033 0.4820
vn -0.9780 0.1525 0.1421
vn -0.7234 0.0254 0.6900
vn 0.7660 0.2656 -0.5854
vn 0.6942 0.4039 -0.5958
vn -0.4823 -0.0521 0.8744
vn 0.9248 -0.0371 0.3785
vn 0.9148 -0.0911 0.3935
vn 0.8323 -0.0247 0.5537
vn 0.9471 0.0034 0.3210
vn 0.8602 0.0139 0.5098
vn 0.9193 0.0121 0.3933
vn 0.7897 -0.0501 0.6115
vn 0.7778 -0.0482 0.6267
vn 0.7804 -0.0038 0.6253
vn 0.8444 0.1309 0.5195
vn 0.2354 0.6287 0.7412
vn 0.3109 0.7761 0.5487
vn 0.6164 -0.1260 0.7773
vn -0.2202 0.7923 -0.5690
vn -0.4771 0.4845 -0.7333
vn 0.2381 0.6686 -0.7045
vn -0.7208 0.1560 0.6754
vn -0.7027 0.1639 0.6923
vn -0.3081 0.7059 0.6378
vn -0.0776 0.9452 0.3171
vn -0.3882 -0.0124 0.9215
vn -0.4757 -0.0348 0.8789
vn 0.0978 -0.0943 0.9907
vn -0.0634 -0.0836 0.9945
vn -0.0282 -0.0549 0.9981
vn -0.6016 -0.4731 0.6437
vn -0.6197 -0.5180 0.5896
vn -0.5788 -0.5787 0.5746
vn -0.6608 -0.4131 0.6266
vn -0.6713 0.0203 0.7409
vn -0.6666 -0.4813 0.5692
vn -0.5347 -0.4567 0.7110
vn -0.5464 -0.4370 0.7144
vn 0.7252 -0.0314 0.6878
vn -0.5068 0.3173 0.8016
vn -0.1098 0.9341 -0.3397
vn -0.0970 0.9822 -0.1608
vn -0.2015 0.9400 -0.2752
vn -0.6977 -0.1773 0.6941
vn 0.3288 -0.2545 0.9095
vn 0.7045 -0.4522 0.5471
vn 0.7427 -0.0907 0.6635
vn 0.4284 0.4043 0.8081
vn 0.8315 -0.4490 0.3272
vn 0.8738 0.3442 0.3435
vn -0.6899 0.1336 0.7114
vn 0.4782 0.2150 0.8515
vn 0.7088 -0.0543 0.7033
vn -0.6325 0.0675 -0.7716
vn -0.6666 -0.2470 -0.7033
vn -0.4017 -0.1163 -0.9084
vn -0.5725 -0.2230 -0.7890
vn 0.0526 0.4328 -0.9000
vn -0.6280 -0.1462 0.7643
vn -0.2199 -0.2669 0.9383
vn -0.3257 0.9451 -0.0258
vn 0.5464 0.7504 0.3718
vn 0.5678 -0.2683 0.7782
vn 0.8744 -0.4569 -0.1634
vn -0.5187 0.0693 0.8522
vn -0.4519 -0.1406 0.8809
vn 0.0814 -0.0451 0.9957
vn -0.0403 -0.0703 0.9967
vn -0.1006 -0.2061 -0.9733
vn -0.6781 -0.0337 0.7342
vn 0.4390 -0.3561 0.8249
vn 0.6033 0.7788 0.1716
vn 0.6634 0.6696 0.3339
vn 0.5931 0.1401 -0.7928
vn 0.4781 0.0737 -0.8752
vn 0.2053 0.0417 -0.9778
vn 0.9095 -0.3178 0.2680
vn -0.9905 -0.1004 -0.0938
vn 0.9018 -0.1301 0.4120
vn 0.6667 -0.1152 0.7363
vn -0.7555 -0.3736 0.5382
vn -0.7170 -0.1281 0.6852
vn -0.7908 -0.0424 0.6106
vn -0.5430 -0.4654 0.6990
vn -0.6203 0.0837 -0.7799
vn 0.2373 -0.0013 0.9714
vn 0.1925 -0.1543 0.9691
vn 0.7014 -0.5668 0.4321
vn -0.1843 -0.8966 0.4026
vn 0.8706 -0.1061 -0.4804
vn -0.7884 -0.6094 0.0834
vn 0.2421 -0.7587 -0.6048
vn -0.6352 -0.7676 -0.0862
vn -0.9692 0.1708 -0.1775
vn -0.1473 -0.4486 0.8815
vn -0.5969 0.7475 0.2914
vn 0.5169 0.3944 -0.7597
vn -0.1634 -0.9518 -0.2596
vn 0.9171 -0.2049 0.3421
vn -0.2389 0.5331 -0.8116
vn -0.0958 0.9323 0.3488
vn -0.1210 -0.9908 0.0597
vt 0.008753 0.954156
vt 0.009458 0.948499
vt 0.013173 0.956085
vt 0.013106 0.961114
vt 0.015846 0.956946
vt 0.015472 0.963512
vt 0.299124 0.984134
vt 0.304014 0.977214
vt 0.310328 0.988374
vt 0.297136 0.979026
vt 0.312321 0.972493
vt 0.297346 0.991233
vt 0.299382 0.973454
vt 0.292997 0.974821
vt 0.306241 0.969301
vt 0.321943 0.975651
vt 0.315716 0.963012
vt 0.284591 0.978388
vt 0.293554 0.968112
vt 0.297776 0.962523
vt 0.328858 0.960843
vt 0.320509 0.953405
vt 0.281269 0.961623
vt 0.300459 0.947544
vt 0.291928 0.951585
vt 0.322814 0.922965
vt 0.301580 0.925594
vt 0.330615 0.937397
vt 0.282870 0.936772
vt 0.286452 0.927897
vt 0.307443 0.912048
vt 0.332757 0.923099
vt 0.278407 0.938618
vt 0.294296 0.908364
vt 0.317047 0.906225
vt 0.325188 0.915015
vt 0.339358 0.931934
vt 0.267139 0.929334
vt 0.266890 0.944470
vt 0.275287 0.914149
vt 0.306417 0.896398
vt 0.334653 0.908346
vt 0.342095 0.924540
vt 0.277650 0.924751
vt 0.279381 0.892260
vt 0.289939 0.881702
vt 0.315387 0.884472
vt 0.263313 0.902280
vt 0.333041 0.895632
vt 0.341900 0.905606
vt 0.276032 0.866932
vt 0.245784 0.890786
vt 0.306647 0.876607
vt 0.331822 0.876595
vt 0.351379 0.923913
vt 0.266809 0.878554
vt 0.295688 0.858506
vt 0.322335 0.862424
vt 0.339993 0.878088
vt 0.356624 0.919073
vt 0.259997 0.854337
vt 0.347450 0.900743
vt 0.334176 0.886251
vt 0.337833 0.865476
vt 0.355608 0.907254
vt 0.359186 0.924603
vt 0.351287 0.883062
vt 0.368577 0.924994
vt 0.357419 0.927569
vt 0.346840 0.871683
vt 0.353455 0.897578
vt 0.376708 0.910750
vt 0.431474 0.910552
vt 0.432142 0.908380
vt 0.433948 0.909334
vt 0.434382 0.906917
vt 0.431042 0.913251
vt 0.433911 0.905489
vt 0.436219 0.907379
vt 0.427675 0.914977
vt 0.435196 0.910748
vt 0.429701 0.916264
vt 0.428994 0.912202
vt 0.434017 0.914682
vt 0.442383 0.905986
vt 0.443095 0.909991
vt 0.425604 0.922435
vt 0.422208 0.918105
vt 0.442293 0.912234
vt 0.432095 0.921819
vt 0.432724 0.917760
vt 0.443321 0.913640
vt 0.449326 0.907063
vt 0.449283 0.911988
vt 0.421858 0.922166
vt 0.423483 0.930257
vt 0.436603 0.916815
vt 0.452663 0.909706
vt 0.420267 0.926964
vt 0.417993 0.924526
vt 0.431578 0.927725
vt 0.439741 0.919261
vt 0.452403 0.913935
vt 0.456356 0.906222
vt 0.455391 0.912470
vt 0.430021 0.931891
vt 0.438053 0.921863
vt 0.417149 0.932726
vt 0.458109 0.908418
vt 0.419448 0.940820
vt 0.433354 0.931096
vt 0.442358 0.925386
vt 0.417003 0.935700
vt 0.446233 0.919883
vt 0.458822 0.914674
vt 0.461772 0.904848
vt 0.462142 0.909077
vt 0.433505 0.936812
vt 0.446581 0.922647
vt 0.412039 0.938015
vt 0.453215 0.921445
vt 0.462089 0.913433
vt 0.461177 0.911427
vt 0.425175 0.943713
vt 0.412842 0.941518
vt 0.444228 0.931810
vt 0.448781 0.926624
vt 0.461490 0.915815
vt 0.467285 0.904070
vt 0.435667 0.944087
vt 0.415777 0.945754
vt 0.443128 0.942155
vt 0.408074 0.946143
vt 0.463901 0.915089
vt 0.458991 0.920634
vt 0.468723 0.907912
vt 0.466049 0.913826
vt 0.428939 0.948595
vt 0.425147 0.949729
vt 0.410072 0.945959
vt 0.450250 0.933558
vt 0.463623 0.921812
vt 0.464011 0.918859
vt 0.470525 0.906494
vt 0.434837 0.948852
vt 0.442498 0.944630
vt 0.419714 0.950978
vt 0.408464 0.950315
vt 0.454101 0.938420
vt 0.455430 0.928514
vt 0.469409 0.915713
vt 0.472235 0.908608
vt 0.471212 0.913995
vt 0.426217 0.952440
vt 0.448051 0.943701
vt 0.461672 0.925963
vt 0.399435 0.958167
vt 0.473644 0.916055
vt 0.471149 0.919067
vt 0.472537 0.907198
vt 0.442234 0.948920
vt 0.429979 0.953631
vt 0.418362 0.956805
vt 0.408861 0.954924
vt 0.461039 0.933881
vt 0.456035 0.941123
vt 0.462972 0.928022
vt 0.467255 0.925079
vt 0.403649 0.959375
vt 0.474956 0.919726
vt 0.476872 0.907786
vt 0.475399 0.910976
vt 0.435754 0.955326
vt 0.424163 0.956983
vt 0.445719 0.950733
vt 0.453659 0.949033
vt 0.470874 0.921304
vt 0.394054 0.966651
vt 0.476465 0.914229
vt 0.481939 0.915064
vt 0.481746 0.918225
vt 0.476262 0.913188
vt 0.430783 0.955975
vt 0.420401 0.960667
vt 0.408038 0.958573
vt 0.460353 0.941166
vt 0.471145 0.934228
vt 0.473825 0.926313
vt 0.470211 0.922765
vt 0.399880 0.964914
vt 0.475945 0.920952
vt 0.479869 0.909013
vt 0.449116 0.953793
vt 0.426134 0.963952
vt 0.411394 0.962918
vt 0.405462 0.962625
vt 0.478635 0.929565
vt 0.459233 0.948577
vt 0.480474 0.912943
vt 0.486238 0.913666
vt 0.480057 0.921255
vt 0.481481 0.907301
vt 0.436853 0.967410
vt 0.454771 0.952842
vt 0.418033 0.965635
vt 0.470545 0.941118
vt 0.475622 0.937750
vt 0.401305 0.968004
vt 0.483578 0.913550
vt 0.487834 0.914334
vt 0.487718 0.919905
vt 0.482943 0.909126
vt 0.484165 0.908193
vt 0.482570 0.905138
vt 0.482790 0.911554
vt 0.446485 0.964558
vt 0.426729 0.970234
vt 0.456234 0.957707
vt 0.407863 0.970831
vt 0.480355 0.938848
vt 0.470779 0.952700
vt 0.460214 0.956447
vt 0.484221 0.912257
vt 0.488624 0.912801
vt 0.488044 0.917669
vt 0.485648 0.922444
vt 0.483708 0.927666
vt 0.487824 0.906951
vt 0.443038 0.971374
vt 0.431932 0.971167
vt 0.419384 0.979186
vt 0.410926 0.981927
vt 0.482261 0.931176
vt 0.487341 0.911856
vt 0.490767 0.915828
vt 0.489424 0.924966
vt 0.495089 0.918497
vt 0.484443 0.909946
vt 0.486314 0.908184
vt 0.491323 0.903869
vt 0.446062 0.976149
vt 0.436872 0.971752
vt 0.459316 0.964222
vt 0.427381 0.975943
vt 0.397856 0.988799
vt 0.492883 0.933070
vt 0.469767 0.958051
vt 0.482318 0.944958
vt 0.491122 0.909951
vt 0.494433 0.913670
vt 0.487356 0.927130
vt 0.496052 0.921841
vt 0.487197 0.909351
vt 0.491718 0.907602
vt 0.417014 0.984158
vt 0.429797 0.984623
vt 0.409094 0.987840
vt 0.488308 0.939157
vt 0.475893 0.955644
vt 0.496817 0.916165
vt 0.491041 0.925430
vt 0.502808 0.919118
vt 0.496883 0.907849
vt 0.455502 0.972388
vt 0.433841 0.979710
vt 0.493758 0.927795
vt 0.496159 0.940303
vt 0.464847 0.970414
vt 0.476889 0.960654
vt 0.488648 0.946610
vt 0.485170 0.949495
vt 0.494886 0.911042
vt 0.497430 0.913658
vt 0.503306 0.916931
vt 0.503979 0.921775
vt 0.497793 0.905838
vt 0.460400 0.967428
vt 0.446887 0.984245
vt 0.418695 0.988255
vt 0.501749 0.927344
vt 0.501779 0.935466
vt 0.474519 0.970067
vt 0.482574 0.957149
vt 0.501740 0.915088
vt 0.498961 0.923981
vt 0.508645 0.917800
vt 0.500867 0.912452
vt 0.502651 0.910780
vt 0.502793 0.907834
vt 0.458230 0.976386
vt 0.503225 0.940874
vt 0.491509 0.952604
vt 0.467698 0.976936
vt 0.485397 0.962366
vt 0.503006 0.913875
vt 0.507011 0.915528
vt 0.510783 0.921886
vt 0.505466 0.910898
vt 0.454707 0.988400
vt 0.438065 0.991638
vt 0.509255 0.932590
vt 0.477399 0.973969
vt 0.487030 0.966554
vt 0.511869 0.915556
vt 0.517252 0.915773
vt 0.507880 0.910372
vt 0.502488 0.945972
vt 0.513526 0.937872
vt 0.472796 0.986793
vt 0.497806 0.956204
vt 0.507200 0.913150
vt 0.510759 0.912892
vt 0.460681 0.989725
vt 0.513771 0.924882
vt 0.512925 0.941785
vt 0.502236 0.950867
vt 0.518443 0.931967
vt 0.491190 0.969730
vt 0.497942 0.962560
vt 0.515401 0.914253
vt 0.517315 0.926671
vt 0.516254 0.922638
vt 0.521897 0.937118
vt 0.471534 0.990002
vt 0.505687 0.959408
vt 0.518978 0.912985
vt 0.516776 0.910097
vt 0.515752 0.908857
vt 0.518232 0.921401
vt 0.512948 0.951071
vt 0.526348 0.942160
vt 0.525887 0.931398
vt 0.523202 0.923832
vt 0.498339 0.968312
vt 0.520011 0.914553
vt 0.518345 0.945337
vt 0.531582 0.936166
vt 0.514722 0.954866
vt 0.518371 0.907823
vt 0.521642 0.913221
vt 0.522016 0.915898
vt 0.523406 0.950189
vt 0.531010 0.941605
vt 0.530366 0.928636
vt 0.533147 0.941409
vt 0.534773 0.931569
vt 0.530488 0.922518
vt 0.530782 0.918976
vt 0.526016 0.910571
vt 0.526282 0.913471
vt 0.537047 0.938508
vt 0.531622 0.943287
vt 0.533752 0.923480
vt 0.535699 0.942655
vt 0.540239 0.934321
vt 0.540697 0.927967
vt 0.530024 0.914547
vt 0.528775 0.912341
vt 0.540341 0.939123
vt 0.532273 0.945703
vt 0.543071 0.920950
vt 0.532589 0.916408
vt 0.530995 0.909163
vt 0.540705 0.942235
vt 0.530180 0.948034
vt 0.535431 0.945099
vt 0.545188 0.934851
vt 0.545225 0.928980
vt 0.537675 0.913451
vt 0.544856 0.937891
vt 0.532337 0.949103
vt 0.548657 0.929156
vt 0.540184 0.915275
vt 0.534710 0.908017
vt 0.540087 0.944238
vt 0.547971 0.939464
vt 0.551462 0.926719
vt 0.543366 0.914923
vt 0.543092 0.911004
vt 0.541890 0.943754
vt 0.538986 0.950016
vt 0.550876 0.936327
vt 0.543735 0.908033
vt 0.541969 0.950172
vt 0.545613 0.952026
vt 0.531252 0.952043
vt 0.546177 0.912187
vt 0.540568 0.953256
vt 0.527704 0.952563
vt 0.534887 0.954031
vt 0.548922 0.916548
vt 0.549017 0.912659
vt 0.526474 0.954281
vt 0.529013 0.955108
vt 0.532826 0.960659
vt 0.524207 0.954949
vt 0.529790 0.959959
vt 0.527146 0.956808
vt 0.527407 0.967266
vt 0.083009 0.809165
vt 0.085000 0.824791
vt 0.069070 0.804388
vt 0.092446 0.823130
vt 0.079928 0.830822
vt 0.072496 0.797164
vt 0.093666 0.828356
vt 0.066323 0.823351
vt 0.061233 0.793899
vt 0.083571 0.794068
vt 0.058273 0.805588
vt 0.060383 0.780083
vt 0.073932 0.786213
vt 0.054645 0.785473
vt 0.065751 0.778360
vt 0.086072 0.786259
vt 0.052883 0.800636
vt 0.058880 0.769059
vt 0.073826 0.773435
vt 0.045899 0.793158
vt 0.048841 0.772526
vt 0.065573 0.769178
vt 0.032967 0.772231
vt 0.038915 0.810217
vt 0.042500 0.754908
vt 0.070912 0.756701
vt 0.033156 0.792356
vt 0.048536 0.810856
vt 0.057317 0.739562
vt 0.026118 0.782338
vt 0.032260 0.805822
vt 0.031236 0.759134
vt 0.041987 0.738751
vt 0.025934 0.793470
vt 0.023713 0.775008
vt 0.024228 0.760680
vt 0.030562 0.749592
vt 0.057751 0.724466
vt 0.022516 0.775806
vt 0.051362 0.718555
vt 0.024768 0.722351
vt 0.019180 0.746323
vt 0.067956 0.719922
vt 0.015864 0.728913
vt 0.042088 0.700356
vt 0.065830 0.709347
vt 0.019897 0.705779
vt 0.037676 0.685968
vt 0.008466 0.675388
vt 0.794463 0.949674
vt 0.788758 0.943419
vt 0.796786 0.949821
vt 0.795504 0.954776
vt 0.792310 0.952795
vt 0.794077 0.960269
vt 0.132959 0.816564
vt 0.145125 0.807471
vt 0.137818 0.817875
vt 0.136478 0.803386
vt 0.150507 0.807927
vt 0.119841 0.828787
vt 0.123481 0.811136
vt 0.143134 0.800009
vt 0.155954 0.800809
vt 0.113642 0.830302
vt 0.111244 0.830581
vt 0.144382 0.790552
vt 0.160720 0.789851
vt 0.160362 0.798657
vt 0.168864 0.788591
vt 0.152008 0.785834
vt 0.165885 0.795024
vt 0.180451 0.774693
vt 0.162732 0.786449
vt 0.173469 0.788969
vt 0.160439 0.776749
vt 0.171725 0.767228
vt 0.183654 0.781987
vt 0.176334 0.763702
vt 0.202360 0.762313
vt 0.161807 0.771622
vt 0.170282 0.762447
vt 0.199012 0.750420
vt 0.153838 0.775375
vt 0.188122 0.745736
vt 0.163877 0.760993
vt 0.137595 0.777484
vt 0.135739 0.771818
vt 0.142334 0.772428
vt 0.131626 0.772404
vt 0.137625 0.766985
vt 0.142240 0.778778
vt 0.150311 0.770116
vt 0.134984 0.758261
vt 0.232238 0.824388
vt 0.234480 0.821333
vt 0.242381 0.818466
vt 0.228935 0.822267
vt 0.240149 0.809478
vt 0.223876 0.827231
vt 0.231508 0.817369
vt 0.252602 0.799453
vt 0.224491 0.817597
vt 0.251779 0.787711
vt 0.232575 0.807485
vt 0.220090 0.830745
vt 0.242790 0.787531
vt 0.270371 0.782064
vt 0.232544 0.799883
vt 0.226488 0.806253
vt 0.260680 0.778007
vt 0.259271 0.801537
vt 0.223149 0.805654
vt 0.237463 0.777900
vt 0.267340 0.775112
vt 0.274460 0.796723
vt 0.225017 0.799272
vt 0.245679 0.765669
vt 0.227060 0.786647
vt 0.280944 0.770986
vt 0.283243 0.780644
vt 0.285563 0.773390
vt 0.275818 0.764490
vt 0.285315 0.785669
vt 0.224272 0.788169
vt 0.287786 0.780824
vt 0.290628 0.776768
vt 0.294155 0.782724
vt 0.297537 0.771274
vt 0.295632 0.766643
vt 0.298384 0.772749
vt 0.304744 0.775642
vt 0.311453 0.760793
vt 0.307236 0.770870
vt 0.345637 0.797163
vt 0.344204 0.805513
vt 0.340089 0.804134
vt 0.353146 0.801178
vt 0.336766 0.813189
vt 0.353693 0.794017
vt 0.345936 0.819123
vt 0.347579 0.791362
vt 0.360330 0.798234
vt 0.357470 0.806797
vt 0.335789 0.824621
vt 0.358526 0.803692
vt 0.358811 0.810179
vt 0.329038 0.824422
vt 0.346600 0.825368
vt 0.366727 0.800143
vt 0.330062 0.828974
vt 0.367450 0.794487
vt 0.360259 0.823245
vt 0.370394 0.802363
vt 0.373373 0.795093
vt 0.369913 0.799228
vt 0.367436 0.820746
vt 0.375527 0.800094
vt 0.371268 0.814327
vt 0.368453 0.830752
vt 0.381747 0.805306
vt 0.377861 0.797585
vt 0.380743 0.799643
vt 0.384837 0.797623
vt 0.377401 0.792033
vt 0.386791 0.804381
vt 0.374216 0.787394
vt 0.381783 0.786869
vt 0.384444 0.813683
vt 0.390335 0.794974
vt 0.391054 0.814091
vt 0.373674 0.775087
vt 0.391285 0.818677
vt 0.393386 0.806095
vt 0.395076 0.815635
vt 0.400508 0.815851
vt 0.401935 0.809375
vt 0.403836 0.819579
vt 0.405113 0.814092
vt 0.402207 0.823604
vt 0.407208 0.810435
vt 0.393364 0.828744
vt 0.404469 0.824585
vt 0.407562 0.815019
vt 0.407766 0.805979
vt 0.414469 0.807072
vt 0.412055 0.811703
vt 0.419212 0.811976
vt 0.423790 0.799285
vt 0.427533 0.805867
vt 0.426305 0.811428
vt 0.431035 0.802303
vt 0.418184 0.819565
vt 0.429650 0.810324
vt 0.429406 0.815851
vt 0.432824 0.807454
vt 0.429472 0.821988
vt 0.434339 0.813708
vt 0.396642 0.796523
vt 0.393827 0.795059
vt 0.393859 0.790661
vt 0.221964 0.722246
vt 0.236517 0.738401
vt 0.223461 0.739751
vt 0.237724 0.731222
vt 0.231760 0.716496
vt 0.228858 0.707473
vt 0.236047 0.705322
vt 0.235391 0.699689
vt 0.247705 0.715027
vt 0.219814 0.700000
vt 0.246577 0.702449
vt 0.241344 0.722239
vt 0.230070 0.684042
vt 0.238964 0.695834
vt 0.249789 0.719087
vt 0.250666 0.708820
vt 0.239210 0.678618
vt 0.247955 0.725580
vt 0.253584 0.715652
vt 0.257164 0.707269
vt 0.256088 0.724675
vt 0.266440 0.696856
vt 0.251813 0.732982
vt 0.259856 0.718771
vt 0.270714 0.704166
vt 0.260129 0.730024
vt 0.269793 0.723077
vt 0.280295 0.702755
vt 0.264455 0.728296
vt 0.271780 0.730179
vt 0.278328 0.729144
vt 0.273940 0.721196
vt 0.276917 0.734610
vt 0.270648 0.716683
vt 0.282819 0.719839
vt 0.285022 0.737370
vt 0.287638 0.728436
vt 0.274296 0.707740
vt 0.296497 0.727626
vt 0.294344 0.715275
vt 0.305885 0.743463
vt 0.302750 0.717905
vt 0.296873 0.707994
vt 0.454496 0.817491
vt 0.452044 0.802433
vt 0.455740 0.801099
vt 0.459155 0.803085
vt 0.455568 0.790589
vt 0.459378 0.818471
vt 0.459538 0.790506
vt 0.464265 0.820928
vt 0.466809 0.791320
vt 0.462246 0.786043
vt 0.467153 0.805585
vt 0.471909 0.801918
vt 0.470386 0.780854
vt 0.476975 0.797874
vt 0.472443 0.810100
vt 0.473860 0.785806
vt 0.465151 0.773664
vt 0.478258 0.800872
vt 0.476259 0.806939
vt 0.477450 0.785493
vt 0.469340 0.768500
vt 0.479369 0.812128
vt 0.479573 0.772587
vt 0.463467 0.766581
vt 0.488893 0.807361
vt 0.484128 0.779586
vt 0.474868 0.766004
vt 0.465381 0.760429
vt 0.487937 0.795253
vt 0.483803 0.810463
vt 0.486280 0.784594
vt 0.485082 0.778347
vt 0.477071 0.765022
vt 0.474039 0.754622
vt 0.461219 0.757171
vt 0.468660 0.748522
vt 0.490639 0.818470
vt 0.482151 0.761129
vt 0.461843 0.746663
vt 0.488339 0.791145
vt 0.490944 0.822918
vt 0.487318 0.784241
vt 0.485967 0.778254
vt 0.476666 0.753241
vt 0.465705 0.740928
vt 0.489208 0.798784
vt 0.493064 0.825951
vt 0.484450 0.763591
vt 0.481222 0.753082
vt 0.474903 0.745268
vt 0.468366 0.742189
vt 0.486927 0.825357
vt 0.491729 0.830691
vt 0.483688 0.757389
vt 0.485637 0.770002
vt 0.467902 0.735808
vt 0.485007 0.763673
vt 0.480883 0.749362
vt 0.459931 0.735027
vt 0.484578 0.759698
vt 0.481619 0.746981
vt 0.478084 0.740637
vt 0.473509 0.736889
vt 0.466579 0.729683
vt 0.471906 0.732812
vt 0.458067 0.724569
vt 0.469329 0.730195
vt 0.477482 0.736849
vt 0.472402 0.730329
vt 0.461465 0.724423
vt 0.468192 0.727358
vt 0.479856 0.737755
vt 0.459649 0.720415
vt 0.476477 0.730992
vt 0.463308 0.722257
vt 0.468639 0.725590
vt 0.472159 0.725486
vt 0.478103 0.726457
vt 0.462047 0.718990
vt 0.475721 0.724740
vt 0.460262 0.715671
vt 0.463756 0.719682
vt 0.470469 0.722520
vt 0.476558 0.722847
vt 0.457017 0.713128
vt 0.463618 0.715785
vt 0.475034 0.722600
vt 0.477514 0.722453
vt 0.459370 0.712997
vt 0.470398 0.719677
vt 0.476175 0.717968
vt 0.465199 0.714399
vt 0.469840 0.716488
vt 0.473163 0.715718
vt 0.464748 0.712076
vt 0.459937 0.710976
vt 0.469135 0.713787
vt 0.463188 0.708594
vt 0.465016 0.706547
vt 0.455604 0.708903
vt 0.467355 0.707019
vt 0.454674 0.711309
vt 0.456286 0.707952
vt 0.462437 0.707003
vt 0.452876 0.707883
vt 0.462247 0.704978
vt 0.454893 0.707107
vt 0.464936 0.703168
vt 0.466743 0.705029
vt 0.454915 0.705853
vt 0.468600 0.703619
vt 0.527461 0.770338
vt 0.522905 0.774368
vt 0.523943 0.767350
vt 0.526391 0.780248
vt 0.529806 0.776461
vt 0.517180 0.781356
vt 0.530055 0.780635
vt 0.521835 0.784621
vt 0.528261 0.787535
vt 0.521745 0.789226
vt 0.515734 0.787857
vt 0.532882 0.784795
vt 0.510457 0.781666
vt 0.529912 0.791925
vt 0.517605 0.795761
vt 0.536936 0.790421
vt 0.536741 0.800749
vt 0.526561 0.802599
vt 0.542505 0.799070
vt 0.533795 0.807587
vt 0.547655 0.791514
vt 0.543717 0.803232
vt 0.539219 0.808434
vt 0.548698 0.802577
vt 0.549318 0.784074
vt 0.553740 0.797141
vt 0.552747 0.789473
vt 0.546692 0.809730
vt 0.552416 0.809659
vt 0.554728 0.783118
vt 0.539614 0.815058
vt 0.558239 0.798184
vt 0.554037 0.793982
vt 0.557844 0.788772
vt 0.549831 0.813248
vt 0.546887 0.815302
vt 0.562181 0.785150
vt 0.553552 0.813919
vt 0.563568 0.795585
vt 0.551791 0.816480
vt 0.570658 0.794056
vt 0.567451 0.800433
vt 0.557782 0.818211
vt 0.550843 0.822676
vt 0.571166 0.783787
vt 0.565109 0.806460
vt 0.554392 0.820547
vt 0.570721 0.802871
vt 0.581352 0.784513
vt 0.552545 0.822760
vt 0.579024 0.796645
vt 0.576567 0.777658
vt 0.568433 0.812420
vt 0.552053 0.823841
vt 0.554725 0.822665
vt 0.581558 0.773223
vt 0.582345 0.789137
vt 0.574457 0.813616
vt 0.557171 0.822566
vt 0.592089 0.777076
vt 0.591913 0.788103
vt 0.575705 0.808186
vt 0.569756 0.816291
vt 0.555157 0.825580
vt 0.559539 0.819249
vt 0.591099 0.781535
vt 0.567394 0.819680
vt 0.558449 0.823701
vt 0.594312 0.787230
vt 0.558788 0.830991
vt 0.561906 0.825563
vt 0.023697 0.607618
vt 0.031189 0.607565
vt 0.020663 0.613126
vt 0.034030 0.605609
vt 0.032459 0.609213
vt 0.027037 0.598365
vt 0.031576 0.614454
vt 0.039173 0.607677
vt 0.034909 0.597456
vt 0.043067 0.598589
vt 0.030671 0.594200
vt 0.046177 0.608937
vt 0.035008 0.593413
vt 0.026151 0.597601
vt 0.044276 0.593386
vt 0.035621 0.616114
vt 0.048835 0.596581
vt 0.033871 0.592596
vt 0.038872 0.594543
vt 0.022676 0.599341
vt 0.033441 0.617484
vt 0.046760 0.619365
vt 0.053817 0.603034
vt 0.034973 0.590386
vt 0.041817 0.591160
vt 0.016070 0.604264
vt 0.050613 0.592017
vt 0.039590 0.620035
vt 0.030004 0.621736
vt 0.050102 0.618120
vt 0.051353 0.612504
vt 0.016507 0.597459
vt 0.044350 0.589218
vt 0.045974 0.623300
vt 0.054592 0.616251
vt 0.055055 0.591486
vt 0.025810 0.597131
vt 0.008951 0.601375
vt 0.052269 0.585693
vt 0.043588 0.632475
vt 0.049374 0.626794
vt 0.022748 0.595505
vt 0.012836 0.593052
vt 0.047368 0.630538
vt 0.055722 0.582071
vt 0.015938 0.590102
vt 0.026853 0.596148
vt 0.010396 0.588998
vt 0.048414 0.635827
vt 0.051602 0.582577
vt 0.020457 0.591550
vt 0.008544 0.590747
vt 0.047486 0.644350
vt 0.050798 0.640998
vt 0.050106 0.583444
vt 0.054351 0.577299
vt 0.020827 0.585233
vt 0.027028 0.594494
vt 0.010441 0.583571
vt 0.016554 0.582356
vt 0.041505 0.642829
vt 0.050141 0.645900
vt 0.051112 0.575967
vt 0.048307 0.587309
vt 0.059916 0.579046
vt 0.028595 0.590780
vt 0.013075 0.581342
vt 0.046258 0.658104
vt 0.039967 0.631637
vt 0.048523 0.646850
vt 0.054568 0.575685
vt 0.021635 0.577187
vt 0.041627 0.653148
vt 0.035811 0.635438
vt 0.057843 0.575785
vt 0.052948 0.572553
vt 0.038156 0.650615
vt 0.031479 0.643564
vt 0.047743 0.573179
vt 0.036164 0.656736
vt 0.054652 0.568878
vt 0.046365 0.569857
vt 0.028927 0.647484
vt 0.047612 0.566359
vt 0.050365 0.560611
vt 0.056838 0.565740
vt 0.559361 0.698960
vt 0.573275 0.690220
vt 0.560487 0.702953
vt 0.592087 0.695238
vt 0.540139 0.709539
vt 0.565994 0.724465
vt 0.551426 0.699935
vt 0.545276 0.712155
vt 0.545427 0.702261
vt 0.548843 0.724088
vt 0.527105 0.720753
vt 0.538872 0.725543
vt 0.542347 0.732251
vt 0.534742 0.727532
vt 0.538546 0.733758
vt 0.530187 0.733945
vt 0.543280 0.734932
vt 0.518273 0.724724
vt 0.539086 0.739569
vt 0.519851 0.735876
vt 0.545907 0.738014
vt 0.512753 0.729413
vt 0.529954 0.738434
vt 0.545899 0.745986
vt 0.513364 0.724796
vt 0.513889 0.733395
vt 0.523455 0.741420
vt 0.541629 0.746317
vt 0.510595 0.729009
vt 0.513244 0.735610
vt 0.537825 0.749533
vt 0.530276 0.745099
vt 0.510276 0.733127
vt 0.098245 0.590074
vt 0.089533 0.599976
vt 0.090064 0.589765
vt 0.092605 0.606494
vt 0.083547 0.607586
vt 0.094804 0.579167
vt 0.107470 0.612278
vt 0.081255 0.581301
vt 0.096864 0.623915
vt 0.114663 0.590444
vt 0.085417 0.620784
vt 0.081477 0.569606
vt 0.107535 0.623364
vt 0.119405 0.612964
vt 0.077414 0.621804
vt 0.112728 0.617420
vt 0.101266 0.634184
vt 0.090866 0.630509
vt 0.123195 0.598346
vt 0.085273 0.631921
vt 0.112676 0.623157
vt 0.107754 0.630283
vt 0.095252 0.632686
vt 0.124561 0.581720
vt 0.129336 0.601103
vt 0.105207 0.640166
vt 0.097011 0.642778
vt 0.087187 0.644034
vt 0.129375 0.616725
vt 0.118616 0.631030
vt 0.123607 0.639673
vt 0.097289 0.648949
vt 0.093057 0.653230
vt 0.129822 0.638135
vt 0.116335 0.650719
vt 0.103756 0.655142
vt 0.126845 0.644388
vt 0.095199 0.658145
vt 0.829533 0.729155
vt 0.838466 0.720091
vt 0.840857 0.726867
vt 0.830781 0.719920
vt 0.844495 0.716361
vt 0.820449 0.720243
vt 0.834198 0.714992
vt 0.818863 0.735912
vt 0.828659 0.709158
vt 0.837759 0.698366
vt 0.809598 0.734095
vt 0.848247 0.686977
vt 0.803278 0.748459
vt 0.808842 0.723962
vt 0.817756 0.743752
vt 0.795057 0.743854
vt 0.807815 0.756254
vt 0.805409 0.760463
vt 0.833746 0.743718
vt 0.836217 0.744865
vt 0.832284 0.747134
vt 0.830667 0.751599
vt 0.830216 0.749039
vt 0.824750 0.756811
vt 0.874983 0.709013
vt 0.872182 0.703848
vt 0.878867 0.708928
vt 0.869590 0.708594
vt 0.877755 0.713754
vt 0.866029 0.708141
vt 0.884007 0.711307
vt 0.869280 0.714241
vt 0.883450 0.714462
vt 0.876885 0.719237
vt 0.883842 0.718462
vt 0.893280 0.713900
vt 0.870730 0.719188
vt 0.885798 0.716083
vt 0.887943 0.715376
vt 0.876375 0.723351
vt 0.889071 0.718158
vt 0.898337 0.718329
vt 0.884758 0.722411
vt 0.885123 0.720258
vt 0.889946 0.724146
vt 0.898655 0.722563
vt 0.897807 0.725627
vt 0.904228 0.722076
vt 0.891971 0.727532
vt 0.908578 0.726317
vt 0.909865 0.722331
vt 0.900968 0.730653
vt 0.906504 0.728435
vt 0.910707 0.733423
vt 0.919124 0.724322
vt 0.921058 0.727809
vt 0.922009 0.736685
vt 0.927765 0.722983
vt 0.927385 0.730700
vt 0.914345 0.743994
vt 0.922977 0.719280
vt 0.928215 0.736322
vt 0.921513 0.747348
vt 0.930179 0.727032
vt 0.927550 0.739661
vt 0.929728 0.732199
vt 0.915322 0.752638
vt 0.933695 0.739740
vt 0.927017 0.745806
vt 0.919973 0.752253
vt 0.924255 0.751129
vt 0.922292 0.751756
vt 0.922062 0.756981
vt 0.931635 0.748479
vt 0.926175 0.760487
vt 0.019183 0.427230
vt 0.012445 0.426544
vt 0.008448 0.386074
vt 0.017100 0.454882
vt 0.009160 0.410584
vt 0.010720 0.429621
vt 0.015069 0.469615
vt 0.020442 0.481275
vt 0.019383 0.493292
vt 0.021748 0.477204
vt 0.022109 0.494933
vt 0.027032 0.495999
vt 0.020051 0.502902
vt 0.026407 0.514466
vt 0.027442 0.513665
vt 0.026592 0.529633
vt 0.030573 0.536894
vt 0.026131 0.543127
vt 0.029841 0.542134
vt 0.272085 0.652916
vt 0.265336 0.657366
vt 0.260883 0.651207
vt 0.253940 0.657903
vt 0.271690 0.645120
vt 0.256052 0.650255
vt 0.262098 0.642499
vt 0.258846 0.646429
vt 0.256351 0.639423
vt 0.246437 0.642647
vt 0.258962 0.633547
vt 0.242592 0.649153
vt 0.250410 0.636785
vt 0.238811 0.646669
vt 0.244036 0.634032
vt 0.253873 0.629578
vt 0.254216 0.617904
vt 0.260449 0.627295
vt 0.247736 0.621619
vt 0.259959 0.619569
vt 0.256348 0.608917
vt 0.269588 0.624655
vt 0.266541 0.614634
vt 0.267525 0.630141
vt 0.275047 0.618532
vt 0.272768 0.628020
vt 0.279340 0.626647
vt 0.275915 0.633895
vt 0.281912 0.622802
vt 0.283618 0.632053
vt 0.285024 0.630229
vt 0.284742 0.637447
vt 0.291011 0.624508
vt 0.280171 0.642914
vt 0.288319 0.634571
vt 0.285237 0.642016
vt 0.292203 0.641848
vt 0.291367 0.635737
vt 0.285910 0.645532
vt 0.298236 0.634239
vt 0.294449 0.638497
vt 0.289030 0.649611
vt 0.300524 0.641058
vt 0.295644 0.649286
vt 0.301182 0.646287
vt 0.292980 0.652159
vt 0.306025 0.651821
vt 0.298272 0.654491
vt 0.335761 0.648002
vt 0.323523 0.638370
vt 0.337133 0.644328
vt 0.325695 0.654362
vt 0.342629 0.649172
vt 0.335476 0.652274
vt 0.342377 0.638045
vt 0.332227 0.656827
vt 0.351078 0.640889
vt 0.338667 0.655075
vt 0.350714 0.657850
vt 0.344478 0.655578
vt 0.355458 0.642719
vt 0.354936 0.634567
vt 0.361528 0.639339
vt 0.349926 0.635847
vt 0.363162 0.627403
vt 0.340671 0.623132
vt 0.358096 0.621807
vt 0.372900 0.627051
vt 0.354099 0.620963
vt 0.359256 0.618788
vt 0.375651 0.631235
vt 0.366979 0.621482
vt 0.385070 0.627545
vt 0.375964 0.620501
vt 0.362781 0.616375
vt 0.360183 0.613625
vt 0.379892 0.633723
vt 0.374096 0.612532
vt 0.386120 0.633380
vt 0.378181 0.641194
vt 0.368501 0.606291
vt 0.442455 0.639222
vt 0.433768 0.629920
vt 0.446294 0.630650
vt 0.436174 0.635857
vt 0.438742 0.624111
vt 0.449496 0.642023
vt 0.434087 0.645238
vt 0.425780 0.632544
vt 0.427487 0.621208
vt 0.443925 0.625466
vt 0.446421 0.646912
vt 0.452119 0.643462
vt 0.434373 0.650206
vt 0.421352 0.627057
vt 0.440162 0.614396
vt 0.442657 0.619862
vt 0.448019 0.624789
vt 0.443988 0.646349
vt 0.429870 0.649079
vt 0.423947 0.640340
vt 0.418918 0.630616
vt 0.423267 0.619148
vt 0.443181 0.657792
vt 0.417717 0.626436
vt 0.424714 0.608575
vt 0.408943 0.650747
vt 0.409106 0.633679
vt 0.411970 0.625973
vt 0.413800 0.612415
vt 0.426995 0.606578
vt 0.421990 0.605261
vt 0.416393 0.618688
vt 0.406326 0.638810
vt 0.406999 0.616572
vt 0.429931 0.599854
vt 0.403729 0.621765
vt 0.421477 0.591708
vt 0.404486 0.654813
vt 0.530944 0.643039
vt 0.537602 0.647239
vt 0.525548 0.657730
vt 0.521800 0.641386
vt 0.520461 0.647897
vt 0.523761 0.633973
vt 0.511759 0.638005
vt 0.516138 0.629638
vt 0.510110 0.646880
vt 0.505950 0.642729
vt 0.507798 0.622788
vt 0.497152 0.631487
vt 0.515621 0.615614
vt 0.493414 0.636901
vt 0.511094 0.611908
vt 0.497675 0.611969
vt 0.490450 0.631437
vt 0.486952 0.614503
vt 0.479947 0.635823
vt 0.469389 0.618810
vt 0.475133 0.642525
vt 0.472128 0.611457
vt 0.481133 0.610853
vt 0.052890 0.482268
vt 0.049838 0.459510
vt 0.056762 0.477903
vt 0.048210 0.457509
vt 0.051928 0.450570
vt 0.060187 0.500257
vt 0.062330 0.479050
vt 0.053287 0.495419
vt 0.058825 0.441314
vt 0.055103 0.514973
vt 0.053059 0.427141
vt 0.063786 0.518446
vt 0.059005 0.432073
vt 0.063920 0.526028
vt 0.056603 0.525627
vt 0.059836 0.536313
vt 0.051201 0.522965
vt 0.063499 0.538077
vt 0.055559 0.530200
vt 0.062150 0.540810
vt 0.074714 0.528613
vt 0.066368 0.541767
vt 0.060774 0.543263
vt 0.074690 0.525931
vt 0.054555 0.539247
vt 0.096893 0.521987
vt 0.104145 0.524367
vt 0.092634 0.530238
vt 0.109334 0.519641
vt 0.101334 0.506891
vt 0.110564 0.528001
vt 0.110632 0.510563
vt 0.102038 0.539300
vt 0.116209 0.525149
vt 0.122725 0.519090
vt 0.107465 0.503905
vt 0.108956 0.543183
vt 0.117407 0.529936
vt 0.117787 0.511378
vt 0.114000 0.508036
vt 0.115589 0.536243
vt 0.127851 0.525962
vt 0.124703 0.507255
vt 0.121714 0.496558
vt 0.133946 0.518522
vt 0.134076 0.541123
vt 0.134926 0.532133
vt 0.130787 0.508800
vt 0.136554 0.526099
vt 0.132477 0.499447
vt 0.145028 0.513525
vt 0.140031 0.509295
vt 0.140930 0.537946
vt 0.147110 0.531295
vt 0.134565 0.502518
vt 0.138576 0.506194
vt 0.145694 0.507769
vt 0.138992 0.499093
vt 0.144960 0.500579
vt 0.110753 0.465944
vt 0.104025 0.466195
vt 0.107761 0.460916
vt 0.098504 0.478899
vt 0.117408 0.457506
vt 0.092344 0.470644
vt 0.108568 0.477046
vt 0.108721 0.441563
vt 0.122841 0.466720
vt 0.120715 0.451791
vt 0.119911 0.446606
vt 0.118324 0.438457
vt 0.125020 0.447206
vt 0.121864 0.441905
vt 0.109405 0.427455
vt 0.125729 0.439821
vt 0.128265 0.428975
vt 0.116016 0.419991
vt 0.134534 0.434540
vt 0.133894 0.423183
vt 0.953061 0.691908
vt 0.961281 0.692403
vt 0.951432 0.701913
vt 0.963891 0.710519
vt 0.981296 0.693073
vt 0.960988 0.724006
vt 0.974938 0.710749
vt 0.987006 0.699603
vt 0.981681 0.717316
vt 0.975723 0.737756
vt 0.985823 0.712744
vt 0.969975 0.746323
vt 0.974490 0.746967
vt 0.963727 0.759668
vt 0.977689 0.738001
vt 0.969598 0.756440
vt 0.971236 0.760320
vt 0.203348 0.465736
vt 0.196104 0.471033
vt 0.193893 0.467021
vt 0.186774 0.472244
vt 0.190047 0.475888
vt 0.182777 0.464513
vt 0.176608 0.479096
vt 0.198028 0.456003
vt 0.173922 0.477362
vt 0.184801 0.457560
vt 0.171782 0.479317
vt 0.192673 0.439270
vt 0.170847 0.478142
vt 0.194762 0.420431
vt 0.168192 0.480353
vt 0.164614 0.478485
vt 0.204621 0.460481
vt 0.242057 0.497130
vt 0.238628 0.486487
vt 0.250117 0.488346
vt 0.248557 0.465184
vt 0.251447 0.494669
vt 0.241678 0.470461
vt 0.253608 0.475819
vt 0.240435 0.510148
vt 0.252859 0.488361
vt 0.244022 0.463322
vt 0.237165 0.480565
vt 0.254886 0.466631
vt 0.250350 0.519984
vt 0.257927 0.488742
vt 0.247327 0.455805
vt 0.257149 0.478747
vt 0.260062 0.469371
vt 0.255885 0.456568
vt 0.239181 0.525866
vt 0.254952 0.507721
vt 0.257014 0.484392
vt 0.250926 0.456376
vt 0.241121 0.533805
vt 0.235546 0.530515
vt 0.254013 0.518324
vt 0.258296 0.482713
vt 0.252989 0.449315
vt 0.235761 0.543364
vt 0.255098 0.523076
vt 0.256242 0.516451
vt 0.255690 0.519911
vt 0.297891 0.495301
vt 0.288967 0.501860
vt 0.277366 0.498960
vt 0.296154 0.499441
vt 0.283403 0.491988
vt 0.305133 0.504296
vt 0.296038 0.490690
vt 0.306652 0.500019
vt 0.282530 0.487103
vt 0.300482 0.493276
vt 0.309362 0.504320
vt 0.297530 0.489228
vt 0.310178 0.493498
vt 0.308028 0.509384
vt 0.305411 0.494532
vt 0.311981 0.498869
vt 0.299274 0.521800
vt 0.302303 0.488652
vt 0.289725 0.507251
vt 0.307062 0.487735
vt 0.290533 0.519267
vt 0.298288 0.482769
vt 0.295352 0.524832
vt 0.305833 0.484490
vt 0.289909 0.522806
vt 0.297093 0.527948
vt 0.298712 0.478353
vt 0.310842 0.488857
vt 0.279648 0.524765
vt 0.293062 0.530060
vt 0.303453 0.478653
vt 0.295765 0.532184
vt 0.310793 0.484635
vt 0.277711 0.531109
vt 0.290861 0.537441
vt 0.297778 0.535082
vt 0.281163 0.543297
vt 0.288858 0.541988
vt 0.954088 0.572959
vt 0.963090 0.568668
vt 0.952559 0.577671
vt 0.947669 0.575320
vt 0.935613 0.584401
vt 0.928112 0.590835
vt 0.935724 0.582375
vt 0.947273 0.583837
vt 0.920566 0.589508
vt 0.951452 0.580616
vt 0.927931 0.594579
vt 0.920074 0.593334
vt 0.920542 0.595776
vt 0.899086 0.602731
vt 0.899426 0.596457
vt 0.290415 0.433109
vt 0.284746 0.431402
vt 0.287086 0.427146
vt 0.287232 0.437667
vt 0.281842 0.424416
vt 0.288590 0.421293
vt 0.284446 0.443163
vt 0.290447 0.437980
vt 0.281884 0.430743
vt 0.294950 0.428027
vt 0.280482 0.437751
vt 0.286767 0.445665
vt 0.292569 0.435220
vt 0.288042 0.442474
vt 0.277788 0.416403
vt 0.300183 0.418542
vt 0.285927 0.448840
vt 0.291260 0.445432
vt 0.278694 0.412575
vt 0.298035 0.429722
vt 0.292116 0.409433
vt 0.289021 0.449248
vt 0.279314 0.449885
vt 0.297855 0.455236
vt 0.277510 0.408688
vt 0.282695 0.405979
vt 0.305792 0.426485
vt 0.296209 0.407624
vt 0.301637 0.443448
vt 0.283092 0.457841
vt 0.289503 0.460469
vt 0.308836 0.435509
vt 0.303339 0.419508
vt 0.290986 0.403211
vt 0.298693 0.404304
vt 0.294732 0.402555
vt 0.301997 0.446969
vt 0.306760 0.411624
vt 0.308734 0.445889
vt 0.303327 0.449739
vt 0.290522 0.395207
vt 0.303187 0.455890
vt 0.303647 0.451917
vt 0.305322 0.459995
vt 0.557401 0.538223
vt 0.551968 0.532930
vt 0.568418 0.524544
vt 0.545466 0.539860
vt 0.563820 0.535157
vt 0.556628 0.543022
vt 0.580192 0.520515
vt 0.581833 0.525401
vt 0.576264 0.518543
vt 0.577965 0.531941
vt 0.570613 0.517729
vt 0.589331 0.513769
vt 0.569090 0.543102
vt 0.587804 0.529034
vt 0.580491 0.513860
vt 0.581486 0.541688
vt 0.588395 0.503568
vt 0.591937 0.540832
vt 0.595265 0.503351
vt 0.460147 0.455613
vt 0.454210 0.457855
vt 0.454172 0.451074
vt 0.459972 0.465390
vt 0.457777 0.464788
vt 0.463590 0.467666
vt 0.457363 0.470704
vt 0.468676 0.459428
vt 0.459858 0.469928
vt 0.475177 0.463349
vt 0.469199 0.454086
vt 0.456947 0.476963
vt 0.473291 0.459486
vt 0.485310 0.480319
vt 0.469651 0.439738
vt 0.469972 0.456771
vt 0.460040 0.483729
vt 0.471916 0.457354
vt 0.475203 0.458531
vt 0.467314 0.482833
vt 0.473901 0.446042
vt 0.471864 0.454656
vt 0.478418 0.460343
vt 0.472858 0.456300
vt 0.483831 0.461113
vt 0.479979 0.456776
vt 0.476425 0.455346
vt 0.476127 0.456649
vt 0.482287 0.457867
vt 0.488175 0.457286
vt 0.486735 0.454426
vt 0.491522 0.458358
vt 0.493222 0.446683
vt 0.498121 0.460765
vt 0.495175 0.460554
vt 0.492632 0.463846
vt 0.523364 0.473989
vt 0.527247 0.476660
vt 0.524778 0.483536
vt 0.529557 0.467739
vt 0.524100 0.465390
vt 0.527210 0.454470
vt 0.521956 0.469313
vt 0.531531 0.467165
vt 0.521459 0.454811
vt 0.516457 0.465522
vt 0.531939 0.469966
vt 0.535405 0.460944
vt 0.517673 0.454164
vt 0.520623 0.479461
vt 0.529169 0.448415
vt 0.521393 0.447711
vt 0.516887 0.474808
vt 0.538031 0.459143
vt 0.517263 0.432120
vt 0.536899 0.451482
vt 0.526847 0.437097
vt 0.540047 0.453306
vt 0.531367 0.445844
vt 0.530037 0.444973
vt 0.523379 0.430975
vt 0.543015 0.459531
vt 0.532579 0.443829
vt 0.518855 0.425241
vt 0.544927 0.474164
vt 0.531237 0.444792
vt 0.515673 0.418739
vt 0.643411 0.479727
vt 0.628700 0.483413
vt 0.627656 0.473220
vt 0.637404 0.465851
vt 0.628215 0.464454
vt 0.645742 0.462052
vt 0.636714 0.455561
vt 0.653866 0.466126
vt 0.633697 0.448980
vt 0.651225 0.457894
vt 0.643728 0.451170
vt 0.629812 0.451021
vt 0.639883 0.446040
vt 0.650124 0.452160
vt 0.660697 0.457959
vt 0.646545 0.455804
vt 0.631755 0.445797
vt 0.621288 0.460987
vt 0.637298 0.443741
vt 0.652967 0.451019
vt 0.640824 0.441277
vt 0.624381 0.448181
vt 0.621011 0.467938
vt 0.622015 0.451668
vt 0.653618 0.443007
vt 0.659798 0.447911
vt 0.617716 0.445439
vt 0.618370 0.457813
vt 0.683613 0.461700
vt 0.678236 0.454147
vt 0.690079 0.457944
vt 0.687383 0.450702
vt 0.686663 0.463106
vt 0.689748 0.454941
vt 0.692264 0.467467
vt 0.688804 0.468947
vt 0.692865 0.455992
vt 0.702776 0.470018
vt 0.694116 0.450412
vt 0.697362 0.457635
vt 0.690753 0.476978
vt 0.701072 0.479419
vt 0.710495 0.467194
vt 0.711654 0.473749
vt 0.704059 0.446648
vt 0.694714 0.483735
vt 0.700583 0.444220
vt 0.711192 0.459188
vt 0.704720 0.442975
vt 0.715098 0.455629
vt 0.709108 0.437774
vt 0.704351 0.440146
vt 0.717522 0.443020
vt 0.962766 0.782208
vt 0.960034 0.785620
vt 0.957339 0.781185
vt 0.964912 0.789976
vt 0.956245 0.786420
vt 0.963111 0.792250
vt 0.974436 0.791394
vt 0.967428 0.804356
vt 0.976831 0.809434
vt 0.982515 0.805256
vt 0.971209 0.812500
vt 0.987340 0.815134
vt 0.978211 0.824132
vt 0.990908 0.830872
vt 0.741926 0.421707
vt 0.750542 0.433879
vt 0.744047 0.436942
vt 0.746578 0.451928
vt 0.754762 0.447884
vt 0.734973 0.434088
vt 0.752652 0.454755
vt 0.738667 0.452747
vt 0.758723 0.458922
vt 0.754520 0.468013
vt 0.746396 0.465805
vt 0.742442 0.467471
vt 0.758878 0.475714
vt 0.753001 0.473647
vt 0.762454 0.469431
vt 0.746512 0.473745
vt 0.756928 0.480586
vt 0.762613 0.479324
vt 0.748526 0.483540
vt 0.619054 0.521091
vt 0.620397 0.528130
vt 0.614332 0.526532
vt 0.625188 0.521489
vt 0.612969 0.534248
vt 0.625736 0.512858
vt 0.631104 0.522815
vt 0.619152 0.535174
vt 0.629212 0.509920
vt 0.625810 0.531910
vt 0.633339 0.516812
vt 0.645309 0.519448
vt 0.642773 0.516254
vt 0.637385 0.512391
vt 0.652367 0.508997
vt 0.658534 0.511004
vt 0.651746 0.520291
vt 0.657073 0.517513
vt 0.648438 0.522936
vt 0.652980 0.526250
vt 0.662522 0.513205
vt 0.641299 0.527562
vt 0.657601 0.524741
vt 0.643655 0.532815
vt 0.637998 0.536985
vt 0.641707 0.539714
vt 0.646993 0.543281
vt 0.653997 0.533643
vt 0.788550 0.421833
vt 0.782844 0.426471
vt 0.782577 0.418014
vt 0.791955 0.442541
vt 0.791417 0.475387
vt 0.802708 0.433807
vt 0.797886 0.471758
vt 0.779869 0.449221
vt 0.794502 0.483490
vt 0.785758 0.476911
vt 0.805021 0.460355
vt 0.692645 0.543380
vt 0.680097 0.539397
vt 0.695229 0.531537
vt 0.701189 0.532852
vt 0.706811 0.524922
vt 0.702251 0.517550
vt 0.707044 0.532835
vt 0.711322 0.520059
vt 0.712279 0.529456
vt 0.709121 0.512090
vt 0.716616 0.521788
vt 0.711159 0.532010
vt 0.719233 0.511058
vt 0.720323 0.527139
vt 0.730702 0.523083
vt 0.834435 0.444784
vt 0.852572 0.440618
vt 0.844283 0.447024
vt 0.860726 0.451962
vt 0.840261 0.452277
vt 0.853326 0.457567
vt 0.827861 0.450417
vt 0.836167 0.462620
vt 0.829628 0.458545
vt 0.824242 0.456843
vt 0.828692 0.464289
vt 0.824004 0.460860
vt 0.828237 0.469984
vt 0.824985 0.465710
vt 0.837765 0.474064
vt 0.822305 0.466428
vt 0.830455 0.476522
vt 0.824600 0.472146
vt 0.836639 0.482478
vt 0.844663 0.481090
vt 0.843634 0.474002
vt 0.852646 0.476536
vt 0.850529 0.483455
vt 0.885846 0.453208
vt 0.885244 0.445750
vt 0.889880 0.449485
vt 0.878279 0.439491
vt 0.894211 0.457453
vt 0.882574 0.455362
vt 0.892390 0.462271
vt 0.885994 0.459205
vt 0.896876 0.469489
vt 0.905176 0.472886
vt 0.890020 0.471322
vt 0.900013 0.474808
vt 0.888750 0.466483
vt 0.893988 0.476591
vt 0.897594 0.483529
vt 0.910335 0.478585
vt 0.914061 0.467480
vt 0.915216 0.478342
vt 0.907552 0.467207
vt 0.908382 0.464140
vt 0.902474 0.462307
vt 0.913719 0.459907
vt 0.904326 0.458604
vt 0.909033 0.454894
vt 0.900080 0.454458
vt 0.903235 0.452658
vt 0.175533 0.570600
vt 0.164839 0.569020
vt 0.169277 0.563255
vt 0.167720 0.575723
vt 0.158908 0.566284
vt 0.177014 0.576676
vt 0.158013 0.576334
vt 0.160429 0.562406
vt 0.177505 0.580860
vt 0.178715 0.575129
vt 0.152899 0.568717
vt 0.153023 0.562041
vt 0.188329 0.582357
vt 0.169553 0.583439
vt 0.185429 0.574332
vt 0.181628 0.571265
vt 0.179826 0.587456
vt 0.147101 0.566612
vt 0.187432 0.585854
vt 0.189792 0.575553
vt 0.183755 0.591520
vt 0.192214 0.587751
vt 0.193580 0.580137
vt 0.196460 0.586370
vt 0.195513 0.576057
vt 0.199873 0.579756
vt 0.202337 0.587006
vt 0.474515 0.398632
vt 0.468591 0.401935
vt 0.473309 0.391590
vt 0.473799 0.406397
vt 0.454109 0.409246
vt 0.480444 0.408220
vt 0.468608 0.414844
vt 0.457276 0.422072
vt 0.492368 0.390145
vt 0.474068 0.409649
vt 0.498511 0.385812
vt 0.497002 0.388696
vt 0.493720 0.401639
vt 0.498220 0.391671
vt 0.638069 0.412218
vt 0.633890 0.413978
vt 0.634833 0.405006
vt 0.645044 0.412511
vt 0.631065 0.404207
vt 0.639345 0.423471
vt 0.625979 0.412273
vt 0.634294 0.398728
vt 0.647882 0.404609
vt 0.657763 0.420795
vt 0.624316 0.419075
vt 0.623331 0.404277
vt 0.639943 0.392839
vt 0.626994 0.398110
vt 0.636774 0.395070
vt 0.648604 0.397439
vt 0.622996 0.397369
vt 0.630399 0.396329
vt 0.654971 0.402690
vt 0.647450 0.386991
vt 0.621987 0.394383
vt 0.623617 0.395989
vt 0.655753 0.397557
vt 0.642521 0.389523
vt 0.617774 0.403502
vt 0.660386 0.402587
vt 0.949003 0.469142
vt 0.958476 0.478075
vt 0.950771 0.483703
vt 0.952303 0.457285
vt 0.945426 0.475867
vt 0.945635 0.448592
vt 0.942913 0.457660
vt 0.948876 0.445710
vt 0.958933 0.455279
vt 0.946493 0.439802
vt 0.935985 0.453993
vt 0.956785 0.447877
vt 0.949843 0.439469
vt 0.936197 0.460203
vt 0.948671 0.435679
vt 0.932969 0.462599
vt 0.936180 0.464745
vt 0.953703 0.439580
vt 0.944919 0.435090
vt 0.948719 0.432024
vt 0.953148 0.429939
vt 0.961669 0.440963
vt 0.758501 0.515844
vt 0.752624 0.519816
vt 0.754061 0.514959
vt 0.757024 0.523098
vt 0.748379 0.516854
vt 0.759820 0.513892
vt 0.761118 0.520642
vt 0.756822 0.510753
vt 0.759471 0.527571
vt 0.764254 0.510467
vt 0.765813 0.529760
vt 0.770723 0.512933
vt 0.763519 0.543048
vt 0.773292 0.521687
vt 0.771605 0.538055
vt 0.778510 0.513644
vt 0.772372 0.543324
vt 0.776353 0.522166
vt 0.779194 0.501853
vt 0.780240 0.516981
vt 0.783001 0.509902
vt 0.779741 0.531345
vt 0.781097 0.522066
vt 0.810307 0.521455
vt 0.805891 0.522107
vt 0.807436 0.519368
vt 0.812597 0.524211
vt 0.813927 0.520213
vt 0.806628 0.528116
vt 0.813558 0.518649
vt 0.814259 0.527859
vt 0.801862 0.525258
vt 0.815855 0.520394
vt 0.810748 0.516596
vt 0.816110 0.532580
vt 0.815902 0.525173
vt 0.800663 0.535350
vt 0.816496 0.522259
vt 0.806430 0.516706
vt 0.812460 0.516129
vt 0.818505 0.531135
vt 0.809220 0.534408
vt 0.821981 0.526161
vt 0.803930 0.536150
vt 0.818702 0.519007
vt 0.810125 0.514580
vt 0.823149 0.523254
vt 0.820828 0.518490
vt 0.817956 0.513173
vt 0.824946 0.529932
vt 0.807714 0.543121
vt 0.820326 0.517471
vt 0.815709 0.511299
vt 0.815771 0.516709
vt 0.813840 0.543270
vt 0.825881 0.516809
vt 0.822949 0.515189
vt 0.814427 0.506723
vt 0.819965 0.510765
vt 0.821040 0.515417
vt 0.820807 0.504738
vt 0.818061 0.502039
vt 0.823252 0.501136
vt 0.829033 0.502020
vt 0.828987 0.503938
vt 0.830203 0.506099
vt 0.830457 0.503204
vt 0.834877 0.506140
vt 0.014596 0.331112
vt 0.015566 0.324086
vt 0.025205 0.342624
vt 0.009032 0.326251
vt 0.021860 0.326540
vt 0.008669 0.319875
vt 0.028277 0.343280
vt 0.018707 0.321044
vt 0.027337 0.348863
vt 0.022861 0.319126
vt 0.019199 0.347575
vt 0.030395 0.328927
vt 0.024954 0.368300
vt 0.034985 0.337331
vt 0.036433 0.352104
vt 0.970852 0.394233
vt 0.981597 0.387936
vt 0.987730 0.389116
vt 0.976629 0.397343
vt 0.987128 0.394111
vt 0.956549 0.405280
vt 0.973587 0.412525
vt 0.962484 0.396963
vt 0.954955 0.402168
vt 0.954454 0.397710
vt 0.949023 0.404764
vt 0.950496 0.400648
vt 0.941006 0.410991
vt 0.932808 0.410326
vt 0.019208 0.267462
vt 0.026188 0.263350
vt 0.021033 0.275374
vt 0.026229 0.259661
vt 0.024639 0.276203
vt 0.014980 0.277848
vt 0.031704 0.258157
vt 0.015282 0.288744
vt 0.030376 0.253103
vt 0.021756 0.289583
vt 0.009275 0.290863
vt 0.026631 0.249175
vt 0.032453 0.248882
vt 0.008667 0.301655
vt 0.023113 0.254502
vt 0.028970 0.247995
vt 0.024199 0.258728
vt 0.434017 0.757592
vt 0.425881 0.750586
vt 0.429287 0.750745
vt 0.426519 0.756784
vt 0.427563 0.744303
vt 0.421812 0.735302
vt 0.424891 0.726110
vt 0.421387 0.718033
vt 0.426668 0.721689
vt 0.423304 0.706194
vt 0.416060 0.687465
vt 0.429502 0.714352
vt 0.918579 0.863282
vt 0.929286 0.860243
vt 0.930497 0.868326
vt 0.916707 0.851957
vt 0.946141 0.864783
vt 0.919873 0.873916
vt 0.910012 0.858400
vt 0.950760 0.869767
vt 0.933709 0.878717
vt 0.907063 0.865158
vt 0.936839 0.872248
vt 0.953874 0.866884
vt 0.355299 0.402398
vt 0.348278 0.395790
vt 0.365840 0.394965
vt 0.350344 0.408402
vt 0.359646 0.403288
vt 0.354481 0.411598
vt 0.364584 0.405845
vt 0.351540 0.415357
vt 0.373818 0.401277
vt 0.338523 0.410406
vt 0.329391 0.422009
vt 0.687956 0.405861
vt 0.692856 0.401705
vt 0.689039 0.410712
vt 0.686180 0.403504
vt 0.699187 0.400409
vt 0.685943 0.406205
vt 0.696103 0.395354
vt 0.696178 0.413593
vt 0.678268 0.404501
vt 0.687083 0.388243
vt 0.706541 0.410566
vt 0.695408 0.420362
vt 0.680855 0.392649
vt 0.702844 0.416912
vt 0.707191 0.399705
vt 0.708619 0.416582
vt 0.710876 0.406031
vt 0.713607 0.410433
vt 0.711281 0.399799
vt 0.713853 0.405590
vt 0.716723 0.402252
vt 0.716466 0.406390
vt 0.833591 0.413392
vt 0.837207 0.416764
vt 0.828951 0.415043
vt 0.844360 0.413040
vt 0.831256 0.412672
vt 0.835324 0.411713
vt 0.848479 0.410355
vt 0.835774 0.409782
vt 0.851537 0.411854
vt 0.827113 0.411970
vt 0.855957 0.410101
vt 0.845763 0.405333
vt 0.827370 0.408072
vt 0.855188 0.408262
vt 0.836660 0.403576
vt 0.852172 0.404145
vt 0.851613 0.402601
vt 0.822746 0.403704
vt 0.856317 0.403929
vt 0.837150 0.394873
vt 0.830422 0.397461
vt 0.824676 0.392749
vt 0.860476 0.401505
vt 0.010099 0.205256
vt 0.008448 0.214973
vt 0.008793 0.204726
vt 0.012357 0.214815
vt 0.010543 0.193261
vt 0.013360 0.197638
vt 0.016174 0.196846
vt 0.017770 0.187225
vt 0.016286 0.204358
vt 0.015943 0.173307
vt 0.015655 0.208796
vt 0.024764 0.168592
vt 0.013438 0.174960
vt 0.015434 0.214905
vt 0.023507 0.161329
vt 0.019908 0.211322
vt 0.015691 0.223228
vt 0.018422 0.217916
vt 0.021530 0.214186
vt 0.018131 0.224312
vt 0.019289 0.218368
vt 0.017852 0.230095
vt 0.020056 0.220882
vt 0.062846 0.264861
vt 0.065009 0.267003
vt 0.061035 0.265939
vt 0.065238 0.263800
vt 0.061589 0.272404
vt 0.061109 0.263448
vt 0.063966 0.262825
vt 0.068011 0.265506
vt 0.064198 0.275718
vt 0.059362 0.275876
vt 0.054133 0.263072
vt 0.061510 0.260020
vt 0.063098 0.257926
vt 0.069904 0.259179
vt 0.071165 0.274655
vt 0.050139 0.273621
vt 0.050595 0.264283
vt 0.055880 0.257900
vt 0.065505 0.257722
vt 0.071442 0.260897
vt 0.060122 0.294593
vt 0.057055 0.255246
vt 0.063279 0.249119
vt 0.070997 0.250686
vt 0.068390 0.251524
vt 0.052456 0.293617
vt 0.063264 0.284481
vt 0.057115 0.301479
vt 0.064047 0.280428
vt 0.064912 0.296410
vt 0.066318 0.286240
vt 0.068010 0.284378
vt 0.067641 0.278928
vt 0.070166 0.287611
vt 0.069020 0.292824
vt 0.223424 0.350106
vt 0.221757 0.348436
vt 0.229090 0.344690
vt 0.213883 0.354889
vt 0.223629 0.346270
vt 0.234254 0.347644
vt 0.220023 0.355233
vt 0.205745 0.357286
vt 0.211681 0.352228
vt 0.203620 0.362616
vt 0.201186 0.361912
vt 0.189460 0.365930
vt 0.195566 0.366524
vt 0.197161 0.362615
vt 0.187854 0.368540
vt 0.368318 0.353550
vt 0.381983 0.346175
vt 0.368592 0.367786
vt 0.373575 0.347334
vt 0.380570 0.361126
vt 0.358282 0.359067
vt 0.364969 0.349498
vt 0.380780 0.335192
vt 0.389554 0.351816
vt 0.376022 0.368446
vt 0.389082 0.365569
vt 0.367446 0.333309
vt 0.466598 0.336574
vt 0.455570 0.345483
vt 0.455902 0.337289
vt 0.471421 0.354521
vt 0.465908 0.328526
vt 0.474307 0.335333
vt 0.475455 0.348889
vt 0.478639 0.356814
vt 0.480426 0.346888
vt 0.483245 0.368206
vt 0.559244 0.355067
vt 0.560593 0.360204
vt 0.557293 0.361522
vt 0.563843 0.355425
vt 0.558136 0.368610
vt 0.553745 0.362172
vt 0.562865 0.348647
vt 0.553162 0.368054
vt 0.553420 0.356928
vt 0.566657 0.352768
vt 0.551626 0.363451
vt 0.552152 0.362150
vt 0.566559 0.349259
vt 0.550415 0.365030
vt 0.563542 0.336314
vt 0.573054 0.348308
vt 0.568945 0.342602
vt 0.568479 0.337838
vt 0.570806 0.341870
vt 0.566814 0.328988
vt 0.576492 0.344851
vt 0.570635 0.326992
vt 0.575638 0.355149
vt 0.572484 0.354759
vt 0.572866 0.358667
vt 0.569963 0.358730
vt 0.575799 0.363498
vt 0.570900 0.361059
vt 0.570128 0.367286
vt 0.245212 0.416009
vt 0.251469 0.416458
vt 0.246263 0.425616
vt 0.250298 0.409620
vt 0.238683 0.431768
vt 0.259806 0.398419
vt 0.245599 0.403930
vt 0.235837 0.425178
vt 0.255538 0.393844
vt 0.258607 0.416707
vt 0.242373 0.413637
vt 0.250601 0.429982
vt 0.250210 0.391448
vt 0.241181 0.406857
vt 0.701758 0.343869
vt 0.691979 0.343120
vt 0.693700 0.335768
vt 0.695747 0.350324
vt 0.688555 0.332925
vt 0.700498 0.336411
vt 0.702752 0.352595
vt 0.686951 0.346356
vt 0.703807 0.343448
vt 0.698837 0.354499
vt 0.707437 0.349308
vt 0.693012 0.357384
vt 0.708658 0.346401
vt 0.702226 0.355559
vt 0.705099 0.354763
vt 0.699395 0.361478
vt 0.709657 0.356819
vt 0.714154 0.350474
vt 0.692782 0.368165
vt 0.704568 0.356804
vt 0.756939 0.343329
vt 0.756663 0.332113
vt 0.758651 0.342887
vt 0.754092 0.332978
vt 0.758515 0.360584
vt 0.753816 0.346355
vt 0.740532 0.341402
vt 0.756570 0.367126
vt 0.742487 0.351200
vt 0.757817 0.367926
vt 0.752197 0.363787
vt 0.736372 0.349281
vt 0.736823 0.353015
vt 0.731718 0.347580
vt 0.744137 0.358800
vt 0.735502 0.358451
vt 0.743161 0.367822
vt 0.736316 0.368226
vt 0.023370 0.087356
vt 0.022047 0.107209
vt 0.020327 0.086521
vt 0.018666 0.097994
vt 0.021710 0.081748
vt 0.014726 0.127210
vt 0.018230 0.127605
vt 0.013867 0.136453
vt 0.016870 0.135191
vt 0.011346 0.137818
vt 0.013457 0.137878
vt 0.008558 0.143845
vt 0.047481 0.189511
vt 0.049210 0.176226
vt 0.058633 0.211834
vt 0.042176 0.184954
vt 0.057635 0.180901
vt 0.049854 0.202447
vt 0.045431 0.196425
vt 0.052879 0.219395
vt 0.056391 0.220492
vt 0.056341 0.230015
vt 0.878767 0.348763
vt 0.876467 0.351466
vt 0.876894 0.348438
vt 0.881303 0.350942
vt 0.882450 0.345677
vt 0.875609 0.353531
vt 0.883548 0.347939
vt 0.875516 0.355204
vt 0.887785 0.353775
vt 0.888172 0.345927
vt 0.879738 0.355846
vt 0.890724 0.349793
vt 0.892827 0.342173
vt 0.867942 0.361207
vt 0.883214 0.356309
vt 0.889279 0.340646
vt 0.892476 0.346026
vt 0.868133 0.364964
vt 0.877717 0.360457
vt 0.884047 0.342028
vt 0.898588 0.339728
vt 0.879455 0.362097
vt 0.869338 0.368285
vt 0.938459 0.349594
vt 0.935606 0.359867
vt 0.925422 0.356985
vt 0.943556 0.354119
vt 0.920261 0.368420
vt 0.931660 0.343367
vt 0.925036 0.349103
vt 0.916865 0.355922
vt 0.927562 0.345258
vt 0.916108 0.347127
vt 0.928745 0.341918
vt 0.924063 0.342487
vt 0.929677 0.336009
vt 0.111731 0.296482
vt 0.100048 0.289352
vt 0.105342 0.287919
vt 0.098497 0.282647
vt 0.112712 0.292188
vt 0.097362 0.285695
vt 0.100059 0.281525
vt 0.116273 0.301309
vt 0.095508 0.287684
vt 0.089318 0.275400
vt 0.122966 0.297731
vt 0.091480 0.282062
vt 0.050198 0.126140
vt 0.045031 0.150450
vt 0.042208 0.127223
vt 0.055036 0.158306
vt 0.050006 0.109417
vt 0.057094 0.133851
vt 0.056961 0.115787
vt 0.056281 0.100864
vt 0.982816 0.368256
vt 0.965283 0.349310
vt 0.974307 0.349609
vt 0.961287 0.329031
vt 0.208242 0.295742
vt 0.205891 0.288784
vt 0.216664 0.289718
vt 0.202008 0.292117
vt 0.215960 0.277678
vt 0.197480 0.288323
vt 0.203512 0.296663
vt 0.201523 0.274949
vt 0.193335 0.290416
vt 0.207225 0.301386
vt 0.214516 0.268623
vt 0.190482 0.287513
vt 0.246798 0.301386
vt 0.242735 0.282748
vt 0.252432 0.298812
vt 0.233984 0.291330
vt 0.251699 0.284935
vt 0.250982 0.279427
vt 0.259027 0.288303
vt 0.257486 0.278428
vt 0.265126 0.285339
vt 0.269076 0.277804
vt 0.307730 0.285894
vt 0.318011 0.288667
vt 0.309121 0.288981
vt 0.322183 0.282690
vt 0.321031 0.291345
vt 0.298424 0.286006
vt 0.326199 0.288118
vt 0.324425 0.290372
vt 0.314128 0.293877
vt 0.298045 0.287605
vt 0.289630 0.282335
vt 0.330178 0.292625
vt 0.300726 0.291662
vt 0.294160 0.286144
vt 0.292917 0.284945
vt 0.293825 0.287486
vt 0.287472 0.284372
vt 0.287491 0.290744
vt 0.286768 0.287827
vt 0.291845 0.295628
vt 0.364974 0.288395
vt 0.360706 0.281706
vt 0.361413 0.271080
vt 0.359786 0.295452
vt 0.358087 0.276579
vt 0.362682 0.301510
vt 0.356074 0.285814
vt 0.356186 0.261386
vt 0.359753 0.299835
vt 0.348034 0.273275
vt 0.359147 0.262718
vt 0.362248 0.257211
vt 0.355450 0.253541
vt 0.393594 0.290941
vt 0.391735 0.282105
vt 0.398722 0.277626
vt 0.385725 0.301373
vt 0.391882 0.268179
vt 0.382788 0.282860
vt 0.388218 0.271987
vt 0.399989 0.262940
vt 0.399002 0.255335
vt 0.430524 0.273356
vt 0.425203 0.273254
vt 0.427062 0.268150
vt 0.429170 0.280169
vt 0.419683 0.265650
vt 0.431353 0.268788
vt 0.424809 0.277238
vt 0.436741 0.282262
vt 0.419822 0.274762
vt 0.425269 0.263244
vt 0.436380 0.274833
vt 0.427358 0.282845
vt 0.432368 0.295872
vt 0.417553 0.258590
vt 0.435842 0.269904
vt 0.431684 0.264226
vt 0.428545 0.287643
vt 0.422910 0.278432
vt 0.424532 0.259048
vt 0.429978 0.296269
vt 0.426299 0.301423
vt 0.479898 0.277664
vt 0.482242 0.274834
vt 0.482853 0.275755
vt 0.484440 0.274554
vt 0.479193 0.280752
vt 0.476002 0.280219
vt 0.516301 0.290607
vt 0.519794 0.291576
vt 0.512478 0.297903
vt 0.566491 0.294635
vt 0.562476 0.286357
vt 0.572324 0.293608
vt 0.559352 0.294863
vt 0.573375 0.283869
vt 0.562733 0.301716
vt 0.552266 0.289656
vt 0.572173 0.273981
vt 0.571840 0.301639
vt 0.552270 0.280439
vt 0.562774 0.272073
vt 0.546484 0.274915
vt 0.646498 0.286431
vt 0.641782 0.282533
vt 0.648179 0.278556
vt 0.641130 0.284727
vt 0.644976 0.273779
vt 0.649568 0.282560
vt 0.645719 0.290287
vt 0.655071 0.276011
vt 0.653781 0.287689
vt 0.652928 0.281566
vt 0.652574 0.291852
vt 0.656009 0.297100
vt 0.658448 0.281294
vt 0.659658 0.296564
vt 0.660095 0.287900
vt 0.660257 0.277801
vt 0.664646 0.301316
vt 0.662425 0.285123
vt 0.663468 0.294785
vt 0.668783 0.297389
vt 0.666676 0.283600
vt 0.665049 0.288054
vt 0.664927 0.293106
vt 0.079758 0.100031
vt 0.077943 0.095065
vt 0.079539 0.075580
vt 0.080326 0.118817
vt 0.074629 0.081346
vt 0.076058 0.100514
vt 0.076088 0.126320
vt 0.082943 0.158297
vt 0.747257 0.279712
vt 0.746167 0.274000
vt 0.748946 0.271132
vt 0.745377 0.280262
vt 0.751060 0.279793
vt 0.744278 0.283877
vt 0.742897 0.282951
vt 0.749378 0.286608
vt 0.746422 0.288281
vt 0.752354 0.285912
vt 0.746021 0.292618
vt 0.738040 0.289549
vt 0.738924 0.286300
vt 0.736914 0.287854
vt 0.734615 0.288757
vt 0.736423 0.287280
vt 0.736723 0.292123
vt 0.732151 0.288286
vt 0.736794 0.276068
vt 0.731158 0.298152
vt 0.727514 0.301498
vt 0.475406 0.856327
vt 0.481400 0.848174
vt 0.493952 0.850565
vt 0.488789 0.857784
vt 0.477538 0.866851
vt 0.496896 0.856438
vt 0.515481 0.849039
vt 0.507188 0.857583
vt 0.842212 0.292640
vt 0.843767 0.280315
vt 0.850044 0.283202
vt 0.834265 0.296623
vt 0.847576 0.271778
vt 0.849832 0.293414
vt 0.825312 0.293195
vt 0.840324 0.301462
vt 0.838729 0.275740
vt 0.828252 0.276845
vt 0.835859 0.272042
vt 0.825407 0.271616
vt 0.880133 0.286091
vt 0.877183 0.294125
vt 0.867360 0.275937
vt 0.883388 0.297213
vt 0.877970 0.296992
vt 0.888087 0.294266
vt 0.883420 0.301303
vt 0.889777 0.282825
vt 0.895927 0.297844
vt 0.929609 0.276172
vt 0.935554 0.274061
vt 0.932463 0.278978
vt 0.938731 0.282296
vt 0.929276 0.281194
vt 0.932169 0.285729
vt 0.921737 0.284377
vt 0.928331 0.285114
vt 0.926550 0.295474
vt 0.922721 0.290226
vt 0.916217 0.291256
vt 0.913484 0.301292
vt 0.086366 0.218177
vt 0.088272 0.225804
vt 0.083951 0.230064
vt 0.093288 0.213579
vt 0.081787 0.224308
vt 0.090697 0.205642
vt 0.084287 0.214325
vt 0.078558 0.223050
vt 0.085361 0.208481
vt 0.079005 0.216697
vt 0.094905 0.193900
vt 0.080483 0.211924
vt 0.076489 0.213139
vt 0.080480 0.205714
vt 0.076897 0.208349
vt 0.124505 0.228431
vt 0.127956 0.226948
vt 0.129551 0.230402
vt 0.122558 0.227088
vt 0.140750 0.227027
vt 0.122928 0.228966
vt 0.121756 0.228121
vt 0.124457 0.222450
vt 0.139683 0.222212
vt 0.115067 0.226418
vt 0.129653 0.223690
vt 0.116009 0.221793
vt 0.115370 0.228487
vt 0.132289 0.220975
vt 0.119559 0.218188
vt 0.112383 0.226943
vt 0.129791 0.218464
vt 0.114870 0.220282
vt 0.113829 0.218895
vt 0.122906 0.213890
vt 0.119775 0.213059
vt 0.120982 0.209339
vt 0.116343 0.206623
vt 0.167163 0.220522
vt 0.161854 0.220224
vt 0.167430 0.218260
vt 0.163778 0.217198
vt 0.171582 0.216979
vt 0.158459 0.218728
vt 0.172347 0.217589
vt 0.176171 0.213191
vt 0.159639 0.216563
vt 0.174470 0.217748
vt 0.179945 0.213898
vt 0.172554 0.209213
vt 0.180516 0.210803
vt 0.171200 0.205319
vt 0.182128 0.213336
vt 0.184136 0.207306
vt 0.209369 0.208018
vt 0.206842 0.210309
vt 0.207173 0.207276
vt 0.210840 0.210404
vt 0.214754 0.203243
vt 0.209016 0.212498
vt 0.215184 0.209547
vt 0.212977 0.199993
vt 0.217271 0.213275
vt 0.201712 0.218384
vt 0.212178 0.214642
vt 0.205954 0.219819
vt 0.215789 0.215428
vt 0.202264 0.222755
vt 0.217886 0.216479
vt 0.210971 0.220951
vt 0.205724 0.224562
vt 0.222897 0.218922
vt 0.215546 0.230328
vt 0.288220 0.204720
vt 0.288620 0.198038
vt 0.292109 0.208077
vt 0.283182 0.200469
vt 0.287068 0.208894
vt 0.294674 0.217896
vt 0.297855 0.214858
vt 0.284629 0.212795
vt 0.299666 0.220569
vt 0.294325 0.221167
vt 0.302247 0.216204
vt 0.288756 0.218358
vt 0.299006 0.212520
vt 0.297100 0.224563
vt 0.293941 0.223974
vt 0.287376 0.220446
vt 0.300503 0.212256
vt 0.296913 0.230365
vt 0.283870 0.218008
vt 0.301690 0.214384
vt 0.299053 0.207898
vt 0.302284 0.212290
vt 0.301264 0.208789
vt 0.325603 0.216755
vt 0.325168 0.219676
vt 0.320169 0.215815
vt 0.327300 0.221881
vt 0.327043 0.209419
vt 0.332154 0.215669
vt 0.335815 0.203361
vt 0.336875 0.214196
vt 0.339236 0.206494
vt 0.340179 0.211807
vt 0.343344 0.207878
vt 0.342737 0.213596
vt 0.338011 0.230000
vt 0.382822 0.219455
vt 0.383262 0.216998
vt 0.386264 0.217653
vt 0.378878 0.223768
vt 0.383752 0.214301
vt 0.383491 0.225008
vt 0.374834 0.226944
vt 0.376095 0.230077
vt 0.381808 0.212145
vt 0.381162 0.229705
vt 0.371089 0.226581
vt 0.374721 0.218273
vt 0.371516 0.222412
vt 0.377416 0.212152
vt 0.369598 0.225577
vt 0.370468 0.218944
vt 0.382111 0.207958
vt 0.367865 0.222575
vt 0.380327 0.207240
vt 0.376533 0.211944
vt 0.364174 0.230434
vt 0.360993 0.228016
vt 0.381655 0.205909
vt 0.379826 0.206419
vt 0.380786 0.205664
vt 0.464070 0.213618
vt 0.476959 0.212494
vt 0.482262 0.221159
vt 0.477239 0.230023
vt 0.460213 0.226761
vt 0.456632 0.213628
vt 0.447581 0.220147
vt 0.526925 0.218224
vt 0.512600 0.230151
vt 0.514919 0.218887
vt 0.504550 0.230394
vt 0.522818 0.212668
vt 0.499842 0.226654
vt 0.516168 0.207646
vt 0.509750 0.214868
vt 0.008494 0.033087
vt 0.009229 0.027094
vt 0.013705 0.028539
vt 0.014193 0.023333
vt 0.014615 0.035148
vt 0.017191 0.028971
vt 0.012118 0.037680
vt 0.018613 0.028251
vt 0.016919 0.032653
vt 0.012916 0.044809
vt 0.010540 0.044533
vt 0.011622 0.049425
vt 0.019195 0.064208
vt 0.023349 0.062290
vt 0.049266 0.039852
vt 0.055793 0.054376
vt 0.048515 0.054219
vt 0.044495 0.046988
vt 0.046577 0.054770
vt 0.047490 0.083255
vt 0.042139 0.059479
vt 0.569327 0.205323
vt 0.562838 0.211863
vt 0.559855 0.207943
vt 0.544660 0.222648
vt 0.559573 0.222637
vt 0.549878 0.225804
vt 0.558088 0.230164
vt 0.073554 0.392165
vt 0.063046 0.395029
vt 0.074788 0.386984
vt 0.062055 0.400773
vt 0.056230 0.404039
vt 0.051210 0.404166
vt 0.061478 0.404275
vt 0.050879 0.406546
vt 0.071103 0.400751
vt 0.048250 0.407244
vt 0.047916 0.404537
vt 0.050432 0.409614
vt 0.595198 0.192524
vt 0.597027 0.196770
vt 0.593525 0.200703
vt 0.598576 0.190888
vt 0.595408 0.204838
vt 0.597426 0.187289
vt 0.600190 0.191881
vt 0.590756 0.211499
vt 0.599134 0.209701
vt 0.593423 0.226406
vt 0.591226 0.202959
vt 0.586890 0.206866
vt 0.596703 0.230018
vt 0.623327 0.211450
vt 0.618976 0.210908
vt 0.621737 0.206288
vt 0.617898 0.205957
vt 0.627369 0.206745
vt 0.628193 0.209612
vt 0.630383 0.213311
vt 0.632342 0.212420
vt 0.625821 0.221533
vt 0.635749 0.216870
vt 0.631077 0.217917
vt 0.637273 0.216280
vt 0.635272 0.221520
vt 0.639892 0.220750
vt 0.670020 0.220567
vt 0.669994 0.228855
vt 0.667708 0.223437
vt 0.674698 0.219657
vt 0.667530 0.215748
vt 0.670117 0.206333
vt 0.675549 0.230228
vt 0.666235 0.221808
vt 0.674389 0.207734
vt 0.659798 0.230060
vt 0.662509 0.203427
vt 0.671756 0.192736
vt 0.469445 0.177170
vt 0.466722 0.180401
vt 0.462922 0.176367
vt 0.471808 0.182884
vt 0.465456 0.182879
vt 0.469310 0.183785
vt 0.459185 0.181258
vt 0.474468 0.187070
vt 0.461303 0.188630
vt 0.461182 0.177325
vt 0.466744 0.186280
vt 0.454304 0.194902
vt 0.459634 0.177786
vt 0.474144 0.189581
vt 0.447342 0.190847
vt 0.455174 0.180128
vt 0.478109 0.190897
vt 0.459035 0.175909
vt 0.740051 0.216700
vt 0.744569 0.218543
vt 0.742136 0.224809
vt 0.749255 0.215871
vt 0.736655 0.222610
vt 0.747621 0.210253
vt 0.747956 0.222413
vt 0.738417 0.229210
vt 0.750364 0.218962
vt 0.741481 0.229863
vt 0.755054 0.225860
vt 0.755871 0.217433
vt 0.752243 0.230379
vt 0.759183 0.227577
vt 0.764598 0.212600
vt 0.989789 0.856036
vt 0.987183 0.853934
vt 0.990322 0.849871
vt 0.982269 0.859347
vt 0.981492 0.850974
vt 0.976506 0.871613
vt 0.981658 0.878622
vt 0.971370 0.851055
vt 0.836197 0.212797
vt 0.831506 0.204978
vt 0.843398 0.199972
vt 0.829339 0.213718
vt 0.846951 0.217863
vt 0.841882 0.226469
vt 0.829334 0.230040
vt 0.871627 0.198598
vt 0.869688 0.213626
vt 0.864357 0.206842
vt 0.874872 0.219302
vt 0.864658 0.211993
vt 0.868729 0.228764
vt 0.878009 0.230444
vt 0.881227 0.227746
vt 0.108823 0.148474
vt 0.112933 0.142773
vt 0.112606 0.144628
vt 0.105091 0.148103
vt 0.116398 0.142485
vt 0.101342 0.152567
vt 0.110479 0.136527
vt 0.114331 0.145275
vt 0.119071 0.135766
vt 0.100930 0.158403
vt 0.100478 0.141806
vt 0.114488 0.134097
vt 0.121648 0.143929
vt 0.120972 0.141136
vt 0.105908 0.102473
vt 0.104985 0.098833
vt 0.107767 0.099516
vt 0.103239 0.102755
vt 0.106885 0.095915
vt 0.112479 0.107626
vt 0.101544 0.101173
vt 0.102262 0.098946
vt 0.110244 0.093744
vt 0.111260 0.101968
vt 0.105272 0.095816
vt 0.105610 0.089009
vt 0.114317 0.108519
vt 0.104367 0.094323
vt 0.108788 0.089700
vt 0.116842 0.116478
vt 0.102735 0.095684
vt 0.102643 0.093528
vt 0.103922 0.085888
vt 0.100337 0.088037
vt 0.149297 0.152067
vt 0.149483 0.149163
vt 0.165883 0.139172
vt 0.139341 0.158521
vt 0.148055 0.157646
vt 0.105741 0.044058
vt 0.100326 0.041605
vt 0.105474 0.036297
vt 0.101283 0.043285
vt 0.107782 0.040242
vt 0.104676 0.049444
vt 0.109951 0.034996
vt 0.106928 0.047076
vt 0.110590 0.040488
vt 0.106808 0.051367
vt 0.106038 0.050533
vt 0.112693 0.028897
vt 0.100920 0.068062
vt 0.183776 0.146667
vt 0.186520 0.139451
vt 0.188272 0.142440
vt 0.192337 0.141000
vt 0.187999 0.149728
vt 0.183421 0.156773
vt 0.198166 0.147696
vt 0.190492 0.158485
vt 0.208553 0.144227
vt 0.204084 0.149365
vt 0.199007 0.156388
vt 0.984741 0.451961
vt 0.981119 0.452345
vt 0.984417 0.442010
vt 0.980042 0.459979
vt 0.980089 0.441912
vt 0.988022 0.450459
vt 0.985497 0.461089
vt 0.981419 0.465094
vt 0.987191 0.464934
vt 0.979180 0.464257
vt 0.984790 0.466637
vt 0.990526 0.457357
vt 0.986152 0.466709
vt 0.979241 0.477067
vt 0.988271 0.465146
vt 0.986449 0.470783
vt 0.990230 0.466650
vt 0.981711 0.483550
vt 0.989040 0.479323
vt 0.283106 0.154161
vt 0.282206 0.152652
vt 0.288676 0.149049
vt 0.283131 0.148855
vt 0.145779 0.058582
vt 0.146197 0.053978
vt 0.149286 0.055640
vt 0.139083 0.053483
vt 0.145160 0.050008
vt 0.146931 0.066796
vt 0.147532 0.039552
vt 0.134316 0.071961
vt 0.143079 0.048695
vt 0.141639 0.041158
vt 0.176481 0.088575
vt 0.188296 0.094706
vt 0.183391 0.109418
vt 0.180011 0.116471
vt 0.171343 0.090785
vt 0.216361 0.103818
vt 0.220927 0.096406
vt 0.221931 0.100509
vt 0.223165 0.091561
vt 0.223694 0.097569
vt 0.217681 0.105052
vt 0.211031 0.109182
vt 0.211337 0.110391
vt 0.206936 0.112624
vt 0.209189 0.114202
vt 0.206726 0.116512
vt 0.213617 0.110039
vt 0.220845 0.105243
vt 0.215398 0.112369
vt 0.215127 0.107827
vt 0.223313 0.100336
vt 0.753872 0.388506
vt 0.761771 0.386406
vt 0.752975 0.392531
vt 0.754930 0.394037
vt 0.747227 0.394022
vt 0.749959 0.395977
vt 0.750795 0.402032
vt 0.747059 0.396553
vt 0.739929 0.402246
vt 0.735325 0.403809
vt 0.315228 0.151953
vt 0.314960 0.139832
vt 0.318780 0.157822
vt 0.306441 0.149448
vt 0.322194 0.138556
vt 0.315629 0.155846
vt 0.312382 0.155746
vt 0.325974 0.154986
vt 0.313157 0.158239
vt 0.310065 0.157466
vt 0.329599 0.146547
vt 0.356403 0.143223
vt 0.359563 0.152461
vt 0.353275 0.145283
vt 0.366118 0.145733
vt 0.349845 0.158545
vt 0.351630 0.139060
vt 0.371280 0.152870
vt 0.347387 0.143391
vt 0.182254 0.066152
vt 0.179234 0.066466
vt 0.182138 0.061756
vt 0.181108 0.071184
vt 0.178090 0.059336
vt 0.178166 0.047879
vt 0.170940 0.046510
vt 0.175576 0.032073
vt 0.205602 0.061563
vt 0.208846 0.038751
vt 0.216516 0.056421
vt 0.218775 0.072729
vt 0.444903 0.141456
vt 0.439959 0.138835
vt 0.442811 0.137901
vt 0.435410 0.145222
vt 0.450120 0.142676
vt 0.441249 0.148602
vt 0.450483 0.145895
vt 0.457284 0.147810
vt 0.455311 0.158626
vt 0.520582 0.149052
vt 0.527251 0.148311
vt 0.524097 0.150151
vt 0.525911 0.144876
vt 0.526604 0.153281
vt 0.521198 0.143327
vt 0.530978 0.144869
vt 0.532026 0.152970
vt 0.515424 0.140576
vt 0.529125 0.155913
vt 0.513050 0.152918
vt 0.537130 0.152915
vt 0.536965 0.158216
vt 0.558737 0.154501
vt 0.556082 0.156860
vt 0.556437 0.149544
vt 0.565056 0.158641
vt 0.554825 0.146061
vt 0.558185 0.149681
vt 0.568007 0.155935
vt 0.557548 0.146086
vt 0.561921 0.153663
vt 0.561754 0.154332
vt 0.560106 0.150818
vt 0.566253 0.146464
vt 0.571248 0.153077
vt 0.560431 0.149309
vt 0.562606 0.152745
vt 0.563567 0.143950
vt 0.574862 0.154517
vt 0.564792 0.153091
vt 0.569751 0.143672
vt 0.557910 0.142496
vt 0.575904 0.150844
vt 0.575603 0.137492
vt 0.572984 0.143499
vt 0.983996 0.935332
vt 0.987067 0.934141
vt 0.984786 0.953161
vt 0.990077 0.936683
vt 0.990952 0.991524
vt 0.769150 0.154903
vt 0.763717 0.158563
vt 0.762913 0.152096
vt 0.758465 0.153229
vt 0.767413 0.151112
vt 0.761345 0.151944
vt 0.768923 0.150968
vt 0.762649 0.148561
vt 0.760143 0.148790
vt 0.755698 0.152335
vt 0.763407 0.147320
vt 0.771617 0.154802
vt 0.767342 0.144264
vt 0.757027 0.149000
vt 0.764263 0.142244
vt 0.768710 0.137552
vt 0.800504 0.143245
vt 0.796313 0.140122
vt 0.801644 0.136964
vt 0.794490 0.144101
vt 0.802993 0.151594
vt 0.793610 0.150048
vt 0.807790 0.148818
vt 0.789082 0.146425
vt 0.809151 0.140886
vt 0.807896 0.158218
vt 0.838236 0.153260
vt 0.837803 0.144316
vt 0.845628 0.148021
vt 0.826708 0.144798
vt 0.847801 0.155369
vt 0.829308 0.158462
vt 0.856502 0.148569
vt 0.849615 0.144196
vt 0.251831 0.105276
vt 0.247730 0.108908
vt 0.249413 0.100614
vt 0.241593 0.116370
vt 0.251792 0.098238
vt 0.252701 0.090728
vt 0.256998 0.096745
vt 0.255374 0.073087
vt 0.247751 0.072740
vt 0.253236 0.068835
vt 0.247426 0.064981
vt 0.250960 0.064366
vt 0.245508 0.056663
vt 0.252308 0.058690
vt 0.244148 0.060303
vt 0.244469 0.046372
vt 0.242020 0.054579
vt 0.241669 0.052019
vt 0.246491 0.044775
vt 0.280779 0.078610
vt 0.279263 0.080366
vt 0.279577 0.073608
vt 0.280985 0.084443
vt 0.283473 0.087500
vt 0.280929 0.090429
vt 0.278939 0.095722
vt 0.281968 0.098532
vt 0.277465 0.115764
vt 0.276071 0.102694
vt 0.274857 0.116337
vt 0.276961 0.089299
vt 0.275020 0.102399
vt 0.885310 0.144658
vt 0.874224 0.151816
vt 0.881374 0.143905
vt 0.885117 0.158091
vt 0.876196 0.143038
vt 0.882119 0.139824
vt 0.892742 0.140179
vt 0.886975 0.138900
vt 0.894659 0.158524
vt 0.305382 0.099661
vt 0.300805 0.093952
vt 0.304138 0.094734
vt 0.304076 0.103614
vt 0.306817 0.091205
vt 0.308233 0.104313
vt 0.310521 0.098391
vt 0.304181 0.110566
vt 0.310495 0.109752
vt 0.311196 0.105819
vt 0.312952 0.116505
vt 0.315955 0.108721
vt 0.955933 0.147968
vt 0.957306 0.139906
vt 0.963001 0.145026
vt 0.947828 0.134236
vt 0.960546 0.158238
vt 0.947608 0.148601
vt 0.952668 0.151135
vt 0.303617 0.059371
vt 0.306418 0.053141
vt 0.310198 0.054705
vt 0.300996 0.056060
vt 0.310600 0.050481
vt 0.308033 0.059994
vt 0.301336 0.062433
vt 0.305051 0.048139
vt 0.315400 0.047629
vt 0.309689 0.062817
vt 0.302247 0.064490
vt 0.315748 0.056757
vt 0.306998 0.065044
vt 0.310149 0.069714
vt 0.302341 0.068394
vt 0.307070 0.073677
vt 0.411817 0.101430
vt 0.412167 0.097254
vt 0.414501 0.098112
vt 0.409166 0.099455
vt 0.416811 0.102737
vt 0.408370 0.104392
vt 0.418577 0.105928
vt 0.411580 0.105455
vt 0.420803 0.105043
vt 0.422100 0.107950
vt 0.413283 0.114343
vt 0.427870 0.110592
vt 0.422809 0.115108
vt 0.415707 0.115406
vt 0.426358 0.112614
vt 0.412942 0.116408
vt 0.340266 0.059022
vt 0.343484 0.073291
vt 0.336452 0.062604
vt 0.347057 0.070213
vt 0.339464 0.069534
vt 0.345749 0.057661
vt 0.337652 0.069565
vt 0.340246 0.046529
vt 0.333375 0.062206
vt 0.980588 0.575178
vt 0.980903 0.567058
vt 0.984517 0.574773
vt 0.985902 0.567682
vt 0.984500 0.584061
vt 0.988642 0.576742
vt 0.982578 0.586799
vt 0.988345 0.592676
vt 0.986241 0.599184
vt 0.990241 0.602938
vt 0.483322 0.110016
vt 0.489107 0.113828
vt 0.490978 0.116488
vt 0.489171 0.106930
vt 0.497771 0.107937
vt 0.494139 0.092097
vt 0.140467 0.185660
vt 0.131764 0.182805
vt 0.136487 0.178946
vt 0.125868 0.188759
vt 0.122365 0.184189
vt 0.118377 0.183558
vt 0.117468 0.177061
vt 0.118603 0.189064
vt 0.112336 0.176589
vt 0.522255 0.103187
vt 0.523739 0.108509
vt 0.515397 0.115968
vt 0.525638 0.096900
vt 0.518516 0.116652
vt 0.531843 0.105914
vt 0.518907 0.095632
vt 0.529090 0.094769
vt 0.564290 0.114058
vt 0.556139 0.112895
vt 0.562858 0.109996
vt 0.563641 0.116599
vt 0.555845 0.107350
vt 0.563822 0.108444
vt 0.549716 0.105522
vt 0.565115 0.109924
vt 0.556734 0.105531
vt 0.567992 0.109466
vt 0.563466 0.105289
vt 0.570576 0.108224
vt 0.566733 0.106665
vt 0.565614 0.099744
vt 0.567880 0.106092
vt 0.569081 0.102751
vt 0.568851 0.101152
vt 0.635746 0.107417
vt 0.627571 0.108412
vt 0.630733 0.105192
vt 0.636105 0.112118
vt 0.624463 0.106394
vt 0.636086 0.101923
vt 0.631116 0.114214
vt 0.638145 0.109834
vt 0.629182 0.093401
vt 0.625867 0.110971
vt 0.631989 0.116329
vt 0.638831 0.116153
vt 0.630388 0.115338
vt 0.782749 0.391185
vt 0.786727 0.391688
vt 0.786267 0.396590
vt 0.791571 0.392759
vt 0.780074 0.395310
vt 0.795973 0.396462
vt 0.790187 0.391485
vt 0.783366 0.398599
vt 0.795902 0.400088
vt 0.795670 0.392052
vt 0.800251 0.396626
vt 0.798791 0.400755
vt 0.800619 0.389397
vt 0.798758 0.386344
vt 0.803093 0.389886
vt 0.371509 0.059485
vt 0.367867 0.047214
vt 0.374647 0.051882
vt 0.368091 0.053199
vt 0.376923 0.071485
vt 0.371095 0.073344
vt 0.364450 0.062875
vt 0.656870 0.110760
vt 0.670108 0.096097
vt 0.666651 0.103941
vt 0.656722 0.116387
vt 0.672074 0.105399
vt 0.405113 0.070419
vt 0.401915 0.069764
vt 0.401816 0.064774
vt 0.404982 0.073308
vt 0.394269 0.062864
vt 0.405996 0.058881
vt 0.401078 0.059705
vt 0.397287 0.046657
vt 0.409408 0.183260
vt 0.404185 0.184111
vt 0.408891 0.180452
vt 0.408168 0.185676
vt 0.417226 0.179950
vt 0.407690 0.188640
vt 0.411117 0.177561
vt 0.421138 0.175789
vt 0.427313 0.178160
vt 0.428817 0.186548
vt 0.423663 0.064537
vt 0.434196 0.045360
vt 0.429738 0.073428
vt 0.636543 0.181755
vt 0.637224 0.180348
vt 0.642133 0.182960
vt 0.632445 0.179213
vt 0.640136 0.184663
vt 0.628885 0.180740
vt 0.627206 0.179030
vt 0.624360 0.180269
vt 0.628691 0.177897
vt 0.629663 0.188308
vt 0.622712 0.178154
vt 0.622531 0.182872
vt 0.618144 0.180264
vt 0.621952 0.176084
vt 0.310327 0.017123
vt 0.311618 0.019217
vt 0.306538 0.020316
vt 0.315510 0.012943
vt 0.306650 0.022164
vt 0.305849 0.014906
vt 0.314897 0.019575
vt 0.307953 0.022969
vt 0.305857 0.023418
vt 0.301095 0.017385
vt 0.312614 0.021234
vt 0.315626 0.009710
vt 0.300875 0.020667
vt 0.311349 0.026905
vt 0.304212 0.025684
vt 0.304941 0.027352
vt 0.307774 0.030144
vt 0.304373 0.029590
vt 0.455719 0.060577
vt 0.451670 0.060699
vt 0.454863 0.042211
vt 0.456290 0.071836
vt 0.459651 0.051222
vt 0.457969 0.070308
vt 0.461088 0.065344
vt 0.459966 0.073245
vt 0.768456 0.110754
vt 0.767787 0.107406
vt 0.771893 0.110004
vt 0.763622 0.107579
vt 0.768483 0.104986
vt 0.772236 0.110969
vt 0.761853 0.103774
vt 0.764480 0.115113
vt 0.760697 0.100409
vt 0.773776 0.110281
vt 0.774018 0.113169
vt 0.776972 0.111788
vt 0.777521 0.114918
vt 0.779043 0.113629
vt 0.800145 0.110289
vt 0.796458 0.110564
vt 0.797899 0.107592
vt 0.804493 0.113364
vt 0.802022 0.103070
vt 0.801645 0.116232
vt 0.804106 0.105502
vt 0.811980 0.104232
vt 0.805589 0.096967
vt 0.845710 0.112143
vt 0.829411 0.116245
vt 0.848862 0.101814
vt 0.875555 0.105281
vt 0.866443 0.100568
vt 0.880419 0.105846
vt 0.876246 0.110278
vt 0.883896 0.116592
vt 0.480055 0.056485
vt 0.478959 0.046687
vt 0.485380 0.053944
vt 0.488696 0.054208
vt 0.481678 0.057600
vt 0.479248 0.059866
vt 0.484308 0.061585
vt 0.479769 0.062450
vt 0.488868 0.073723
vt 0.482373 0.069624
vt 0.506998 0.052397
vt 0.508476 0.045653
vt 0.508431 0.050057
vt 0.512518 0.046261
vt 0.507967 0.055591
vt 0.506922 0.059855
vt 0.509015 0.059801
vt 0.506686 0.065517
vt 0.509425 0.068251
vt 0.507063 0.073497
vt 0.509749 0.072892
vt 0.513695 0.066521
vt 0.515068 0.071490
vt 0.516330 0.066523
vt 0.533763 0.022600
vt 0.549587 0.032139
vt 0.541844 0.039871
vt 0.572563 0.073526
vt 0.575622 0.060632
vt 0.580424 0.069324
vt 0.568312 0.061270
vt 0.583633 0.061893
vt 0.573417 0.056362
vt 0.607612 0.059877
vt 0.604580 0.068700
vt 0.601432 0.064729
vt 0.607961 0.069607
vt 0.602356 0.073287
vt 0.611624 0.061718
vt 0.619707 0.067976
vt 0.614292 0.062403
vt 0.620212 0.061743
vt 0.571957 0.029312
vt 0.573609 0.023124
vt 0.574829 0.025954
vt 0.568410 0.027381
vt 0.576822 0.022767
vt 0.573766 0.035398
vt 0.569152 0.033335
vt 0.568011 0.020707
vt 0.573216 0.016676
vt 0.569080 0.038923
vt 0.574454 0.010564
vt 0.645997 0.061714
vt 0.649233 0.056764
vt 0.648352 0.067062
vt 0.644634 0.055059
vt 0.637920 0.073273
vt 0.638204 0.064965
vt 0.647563 0.051110
vt 0.641035 0.051592
vt 0.666613 0.073598
vt 0.669960 0.066395
vt 0.672803 0.069925
vt 0.673626 0.066717
vt 0.673681 0.063206
vt 0.676259 0.064108
vt 0.676363 0.067069
vt 0.684776 0.059664
vt 0.679084 0.066616
vt 0.683086 0.062680
vt 0.678458 0.067474
vt 0.676445 0.069979
vt 0.682831 0.070854
vt 0.416391 0.569293
vt 0.422508 0.573866
vt 0.414664 0.571815
vt 0.422032 0.568741
vt 0.413845 0.565174
vt 0.403624 0.561067
vt 0.455571 0.256983
vt 0.464292 0.253562
vt 0.471667 0.254794
vt 0.454238 0.254160
vt 0.469600 0.251267
vt 0.477235 0.251530
vt 0.479135 0.249308
vt 0.482831 0.252638
vt 0.476273 0.257192
vt 0.481929 0.256024
vt 0.251325 0.184275
vt 0.247071 0.180710
vt 0.253775 0.179521
vt 0.240417 0.184426
vt 0.257499 0.180469
vt 0.257911 0.177772
vt 0.264209 0.178271
vt 0.276523 0.019590
vt 0.274789 0.017166
vt 0.277247 0.015587
vt 0.276872 0.030387
vt 0.277865 0.029204
vt 0.278475 0.035365
vt 0.277879 0.043707
vt 0.274781 0.031199
vt 0.279339 0.049249
vt 0.276808 0.055785
vt 0.666651 0.042171
vt 0.671182 0.035284
vt 0.670287 0.039516
vt 0.668573 0.035210
vt 0.673137 0.035777
vt 0.678442 0.025577
vt 0.676556 0.030890
vt 0.680638 0.028356
vt 0.734550 0.033544
vt 0.733564 0.035900
vt 0.733480 0.032214
vt 0.736574 0.035559
vt 0.734803 0.025185
vt 0.736579 0.040657
vt 0.737138 0.031638
vt 0.747820 0.031080
vt 0.745977 0.027965
vt 0.705533 0.017376
vt 0.707490 0.021939
vt 0.702559 0.023978
vt 0.709589 0.016360
vt 0.702721 0.013985
vt 0.710910 0.022095
vt 0.708566 0.029272
vt 0.704006 0.039445
vt 0.983030 0.158398
vt 0.984039 0.144320
vt 0.990643 0.150097
vt 0.980714 0.136362
vt 0.772461 0.065819
vt 0.766113 0.063375
vt 0.766213 0.053086
vt 0.766463 0.073260
vt 0.775372 0.050817
vt 0.796014 0.030360
vt 0.799623 0.030100
vt 0.801149 0.032684
vt 0.800297 0.028804
vt 0.804665 0.030101
vt 0.798383 0.034110
vt 0.792902 0.029107
vt 0.793887 0.035765
vt 0.799989 0.034825
vt 0.802398 0.027591
vt 0.797610 0.027338
vt 0.799603 0.036027
vt 0.805441 0.038295
vt 0.797450 0.037302
vt 0.793050 0.038143
vt 0.798859 0.037548
vt 0.799482 0.039573
vt 0.796322 0.038454
vt 0.804123 0.043153
vt 0.796153 0.041390
vt 0.214265 0.014624
vt 0.218149 0.018698
vt 0.211676 0.017622
vt 0.220679 0.018176
vt 0.211093 0.013286
vt 0.219705 0.014147
vt 0.222286 0.021075
vt 0.209106 0.014386
vt 0.210848 0.008955
vt 0.210383 0.016841
vt 0.205947 0.016526
vt 0.207285 0.018458
vt 0.488998 0.027158
vt 0.485414 0.029046
vt 0.487789 0.018126
vt 0.478836 0.009449
vt 0.988120 0.528510
vt 0.983179 0.530042
vt 0.979491 0.526305
vt 0.990892 0.535263
vt 0.988300 0.527421
vt 0.990528 0.530248
vt 0.987382 0.536282
vt 0.991122 0.529482
vt 0.988455 0.541124
vt 0.983861 0.536440
vt 0.991087 0.542983
vt 0.430082 0.013112
vt 0.432729 0.009273
vt 0.429994 0.020598
vt 0.434430 0.012561
vt 0.427516 0.017662
vt 0.427588 0.010372
vt 0.427923 0.023361
vt 0.423638 0.019177
vt 0.430145 0.027622
vt 0.400710 0.020171
vt 0.405752 0.011696
vt 0.400779 0.029032
vt 0.394678 0.021784
vt 0.394416 0.027171
vt 0.823048 0.029170
vt 0.825238 0.029218
vt 0.824135 0.033992
vt 0.828470 0.030941
vt 0.822789 0.037335
vt 0.828233 0.035016
vt 0.832084 0.031899
vt 0.824345 0.043251
vt 0.836767 0.036425
vt 0.865557 0.027968
vt 0.866260 0.038207
vt 0.862271 0.037059
vt 0.865840 0.043011
vt 0.854426 0.040555
vt 0.769543 0.026879
vt 0.772458 0.025629
vt 0.767163 0.033298
vt 0.770014 0.019721
vt 0.772219 0.014232
vt 0.765718 0.018485
vt 0.774291 0.014914
vt 0.769090 0.012199
vt 0.164927 0.182419
vt 0.159838 0.182953
vt 0.161242 0.178758
vt 0.169007 0.186658
vt 0.158411 0.177795
vt 0.162336 0.176300
vt 0.173713 0.184385
vt 0.173641 0.185784
vt 0.168980 0.180380
vt 0.174671 0.187870
vt 0.042299 0.020175
vt 0.043491 0.016039
vt 0.048691 0.022018
vt 0.053445 0.015335
vt 0.046840 0.009757
vt 0.042842 0.010578
vt 0.056352 0.014568
vt 0.051174 0.009450
vt 0.370484 0.182553
vt 0.375497 0.180210
vt 0.373326 0.182799
vt 0.372855 0.178788
vt 0.368885 0.185733
vt 0.376007 0.176645
vt 0.369404 0.181362
vt 0.368324 0.183989
vt 0.369164 0.176920
vt 0.366504 0.186118
vt 0.365669 0.180026
vt 0.367119 0.184876
vt 0.366537 0.188188
vt 0.363298 0.185423
vt 0.365328 0.185586
vt 0.361305 0.188017
vt 0.361203 0.185804
vt 0.514664 0.011090
vt 0.515404 0.018348
vt 0.506612 0.014087
vt 0.516434 0.028120
vt 0.074354 0.042593
vt 0.076855 0.036027
vt 0.078890 0.047330
vt 0.076655 0.058033
vt 0.081771 0.051977
vt 0.080412 0.039653
vt 0.835554 0.073413
vt 0.827384 0.069956
vt 0.840332 0.066895
vt 0.832879 0.060087
vt 0.660994 0.255868
vt 0.656281 0.256116
vt 0.655675 0.252516
vt 0.651667 0.252924
vt 0.656984 0.249590
vt 0.644446 0.251472
vt 0.651025 0.249992
vt 0.641207 0.252890
vt 0.651042 0.248526
vt 0.150704 0.252534
vt 0.147201 0.249216
vt 0.156024 0.248061
vt 0.144017 0.253922
vt 0.143653 0.251097
vt 0.145958 0.257897
vt 0.140179 0.256236
vt 0.092854 0.255168
vt 0.089243 0.256883
vt 0.089903 0.252450
vt 0.094292 0.257946
vt 0.102593 0.252440
vt 0.104526 0.254977
vt 0.451820 0.572530
vt 0.447576 0.574187
vt 0.447755 0.572197
vt 0.441026 0.573061
vt 0.451987 0.570017
vt 0.440148 0.561450
vt 0.861548 0.065864
vt 0.863361 0.064421
vt 0.862891 0.066933
vt 0.863798 0.061804
vt 0.866512 0.064255
vt 0.862170 0.068854
vt 0.865084 0.063585
vt 0.859671 0.060911
vt 0.864050 0.068814
vt 0.857239 0.070872
vt 0.857784 0.064600
vt 0.867308 0.069394
vt 0.862150 0.070689
vt 0.868468 0.073658
vt 0.864418 0.072426
vt 0.870720 0.686437
vt 0.866031 0.685438
vt 0.881074 0.676964
vt 0.898505 0.681619
vt 0.902667 0.679197
vt 0.905000 0.680084
vt 0.910172 0.676236
vt 0.902518 0.684054
vt 0.912455 0.679688
vt 0.909872 0.686478
vt 0.452425 0.024065
vt 0.451894 0.009534
vt 0.456048 0.011612
vt 0.460651 0.024614
vt 0.195622 0.326833
vt 0.187854 0.320891
vt 0.204269 0.318949
vt 0.649994 0.685115
vt 0.646757 0.682631
vt 0.650037 0.681032
vt 0.646242 0.681134
vt 0.655016 0.684806
vt 0.646810 0.679911
vt 0.655238 0.680891
vt 0.654249 0.679380
vt 0.652278 0.675992
vt 0.659772 0.680551
vt 0.648494 0.675876
vt 0.660486 0.678752
vt 0.990143 0.910433
vt 0.988318 0.916854
vt 0.989258 0.911439
vt 0.989516 0.908277
vt 0.987408 0.907605
vt 0.989641 0.907800
vt 0.987762 0.906292
vt 0.984320 0.903790
vt 0.987256 0.904367
vt 0.985444 0.897040
vt 0.953398 0.069941
vt 0.950237 0.073727
vt 0.948476 0.073071
vt 0.956365 0.067602
vt 0.951951 0.068357
vt 0.946578 0.071974
vt 0.952500 0.061806
vt 0.296999 0.319372
vt 0.290746 0.326158
vt 0.286140 0.324440
vt 0.283285 0.326283
vt 0.284320 0.321410
vt 0.231603 0.319001
vt 0.230335 0.320332
vt 0.229402 0.319107
vt 0.233378 0.321546
vt 0.230947 0.322842
vt 0.221787 0.325565
vt 0.233560 0.326974
vt 0.502228 0.250929
vt 0.509456 0.247979
vt 0.515976 0.254220
vt 0.074231 0.014159
vt 0.076107 0.012682
vt 0.077575 0.015218
vt 0.074952 0.014981
vt 0.076697 0.015891
vt 0.079817 0.018332
vt 0.077066 0.016930
vt 0.889589 0.886642
vt 0.887013 0.893116
vt 0.886355 0.876660
vt 0.816520 0.324005
vt 0.817351 0.318906
vt 0.825873 0.320511
vt 0.105553 0.010184
vt 0.100338 0.011326
vt 0.103343 0.008845
vt 0.219729 0.591718
vt 0.220307 0.589308
vt 0.220793 0.588356
vt 0.023453 0.990079
vt 0.033564 0.943506
vt 0.056952 0.935467
vt 0.010444 0.947709
vt 0.041247 0.931326
vt 0.019550 0.936407
vt 0.013242 0.936310
vt 0.051965 0.904203
vt 0.035201 0.907735
vt 0.029525 0.881650
vt 0.045623 0.885090
vt 0.019318 0.865748
vt 0.033642 0.866849
vt 0.044177 0.874824
vt 0.024511 0.853532
vt 0.034012 0.859781
vt 0.009946 0.855148
vt 0.012753 0.840369
vt 0.023278 0.842871
vt 0.081449 0.864082
vt 0.118989 0.844090
vt 0.075167 0.886895
vt 0.110927 0.874835
vt 0.081858 0.906642
vt 0.184450 0.952694
vt 0.176872 0.949978
vt 0.176578 0.945350
vt 0.153778 0.939479
vt 0.188030 0.948262
vt 0.178977 0.968623
vt 0.176392 0.930297
vt 0.152276 0.962047
vt 0.185540 0.982674
vt 0.188071 0.979172
vt 0.196310 0.982200
vt 0.193205 0.988796
vt 0.167225 0.883753
vt 0.185091 0.861467
vt 0.181276 0.907290
vt 0.162568 0.847198
vt 0.167393 0.901342
vt 0.141538 0.857869
vt 0.030202 0.817686
vt 0.010907 0.749810
vt 0.048317 0.767894
vt 0.220481 0.947396
vt 0.237409 0.934725
vt 0.267402 0.952221
vt 0.246628 0.989128
vt 0.213827 0.890508
vt 0.228125 0.873299
vt 0.221515 0.891086
vt 0.245423 0.863089
vt 0.208087 0.906290
vt 0.232254 0.860032
vt 0.246747 0.845084
vt 0.292000 0.895852
vt 0.272553 0.877478
vt 0.298957 0.885706
vt 0.269602 0.895490
vt 0.295341 0.858026
vt 0.299761 0.892451
vt 0.279813 0.906802
vt 0.302875 0.869406
vt 0.303968 0.847564
vt 0.301911 0.878068
vt 0.351620 0.906376
vt 0.328009 0.873515
vt 0.356848 0.841335
vt 0.430384 0.946872
vt 0.431124 0.959717
vt 0.418112 0.951980
vt 0.434127 0.953407
vt 0.439774 0.953485
vt 0.441911 0.943295
vt 0.442717 0.962052
vt 0.430447 0.932432
vt 0.438224 0.931372
vt 0.450257 0.937443
vt 0.574407 0.974543
vt 0.550141 0.989645
vt 0.545279 0.961308
vt 0.572388 0.963769
vt 0.580069 0.965785
vt 0.574832 0.937166
vt 0.620184 0.960955
vt 0.622252 0.972312
vt 0.603215 0.971366
vt 0.629071 0.960095
vt 0.605384 0.947582
vt 0.623032 0.950589
vt 0.633383 0.971780
vt 0.636677 0.950814
vt 0.620476 0.983509
vt 0.632882 0.989058
vt 0.645211 0.977379
vt 0.689067 0.965563
vt 0.713033 0.989063
vt 0.679850 0.975525
vt 0.677938 0.955573
vt 0.689362 0.949732
vt 0.668502 0.958934
vt 0.737631 0.954427
vt 0.754959 0.950052
vt 0.749056 0.962880
vt 0.781940 0.959338
vt 0.745505 0.967820
vt 0.758749 0.989672
vt 0.739489 0.988357
vt 0.459792 0.845626
vt 0.447408 0.871457
vt 0.445020 0.863336
vt 0.435409 0.876781
vt 0.432061 0.895521
vt 0.450670 0.893667
vt 0.439533 0.907491
vt 0.017114 0.688570
vt 0.011507 0.633170
vt 0.024732 0.630031
vt 0.026041 0.679301
vt 0.021635 0.706589
vt 0.025487 0.724868
vt 0.015962 0.706375
vt 0.020072 0.720579
vt 0.048900 0.726061
vt 0.053128 0.652544
vt 0.071020 0.694120
vt 0.973250 0.988990
vt 0.940049 0.980497
vt 0.957565 0.940300
vt 0.819095 0.907625
vt 0.786853 0.893759
vt 0.829260 0.869579
vt 0.852656 0.872095
vt 0.873878 0.894220
vt 0.855737 0.895569
vt 0.883198 0.885374
vt 0.869027 0.902223
vt 0.889088 0.896681
vt 0.897200 0.906358
vt 0.106917 0.725104
vt 0.094189 0.651112
vt 0.111108 0.675567
vt 0.115130 0.723595
vt 0.945502 0.855630
vt 0.942009 0.899266
vt 0.932823 0.887180
vt 0.920537 0.908067
vt 0.936514 0.848499
vt 0.922412 0.875984
vt 0.094155 0.775520
vt 0.113281 0.796875
vt 0.070755 0.801214
vt 0.228619 0.790637
vt 0.224930 0.803298
vt 0.220358 0.787218
vt 0.229145 0.808619
vt 0.194593 0.817071
vt 0.219095 0.775005
vt 0.394338 0.779213
vt 0.408768 0.816942
vt 0.376133 0.780742
vt 0.371660 0.810624
vt 0.447215 0.774902
vt 0.465991 0.776985
vt 0.458059 0.802634
vt 0.433423 0.798530
vt 0.450977 0.817620
vt 0.532638 0.797982
vt 0.497507 0.817048
vt 0.509665 0.804186
vt 0.488530 0.808081
vt 0.531943 0.784032
vt 0.502404 0.796980
vt 0.624371 0.772364
vt 0.623456 0.795229
vt 0.603830 0.794318
vt 0.628841 0.777578
vt 0.625702 0.816856
vt 0.635500 0.793832
vt 0.677265 0.786920
vt 0.662400 0.817099
vt 0.659064 0.765497
vt 0.680877 0.755826
vt 0.726678 0.809558
vt 0.707655 0.803879
vt 0.703720 0.790846
vt 0.736313 0.802519
vt 0.750525 0.800636
vt 0.750432 0.816599
vt 0.743555 0.787872
vt 0.775019 0.816568
vt 0.778952 0.756181
vt 0.794670 0.752277
vt 0.816603 0.773120
vt 0.847420 0.788799
vt 0.827386 0.818340
vt 0.870761 0.767543
vt 0.886616 0.763638
vt 0.893978 0.817754
vt 0.939704 0.818045
vt 0.918831 0.812924
vt 0.925801 0.794709
vt 0.916233 0.784239
vt 0.936726 0.763296
vt 0.392031 0.629371
vt 0.422058 0.652640
vt 0.396575 0.654077
vt 0.404313 0.666333
vt 0.517357 0.725802
vt 0.543346 0.702061
vt 0.561161 0.701165
vt 0.545764 0.722193
vt 0.976857 0.879396
vt 0.970250 0.863564
vt 0.984552 0.876135
vt 0.975524 0.841791
vt 0.973892 0.906950
vt 0.595836 0.716383
vt 0.596449 0.720260
vt 0.589920 0.725129
vt 0.618280 0.711214
vt 0.623309 0.696781
vt 0.688560 0.697792
vt 0.661972 0.724648
vt 0.648034 0.699669
vt 0.616082 0.649387
vt 0.584678 0.672230
vt 0.607186 0.639808
vt 0.617232 0.666646
vt 0.713616 0.696918
vt 0.711501 0.688388
vt 0.718778 0.694281
vt 0.714128 0.681810
vt 0.723824 0.716598
vt 0.725152 0.686589
vt 0.736049 0.725026
vt 0.777223 0.713058
vt 0.764146 0.716757
vt 0.772522 0.708965
vt 0.758283 0.726254
vt 0.780347 0.688848
vt 0.778466 0.689113
vt 0.786323 0.698063
vt 0.863984 0.726540
vt 0.885683 0.700292
vt 0.901309 0.724154
vt 0.027600 0.606747
vt 0.010798 0.592311
vt 0.019502 0.555279
vt 0.951580 0.702681
vt 0.963588 0.709803
vt 0.923860 0.726035
vt 0.014101 0.455729
vt 0.010653 0.379972
vt 0.019099 0.418416
vt 0.932816 0.654941
vt 0.924409 0.641349
vt 0.939526 0.637039
vt 0.920040 0.677603
vt 0.051488 0.427166
vt 0.042302 0.449073
vt 0.043111 0.432393
vt 0.045662 0.456246
vt 0.048370 0.419265
vt 0.054103 0.415241
vt 0.053752 0.401600
vt 0.209964 0.588480
vt 0.206794 0.606444
vt 0.195880 0.605628
vt 0.201312 0.558236
vt 0.077188 0.410955
vt 0.084794 0.396455
vt 0.087360 0.423135
vt 0.077995 0.456589
vt 0.081897 0.450744
vt 0.087462 0.448606
vt 0.404818 0.602659
vt 0.390245 0.607083
vt 0.417195 0.583417
vt 0.482282 0.596362
vt 0.480823 0.579890
vt 0.487532 0.596143
vt 0.491235 0.604156
vt 0.502037 0.606897
vt 0.549001 0.583762
vt 0.541578 0.606003
vt 0.525689 0.587969
vt 0.573609 0.606289
vt 0.577678 0.585749
vt 0.598623 0.603353
vt 0.690926 0.584562
vt 0.696362 0.606473
vt 0.671411 0.598674
vt 0.772879 0.607390
vt 0.761968 0.586810
vt 0.768000 0.562063
vt 0.847107 0.607059
vt 0.842262 0.581543
vt 0.862899 0.592934
vt 0.936067 0.605534
vt 0.926265 0.585142
vt 0.941990 0.580215
vt 0.727717 0.753200
vt 0.713735 0.764398
vt 0.703171 0.748234
vt 0.223135 0.532562
vt 0.211578 0.530558
vt 0.220235 0.506305
vt 0.363946 0.516761
vt 0.378013 0.512624
vt 0.364159 0.532875
vt 0.578990 0.842974
vt 0.578078 0.857279
vt 0.559732 0.856894
vt 0.400681 0.521916
vt 0.421784 0.518603
vt 0.408060 0.531440
vt 0.525638 0.532308
vt 0.523318 0.532775
vt 0.520756 0.522062
vt 0.518733 0.525100
vt 0.516070 0.508451
vt 0.755145 0.513240
vt 0.755407 0.522278
vt 0.747289 0.526697
vt 0.750249 0.532201
vt 0.749268 0.518448
vt 0.745633 0.531140
vt 0.782733 0.526113
vt 0.778671 0.515118
vt 0.781811 0.514345
vt 0.779749 0.524362
vt 0.781419 0.527204
vt 0.786105 0.531675
vt 0.787120 0.531180
vt 0.812391 0.527647
vt 0.822013 0.521260
vt 0.817801 0.532508
vt 0.815910 0.514054
vt 0.296264 0.480524
vt 0.300933 0.487029
vt 0.285946 0.491243
vt 0.952866 0.523956
vt 0.968843 0.529014
vt 0.965201 0.533064
vt 0.600525 0.490117
vt 0.591272 0.493011
vt 0.589583 0.483494
vt 0.777608 0.491248
vt 0.782254 0.479384
vt 0.787604 0.479578
vt 0.268049 0.455919
vt 0.276776 0.448655
vt 0.265873 0.449487
vt 0.274242 0.456342
vt 0.271297 0.445316
vt 0.277344 0.451172
vt 0.690455 0.850186
vt 0.686672 0.846456
vt 0.686981 0.842419
vt 0.239823 0.559314
vt 0.233666 0.556564
vt 0.234420 0.555859
vt 0.239500 0.560009
vt 0.896384 0.846626
vt 0.896551 0.849054
vt 0.895245 0.848836
vt 0.897190 0.846508
vt 0.262855 0.558185
vt 0.261956 0.555488
vt 0.263337 0.556394
vt 0.262662 0.558799
s 1
usemtl material0000
f 1811/1/1 1737/2/2 1913/3/3
f 1913/3/3 1982/4/4 1811/1/1
f 1960/5/5 1982/4/4 1913/3/3
f 1982/4/4 1960/5/5 2026/6/6
f 728/7/7 792/8/8 859/9/9
f 701/10/10 792/8/8 728/7/7
f 869/11/11 859/9/9 792/8/8
f 859/9/9 724/12/12 728/7/7
f 792/8/8 701/10/10 779/13/13
f 701/10/10 728/7/7 673/14/14
f 824/15/15 869/11/11 792/8/8
f 859/9/9 869/11/11 953/16/16
f 724/12/12 673/14/14 728/7/7
f 701/10/10 673/14/14 779/13/13
f 779/13/13 824/15/15 792/8/8
f 910/17/17 869/11/11 824/15/15
f 910/17/17 953/16/16 869/11/11
f 652/18/18 673/14/14 724/12/12
f 673/14/14 699/19/19 779/13/13
f 753/20/20 824/15/15 779/13/13
f 953/16/16 910/17/17 1008/21/21
f 673/14/14 652/18/18 699/19/19
f 779/13/13 699/19/19 753/20/20
f 910/17/17 936/22/22 1008/21/21
f 577/23/23 699/19/19 652/18/18
f 699/19/19 577/23/23 753/20/20
f 766/24/24 936/22/22 910/17/17
f 753/20/20 577/23/23 729/25/25
f 936/22/22 766/24/24 973/26/26
f 910/17/17 753/20/20 766/24/24
f 729/25/25 766/24/24 753/20/20
f 766/24/24 821/27/27 973/26/26
f 973/26/26 1006/28/28 936/22/22
f 729/25/25 599/29/29 766/24/24
f 766/24/24 675/30/30 821/27/27
f 973/26/26 821/27/27 866/31/31
f 973/26/26 1057/32/32 1006/28/28
f 729/25/25 598/33/33 599/29/29
f 766/24/24 599/29/29 675/30/30
f 821/27/27 675/30/30 771/34/34
f 866/31/31 821/27/27 771/34/34
f 973/26/26 866/31/31 971/35/35
f 973/26/26 994/36/36 1057/32/32
f 1069/37/37 1006/28/28 1057/32/32
f 599/29/29 598/33/33 438/38/38
f 729/25/25 456/39/39 598/33/33
f 675/30/30 599/29/29 438/38/38
f 675/30/30 610/40/40 771/34/34
f 866/31/31 771/34/34 881/41/41
f 994/36/36 973/26/26 971/35/35
f 971/35/35 866/31/31 881/41/41
f 1057/32/32 994/36/36 1125/42/42
f 1123/43/43 1069/37/37 1057/32/32
f 598/33/33 456/39/39 438/38/38
f 635/44/44 610/40/40 675/30/30
f 687/45/45 771/34/34 610/40/40
f 881/41/41 771/34/34 725/46/46
f 1125/42/42 994/36/36 971/35/35
f 881/41/41 984/47/47 971/35/35
f 1123/43/43 1057/32/32 1125/42/42
f 771/34/34 687/45/45 725/46/46
f 610/40/40 474/48/48 687/45/45
f 725/46/46 984/47/47 881/41/41
f 971/35/35 1131/49/49 1125/42/42
f 1131/49/49 971/35/35 984/47/47
f 1185/50/50 1123/43/43 1125/42/42
f 687/45/45 655/51/51 725/46/46
f 277/52/52 687/45/45 474/48/48
f 984/47/47 725/46/46 882/53/53
f 1125/42/42 1131/49/49 1185/50/50
f 1113/54/54 1131/49/49 984/47/47
f 1185/50/50 1183/55/55 1123/43/43
f 655/51/51 687/45/45 563/56/56
f 655/51/51 811/57/57 725/46/46
f 277/52/52 563/56/56 687/45/45
f 882/53/53 1029/58/58 984/47/47
f 725/46/46 811/57/57 882/53/53
f 1131/49/49 1184/59/59 1185/50/50
f 984/47/47 1029/58/58 1113/54/54
f 1183/55/55 1185/50/50 1313/60/60
f 529/61/61 655/51/51 563/56/56
f 811/57/57 1029/58/58 882/53/53
f 1184/59/59 1223/62/62 1185/50/50
f 1094/63/63 1184/59/59 1131/49/49
f 1113/54/54 1029/58/58 1165/64/64
f 1313/60/60 1185/50/50 1304/65/65
f 1313/60/60 1315/66/66 1183/55/55
f 1185/50/50 1223/62/62 1304/65/65
f 1270/67/67 1223/62/62 1184/59/59
f 1094/63/63 1113/54/54 1184/59/59
f 1113/54/54 1165/64/64 1184/59/59
f 1313/60/60 1304/65/65 1390/68/68
f 1390/68/68 1315/66/66 1313/60/60
f 1285/69/69 1183/55/55 1315/66/66
f 1184/59/59 1248/70/70 1270/67/67
f 1267/71/71 1223/62/62 1270/67/67
f 1165/64/64 1248/70/70 1184/59/59
f 1390/68/68 1304/65/65 1537/72/72
f 1315/66/66 1390/68/68 1285/69/69
f 808/73/73 775/74/74 847/75/75
f 847/75/75 775/74/74 841/76/76
f 847/75/75 800/77/77 808/73/73
f 848/78/78 841/76/76 775/74/74
f 855/79/79 847/75/75 841/76/76
f 788/80/80 808/73/73 800/77/77
f 840/81/81 800/77/77 847/75/75
f 855/79/79 841/76/76 848/78/78
f 855/79/79 840/81/81 847/75/75
f 799/82/82 788/80/80 800/77/77
f 750/83/83 808/73/73 788/80/80
f 845/84/84 800/77/77 840/81/81
f 929/85/85 855/79/79 848/78/78
f 855/79/79 918/86/86 840/81/81
f 830/87/87 788/80/80 799/82/82
f 799/82/82 800/77/77 845/84/84
f 750/83/83 788/80/80 703/88/88
f 889/89/89 845/84/84 840/81/81
f 929/85/85 918/86/86 855/79/79
f 918/86/86 889/89/89 840/81/81
f 703/88/88 788/80/80 830/87/87
f 875/90/90 830/87/87 799/82/82
f 799/82/82 845/84/84 862/91/91
f 845/84/84 889/89/89 917/92/92
f 929/85/85 981/93/93 918/86/86
f 965/94/94 889/89/89 918/86/86
f 830/87/87 749/95/95 703/88/88
f 875/90/90 817/96/96 830/87/87
f 799/82/82 862/91/91 875/90/90
f 862/91/91 845/84/84 872/97/97
f 872/97/97 845/84/84 917/92/92
f 917/92/92 889/89/89 965/94/94
f 981/93/93 1005/98/98 918/86/86
f 1005/98/98 965/94/94 918/86/86
f 830/87/87 789/99/99 749/95/95
f 749/95/95 693/100/100 703/88/88
f 874/101/101 817/96/96 875/90/90
f 830/87/87 817/96/96 789/99/99
f 875/90/90 862/91/91 872/97/97
f 958/102/102 872/97/97 917/92/92
f 1003/103/103 917/92/92 965/94/94
f 1080/104/104 1005/98/98 981/93/93
f 1027/105/105 965/94/94 1005/98/98
f 879/106/106 817/96/96 874/101/101
f 874/101/101 875/90/90 928/107/107
f 773/108/108 789/99/99 817/96/96
f 958/102/102 875/90/90 872/97/97
f 958/102/102 917/92/92 1003/103/103
f 1027/105/105 1003/103/103 965/94/94
f 1093/109/109 1005/98/98 1080/104/104
f 1093/109/109 1027/105/105 1005/98/98
f 879/106/106 864/110/110 817/96/96
f 888/111/111 879/106/106 874/101/101
f 1014/112/112 874/101/101 928/107/107
f 875/90/90 958/102/102 928/107/107
f 817/96/96 801/113/113 773/108/108
f 1003/103/103 1004/114/114 958/102/102
f 1056/115/115 1003/103/103 1027/105/105
f 1080/104/104 1154/116/116 1093/109/109
f 1093/109/109 1130/117/117 1027/105/105
f 940/118/118 864/110/110 879/106/106
f 801/113/113 817/96/96 864/110/110
f 879/106/106 888/111/111 940/118/118
f 888/111/111 874/101/101 1014/112/112
f 1014/112/112 928/107/107 1046/119/119
f 1004/114/114 928/107/107 958/102/102
f 801/113/113 721/120/120 773/108/108
f 1091/121/121 1004/114/114 1003/103/103
f 1107/122/122 1056/115/115 1027/105/105
f 1056/115/115 1091/121/121 1003/103/103
f 1130/117/117 1093/109/109 1154/116/116
f 1119/123/123 1027/105/105 1130/117/117
f 864/110/110 940/118/118 919/124/124
f 864/110/110 807/125/125 801/113/113
f 940/118/118 888/111/111 1026/126/126
f 1014/112/112 1026/126/126 888/111/111
f 1046/119/119 928/107/107 1004/114/114
f 1046/119/119 1038/127/127 1014/112/112
f 721/120/120 801/113/113 807/125/125
f 1046/119/119 1004/114/114 1091/121/121
f 1120/128/128 1056/115/115 1107/122/122
f 1119/123/123 1107/122/122 1027/105/105
f 1091/121/121 1056/115/115 1120/128/128
f 1234/129/129 1130/117/117 1154/116/116
f 1130/117/117 1107/122/122 1119/123/123
f 940/118/118 979/130/130 919/124/124
f 846/131/131 864/110/110 919/124/124
f 846/131/131 807/125/125 864/110/110
f 1045/132/132 940/118/118 1026/126/126
f 1038/127/127 1026/126/126 1014/112/112
f 1091/121/121 1038/127/127 1046/119/119
f 721/120/120 807/125/125 763/133/133
f 1120/128/128 1107/122/122 1158/134/134
f 1106/135/135 1091/121/121 1120/128/128
f 1234/129/129 1232/136/136 1130/117/117
f 1169/137/137 1107/122/122 1130/117/117
f 919/124/124 979/130/130 949/138/138
f 1045/132/132 979/130/130 940/118/118
f 904/139/139 846/131/131 919/124/124
f 846/131/131 806/140/140 807/125/125
f 1026/126/126 1140/141/141 1045/132/132
f 1140/141/141 1026/126/126 1038/127/127
f 1038/127/127 1091/121/121 1210/142/142
f 807/125/125 806/140/140 763/133/133
f 1169/137/137 1158/134/134 1107/122/122
f 1120/128/128 1158/134/134 1153/143/143
f 1091/121/121 1106/135/135 1210/142/142
f 1153/143/143 1106/135/135 1120/128/128
f 1234/129/129 1283/144/144 1232/136/136
f 1232/136/136 1169/137/137 1130/117/117
f 949/138/138 904/139/139 919/124/124
f 1001/145/145 949/138/138 979/130/130
f 1045/132/132 1089/146/146 979/130/130
f 904/139/139 877/147/147 846/131/131
f 846/131/131 747/148/148 806/140/140
f 1045/132/132 1140/141/141 1181/149/149
f 1140/141/141 1038/127/127 1110/150/150
f 1110/150/150 1038/127/127 1210/142/142
f 747/148/148 763/133/133 806/140/140
f 1245/151/151 1158/134/134 1169/137/137
f 1245/151/151 1153/143/143 1158/134/134
f 1210/142/142 1106/135/135 1153/143/143
f 1283/144/144 1282/152/152 1232/136/136
f 1232/136/136 1230/153/153 1169/137/137
f 949/138/138 925/154/154 904/139/139
f 979/130/130 1089/146/146 1001/145/145
f 1001/145/145 925/154/154 949/138/138
f 1089/146/146 1045/132/132 1139/155/155
f 925/154/154 877/147/147 904/139/139
f 877/147/147 747/148/148 846/131/131
f 1140/141/141 1110/150/150 1181/149/149
f 1181/149/149 1139/155/155 1045/132/132
f 1244/156/156 1110/150/150 1210/142/142
f 747/148/148 670/157/157 763/133/133
f 1230/153/153 1245/151/151 1169/137/137
f 1298/158/158 1153/143/143 1245/151/151
f 1153/143/143 1254/159/159 1210/142/142
f 1282/152/152 1283/144/144 1310/160/160
f 1282/152/152 1230/153/153 1232/136/136
f 1109/161/161 1001/145/145 1089/146/146
f 1011/162/162 925/154/154 1001/145/145
f 1109/161/161 1089/146/146 1139/155/155
f 925/154/154 854/163/163 877/147/147
f 877/147/147 790/164/164 747/148/148
f 1181/149/149 1110/150/150 1241/165/165
f 1195/166/166 1139/155/155 1181/149/149
f 1110/150/150 1244/156/156 1242/167/167
f 1244/156/156 1210/142/142 1281/168/168
f 747/148/148 733/169/169 670/157/157
f 1245/151/151 1230/153/153 1298/158/158
f 1254/159/159 1153/143/143 1298/158/158
f 1378/170/170 1210/142/142 1254/159/159
f 1353/171/171 1282/152/152 1310/160/160
f 1230/153/153 1282/152/152 1309/172/172
f 1109/161/161 1067/173/173 1001/145/145
f 1011/162/162 905/174/174 925/154/154
f 1011/162/162 1001/145/145 1067/173/173
f 1109/161/161 1139/155/155 1151/175/175
f 854/163/163 925/154/154 905/174/174
f 877/147/147 854/163/163 790/164/164
f 790/164/164 733/169/169 747/148/148
f 1241/165/165 1195/166/166 1181/149/149
f 1242/167/167 1241/165/165 1110/150/150
f 1243/176/176 1139/155/155 1195/166/166
f 1281/168/168 1242/167/167 1244/156/156
f 1339/177/177 1281/168/168 1210/142/142
f 615/178/178 670/157/157 733/169/169
f 1230/153/153 1295/179/179 1298/158/158
f 1404/180/180 1254/159/159 1298/158/158
f 1339/177/177 1210/142/142 1378/170/170
f 1430/181/181 1378/170/170 1254/159/159
f 1282/152/152 1353/171/171 1309/172/172
f 1309/172/172 1296/182/182 1230/153/153
f 1067/173/173 1109/161/161 1151/175/175
f 1011/162/162 1031/183/183 905/174/174
f 1031/183/183 1011/162/162 1067/173/173
f 1243/176/176 1151/175/175 1139/155/155
f 906/184/184 854/163/163 905/174/174
f 809/185/185 790/164/164 854/163/163
f 809/185/185 733/169/169 790/164/164
f 1195/166/166 1241/165/165 1229/186/186
f 1242/167/167 1349/187/187 1241/165/165
f 1229/186/186 1243/176/176 1195/166/166
f 1242/167/167 1281/168/168 1405/188/188
f 1324/189/189 1281/168/168 1339/177/177
f 679/190/190 615/178/178 733/169/169
f 1298/158/158 1295/179/179 1404/180/180
f 1295/179/179 1230/153/153 1296/182/182
f 1430/181/181 1254/159/159 1404/180/180
f 1406/191/191 1339/177/177 1378/170/170
f 1406/191/191 1378/170/170 1430/181/181
f 1419/192/192 1309/172/172 1353/171/171
f 1296/182/182 1309/172/172 1419/192/192
f 1067/173/173 1151/175/175 1208/193/193
f 987/194/194 905/174/174 1031/183/183
f 1067/173/173 987/194/194 1031/183/183
f 1208/193/193 1151/175/175 1243/176/176
f 987/194/194 906/184/184 905/174/174
f 906/184/184 838/195/195 854/163/163
f 809/185/185 854/163/163 838/195/195
f 776/196/196 733/169/169 809/185/185
f 1229/186/186 1241/165/165 1349/187/187
f 1439/197/197 1349/187/187 1242/167/167
f 1297/198/198 1243/176/176 1229/186/186
f 1405/188/188 1281/168/168 1406/191/191
f 1439/197/197 1242/167/167 1405/188/188
f 1324/189/189 1406/191/191 1281/168/168
f 1324/189/189 1339/177/177 1406/191/191
f 733/169/169 776/196/196 679/190/190
f 1363/199/199 1404/180/180 1295/179/179
f 1363/199/199 1295/179/179 1296/182/182
f 1430/181/181 1404/180/180 1477/200/200
f 1438/201/201 1406/191/191 1430/181/181
f 1419/192/192 1353/171/171 1431/202/202
f 1363/199/199 1296/182/182 1419/192/192
f 1138/203/203 1067/173/173 1208/193/193
f 987/194/194 1067/173/173 1138/203/203
f 1294/204/204 1208/193/193 1243/176/176
f 914/205/205 906/184/184 987/194/194
f 914/205/205 838/195/195 906/184/184
f 809/185/185 838/195/195 776/196/196
f 1417/206/206 1229/186/186 1349/187/187
f 1439/197/197 1451/207/207 1349/187/187
f 1417/206/206 1297/198/198 1229/186/186
f 1243/176/176 1297/198/198 1294/204/204
f 1439/197/197 1405/188/188 1406/191/191
f 746/208/208 679/190/190 776/196/196
f 1404/180/180 1363/199/199 1418/209/209
f 1404/180/180 1418/209/209 1477/200/200
f 1477/200/200 1510/210/210 1430/181/181
f 1520/211/211 1438/201/201 1430/181/181
f 1406/191/191 1438/201/201 1439/197/197
f 1431/202/202 1402/212/212 1419/192/192
f 1476/213/213 1431/202/202 1470/214/214
f 1419/192/192 1376/215/215 1363/199/199
f 1221/216/216 1138/203/203 1208/193/193
f 1138/203/203 976/217/217 987/194/194
f 1337/218/218 1208/193/193 1294/204/204
f 976/217/217 914/205/205 987/194/194
f 838/195/195 914/205/205 852/219/219
f 746/208/208 776/196/196 838/195/195
f 1417/206/206 1349/187/187 1451/207/207
f 1534/220/220 1451/207/207 1439/197/197
f 1450/221/221 1297/198/198 1417/206/206
f 1294/204/204 1297/198/198 1360/222/222
f 1376/215/215 1418/209/209 1363/199/199
f 1420/223/223 1477/200/200 1418/209/209
f 1510/210/210 1477/200/200 1492/224/224
f 1510/210/210 1509/225/225 1430/181/181
f 1438/201/201 1520/211/211 1495/226/226
f 1520/211/211 1430/181/181 1509/225/225
f 1506/227/227 1439/197/197 1438/201/201
f 1402/212/212 1376/215/215 1419/192/192
f 1476/213/213 1402/212/212 1431/202/202
f 1470/214/214 1548/228/228 1476/213/213
f 1221/216/216 1191/229/229 1138/203/203
f 1221/216/216 1208/193/193 1337/218/218
f 1138/203/203 1062/230/230 976/217/217
f 1360/222/222 1337/218/218 1294/204/204
f 955/231/231 914/205/205 976/217/217
f 746/208/208 838/195/195 852/219/219
f 914/205/205 885/232/232 852/219/219
f 1417/206/206 1451/207/207 1534/220/220
f 1534/220/220 1439/197/197 1471/233/233
f 1360/222/222 1297/198/198 1450/221/221
f 1450/221/221 1417/206/206 1534/220/220
f 1420/223/223 1418/209/209 1376/215/215
f 1468/234/234 1477/200/200 1420/223/223
f 1492/224/224 1477/200/200 1468/234/234
f 1493/235/235 1510/210/210 1492/224/224
f 1509/225/225 1510/210/210 1493/235/235
f 1495/226/226 1520/211/211 1567/236/236
f 1506/227/227 1438/201/201 1495/226/226
f 1566/237/237 1520/211/211 1509/225/225
f 1471/233/233 1439/197/197 1506/227/227
f 1428/238/238 1376/215/215 1402/212/212
f 1428/238/238 1402/212/212 1476/213/213
f 1494/239/239 1476/213/213 1548/228/228
f 1654/240/240 1548/228/228 1470/214/214
f 1221/216/216 1266/241/241 1191/229/229
f 1191/229/229 1104/242/242 1138/203/203
f 1352/243/243 1221/216/216 1337/218/218
f 1062/230/230 999/244/244 976/217/217
f 955/231/231 885/232/232 914/205/205
f 976/217/217 999/244/244 955/231/231
f 816/245/245 852/219/219 885/232/232
f 1534/220/220 1471/233/233 1652/246/246
f 1450/221/221 1429/247/247 1360/222/222
f 1450/221/221 1534/220/220 1555/248/248
f 1420/223/223 1376/215/215 1428/238/238
f 1468/234/234 1420/223/223 1428/238/238
f 1492/224/224 1468/234/234 1546/249/249
f 1577/250/250 1493/235/235 1492/224/224
f 1566/237/237 1509/225/225 1493/235/235
f 1549/251/251 1495/226/226 1567/236/236
f 1645/252/252 1567/236/236 1520/211/211
f 1549/251/251 1506/227/227 1495/226/226
f 1645/252/252 1520/211/211 1566/237/237
f 1471/233/233 1506/227/227 1549/251/251
f 1476/213/213 1494/239/239 1428/238/238
f 1548/228/228 1496/253/253 1494/239/239
f 1593/254/254 1548/228/228 1654/240/240
f 1352/243/243 1266/241/241 1221/216/216
f 1266/241/241 1104/242/242 1191/229/229
f 1104/242/242 999/244/244 1062/230/230
f 955/231/231 954/255/255 885/232/232
f 999/244/244 1050/256/256 955/231/231
f 894/257/257 816/245/245 885/232/232
f 1549/251/251 1652/246/246 1471/233/233
f 1627/258/258 1534/220/220 1652/246/246
f 1429/247/247 1352/243/243 1360/222/222
f 1517/259/259 1429/247/247 1450/221/221
f 1555/248/248 1534/220/220 1627/258/258
f 1555/248/248 1517/259/259 1450/221/221
f 1496/253/253 1468/234/234 1428/238/238
f 1546/249/249 1577/250/250 1492/224/224
f 1496/253/253 1546/249/249 1468/234/234
f 1603/260/260 1493/235/235 1577/250/250
f 1566/237/237 1493/235/235 1603/260/260
f 1549/251/251 1567/236/236 1592/261/261
f 1567/236/236 1645/252/252 1592/261/261
f 1645/252/252 1566/237/237 1673/262/262
f 1496/253/253 1428/238/238 1494/239/239
f 1548/228/228 1546/249/249 1496/253/253
f 1593/254/254 1546/249/249 1548/228/228
f 1654/240/240 1672/263/263 1593/254/254
f 1321/264/264 1266/241/241 1352/243/243
f 1090/265/265 1104/242/242 1266/241/241
f 1104/242/242 1090/265/265 999/244/244
f 1050/256/256 954/255/255 955/231/231
f 894/257/257 885/232/232 954/255/255
f 1050/256/256 999/244/244 1090/265/265
f 1652/246/246 1549/251/251 1634/266/266
f 1652/246/246 1682/267/267 1627/258/258
f 1352/243/243 1429/247/247 1424/268/268
f 1554/269/269 1429/247/247 1517/259/259
f 1627/258/258 1643/270/270 1555/248/248
f 1626/271/271 1517/259/259 1555/248/248
f 1577/250/250 1546/249/249 1591/272/272
f 1590/273/273 1603/260/260 1577/250/250
f 1674/274/274 1566/237/237 1603/260/260
f 1634/266/266 1549/251/251 1592/261/261
f 1645/252/252 1634/266/266 1592/261/261
f 1566/237/237 1674/274/274 1673/262/262
f 1734/275/275 1645/252/252 1673/262/262
f 1591/272/272 1546/249/249 1593/254/254
f 1593/254/254 1672/263/263 1591/272/272
f 1672/263/263 1654/240/240 1715/276/276
f 1321/264/264 1352/243/243 1377/277/277
f 1264/278/278 1266/241/241 1321/264/264
f 1050/256/256 1090/265/265 1266/241/241
f 962/279/279 954/255/255 1050/256/256
f 962/279/279 894/257/257 954/255/255
f 1735/280/280 1652/246/246 1634/266/266
f 1733/281/281 1682/267/267 1652/246/246
f 1682/267/267 1643/270/270 1627/258/258
f 1377/277/277 1352/243/243 1424/268/268
f 1424/268/268 1429/247/247 1547/282/282
f 1429/247/247 1554/269/269 1547/282/282
f 1517/259/259 1600/283/283 1554/269/269
f 1517/259/259 1626/271/271 1600/283/283
f 1591/272/272 1590/273/273 1577/250/250
f 1603/260/260 1590/273/273 1655/284/284
f 1603/260/260 1655/284/284 1674/274/274
f 1671/285/285 1634/266/266 1645/252/252
f 1674/274/274 1766/286/286 1673/262/262
f 1734/275/275 1671/285/285 1645/252/252
f 1734/275/275 1673/262/262 1766/286/286
f 1672/263/263 1653/287/287 1591/272/272
f 1714/288/288 1672/263/263 1715/276/276
f 1714/288/288 1715/276/276 1737/289/2
f 1424/268/268 1321/264/264 1377/277/277
f 1264/278/278 1321/264/264 1383/290/289
f 1266/241/241 1264/278/278 1050/256/256
f 1735/280/280 1733/281/281 1652/246/246
f 1735/280/280 1634/266/266 1671/285/285
f 1736/291/290 1682/267/267 1733/281/281
f 1682/267/267 1649/292/291 1643/270/270
f 1547/282/282 1489/293/292 1424/268/268
f 1660/294/293 1547/282/282 1554/269/269
f 1554/269/269 1600/283/283 1660/294/293
f 1649/292/291 1600/283/283 1626/271/271
f 1590/273/273 1591/272/272 1653/287/287
f 1655/284/284 1590/273/273 1675/295/294
f 1655/284/284 1675/295/294 1674/274/274
f 1766/286/286 1674/274/274 1743/296/295
f 1671/285/285 1734/275/275 1735/280/280
f 1841/297/296 1734/275/275 1766/286/286
f 1653/287/287 1672/263/263 1714/288/288
f 1737/289/2 1761/298/297 1714/288/288
f 1321/264/264 1424/268/268 1383/290/289
f 1383/290/289 1350/299/298 1264/278/278
f 1050/256/256 1264/278/278 1218/300/299
f 1735/280/280 1812/301/300 1733/281/281
f 1649/292/291 1682/267/267 1736/291/290
f 1736/291/290 1733/281/281 1812/301/300
f 1626/271/271 1643/270/270 1649/292/291
f 1489/293/292 1547/282/282 1565/302/301
f 1489/293/292 1383/290/289 1424/268/268
f 1660/294/293 1648/303/302 1547/282/282
f 1649/292/291 1660/294/293 1600/283/283
f 1675/295/294 1590/273/273 1653/287/287
f 1674/274/274 1675/295/294 1743/296/295
f 1813/304/303 1766/286/286 1743/296/295
f 1841/297/296 1735/280/280 1734/275/275
f 1938/305/304 1841/297/296 1766/286/286
f 1675/295/294 1653/287/287 1714/288/288
f 1737/289/2 1811/306/1 1761/298/297
f 1714/288/288 1761/298/297 1675/295/294
f 1350/299/298 1383/290/289 1489/293/292
f 1812/301/300 1735/280/280 1841/297/296
f 1736/291/290 1759/307/305 1649/292/291
f 1736/291/290 1812/301/300 1888/308/306
f 1648/303/302 1565/302/301 1547/282/282
f 1565/302/301 1597/309/307 1489/293/292
f 1755/310/308 1648/303/302 1660/294/293
f 1660/294/293 1649/292/291 1755/310/308
f 1760/311/309 1743/296/295 1675/295/294
f 1813/304/303 1938/305/304 1766/286/286
f 1813/304/303 1743/296/295 1810/312/310
f 1811/306/1 1760/311/309 1761/298/297
f 1761/298/297 1760/311/309 1675/295/294
f 1427/313/311 1350/299/298 1489/293/292
f 1883/314/312 1812/301/300 1841/297/296
f 1759/307/305 1736/291/290 1899/315/313
f 1776/316/314 1649/292/291 1759/307/305
f 1899/315/313 1736/291/290 1888/308/306
f 1988/317/315 1888/308/306 1812/301/300
f 1565/302/301 1648/303/302 1716/318/316
f 1489/293/292 1597/309/307 1427/313/311
f 1777/319/317 1648/303/302 1755/310/308
f 1755/310/308 1649/292/291 1776/316/314
f 1810/312/310 1743/296/295 1760/311/309
f 1890/320/318 1938/305/304 1813/304/303
f 1813/304/303 1810/312/310 1890/320/318
f 1811/306/1 1810/312/310 1760/311/309
f 1968/321/319 1812/301/300 1883/314/312
f 1956/322/320 1883/314/312 1841/297/296
f 1776/316/314 1759/307/305 1899/315/313
f 1888/308/306 1994/323/321 1899/315/313
f 1994/323/321 1888/308/306 1988/317/315
f 1988/317/315 1812/301/300 1968/321/319
f 1777/319/317 1716/318/316 1648/303/302
f 1597/309/307 1587/324/322 1427/313/311
f 1755/310/308 1861/325/323 1777/319/317
f 1861/325/323 1755/310/308 1776/316/314
f 1958/326/324 1938/305/304 1890/320/318
f 1810/312/310 1959/327/325 1890/320/318
f 1982/328/4 1810/312/310 1811/306/1
f 1956/322/320 1968/321/319 1883/314/312
f 1841/297/296 1981/329/326 1956/322/320
f 1899/315/313 1912/330/327 1776/316/314
f 1994/323/321 2027/331/328 1899/315/313
f 1988/317/315 2047/332/329 1994/323/321
f 1988/317/315 1968/321/319 2011/333/330
f 1777/319/317 1775/334/331 1716/318/316
f 1775/334/331 1777/319/317 1861/325/323
f 1861/325/323 1776/316/314 1912/330/327
f 1958/326/324 1890/320/318 1959/327/325
f 1958/326/324 1957/335/332 1938/305/304
f 1959/327/325 1810/312/310 1982/328/4
f 1981/329/326 1968/321/319 1956/322/320
f 1899/315/313 1951/336/333 1912/330/327
f 1899/315/313 2027/331/328 1951/336/333
f 2137/337/334 2027/331/328 1994/323/321
f 2137/337/334 1994/323/321 2047/332/329
f 2047/332/329 1988/317/315 2011/333/330
f 1981/329/326 2011/333/330 1968/321/319
f 1967/338/335 1861/325/323 1912/330/327
f 1958/326/324 1959/327/325 2026/339/6
f 2016/340/336 1957/335/332 1958/326/324
f 1957/335/332 2015/341/337 1938/305/304
f 1959/327/325 1982/328/4 2026/339/6
f 1912/330/327 1951/336/333 2045/342/338
f 1951/336/333 2027/331/328 2045/342/338
f 2137/337/334 2065/343/339 2027/331/328
f 2139/344/340 2137/337/334 2047/332/329
f 2139/344/340 2047/332/329 2011/333/330
f 2011/333/330 1981/329/326 2015/341/337
f 1967/338/335 1912/330/327 2045/342/338
f 2026/339/6 2016/340/336 1958/326/324
f 2015/341/337 1957/335/332 2016/340/336
f 2137/337/334 2135/345/341 2065/343/339
f 2175/346/342 2137/337/334 2139/344/340
f 2139/344/340 2011/333/330 2124/347/343
f 2125/348/344 2011/333/330 2015/341/337
f 2075/349/345 2016/340/336 2026/339/6
f 2046/350/346 2015/341/337 2016/340/336
f 2135/345/341 2137/337/334 2238/351/347
f 2135/345/341 2072/352/348 2065/343/339
f 2238/351/347 2137/337/334 2175/346/342
f 2215/353/349 2175/346/342 2139/344/340
f 2011/333/330 2125/348/344 2124/347/343
f 2215/353/349 2139/344/340 2124/347/343
f 2125/348/344 2015/341/337 2046/350/346
f 2075/349/345 2046/350/346 2016/340/336
f 2238/351/347 2199/354/350 2135/345/341
f 2199/354/350 2072/352/348 2135/345/341
f 2240/355/351 2238/351/347 2175/346/342
f 2260/356/352 2175/346/342 2215/353/349
f 2215/353/349 2124/347/343 2125/348/344
f 2125/348/344 2046/350/346 2097/357/353
f 2121/358/354 2046/350/346 2075/349/345
f 2259/359/355 2199/354/350 2238/351/347
f 2094/360/356 2072/352/348 2199/354/350
f 2259/359/355 2238/351/347 2240/355/351
f 2260/356/352 2240/355/351 2175/346/342
f 2308/361/357 2260/356/352 2215/353/349
f 2125/348/344 2308/361/357 2215/353/349
f 2097/357/353 2046/350/346 2121/358/354
f 2097/357/353 2179/362/358 2125/348/344
f 2237/363/359 2121/358/354 2075/349/345
f 2325/364/360 2199/354/350 2259/359/355
f 2072/352/348 2094/360/356 2068/365/361
f 2199/354/350 2221/366/362 2094/360/356
f 2288/367/363 2259/359/355 2240/355/351
f 2300/368/364 2260/356/352 2308/361/357
f 2179/362/358 2308/361/357 2125/348/344
f 2097/357/353 2121/358/354 2237/363/359
f 2248/369/365 2179/362/358 2097/357/353
f 2325/364/360 2221/366/362 2199/354/350
f 2325/364/360 2259/359/355 2293/370/366
f 2094/360/356 2193/371/367 2068/365/361
f 2193/371/367 2094/360/356 2221/366/362
f 2259/359/355 2288/367/363 2293/370/366
f 2327/372/368 2300/368/364 2308/361/357
f 2276/373/369 2308/361/357 2179/362/358
f 2248/369/365 2097/357/353 2237/363/359
f 2276/373/369 2179/362/358 2248/369/365
f 2248/369/365 2237/363/359 2249/374/370
f 2325/364/360 2323/375/371 2221/366/362
f 2315/376/372 2325/364/360 2293/370/366
f 2323/375/371 2193/371/367 2221/366/362
f 2308/361/357 2330/377/373 2327/372/368
f 2276/373/369 2309/378/374 2308/361/357
f 2248/369/365 2309/378/374 2276/373/369
f 2248/369/365 2249/374/370 2311/379/375
f 2324/380/376 2323/375/371 2325/364/360
f 2315/376/372 2324/380/376 2325/364/360
f 2323/375/371 2310/381/377 2193/371/367
f 2330/377/373 2312/382/378 2327/372/368
f 2309/378/374 2248/369/365 2311/379/375
f 2311/379/375 2249/374/370 2333/383/379
f 2323/375/371 2324/380/376 2322/384/380
f 2321/385/381 2324/380/376 2315/376/372
f 2323/375/371 2322/384/380 2310/381/377
f 2218/386/382 2193/371/367 2310/381/377
f 2311/379/375 2314/387/383 2309/378/374
f 2314/387/383 2311/379/375 2333/383/379
f 2321/385/381 2322/384/380 2324/380/376
f 2310/381/377 2322/384/380 2306/388/384
f 2218/386/382 2210/389/385 2193/371/367
f 2278/390/386 2218/386/382 2310/381/377
f 2290/391/387 2309/378/374 2314/387/383
f 2314/387/383 2333/383/379 2326/392/388
f 2321/385/381 2306/388/384 2322/384/380
f 2310/381/377 2306/388/384 2278/390/386
f 2218/386/382 2174/393/389 2210/389/385
f 2278/390/386 2198/394/390 2218/386/382
f 2290/391/387 2314/387/383 2326/392/388
f 2278/390/386 2306/388/384 2217/395/391
f 2198/394/390 2174/393/389 2218/386/382
f 2174/393/389 2091/396/392 2210/389/385
f 2198/394/390 2278/390/386 2194/397/393
f 2217/395/391 2194/397/393 2278/390/386
f 2198/394/390 2211/398/394 2174/393/389
f 2174/393/389 2211/398/394 2091/396/392
f 2211/398/394 2198/394/390 2194/397/393
f 2217/395/391 2191/399/395 2194/397/393
f 663/400/396 691/401/397 557/402/398
f 663/400/396 742/403/399 691/401/397
f 657/404/400 557/402/398 691/401/397
f 663/400/396 557/402/398 612/405/401
f 744/406/402 691/401/397 742/403/399
f 439/407/403 557/402/398 657/404/400
f 612/405/401 557/402/398 470/408/404
f 663/400/396 612/405/401 708/409/405
f 557/402/398 439/407/403 431/410/406
f 470/408/404 501/411/407 612/405/401
f 708/409/405 612/405/401 602/412/408
f 470/408/404 420/413/409 501/411/407
f 501/411/407 535/414/410 612/405/401
f 535/414/410 602/412/408 612/405/401
f 602/412/408 724/415/12 708/409/405
f 420/413/409 470/408/404 321/416/411
f 501/411/407 420/413/409 476/417/412
f 476/417/412 535/414/410 501/411/407
f 602/412/408 535/414/410 652/418/18
f 602/412/408 652/418/18 724/415/12
f 260/419/413 420/413/409 321/416/411
f 476/417/412 420/413/409 318/420/414
f 476/417/412 597/421/415 535/414/410
f 535/414/410 597/421/415 652/418/18
f 150/422/416 420/413/409 260/419/413
f 260/419/413 321/416/411 155/423/417
f 318/420/414 420/413/409 150/422/416
f 318/420/414 301/424/418 476/417/412
f 476/417/412 577/425/23 597/421/415
f 597/421/415 577/425/23 652/418/18
f 150/422/416 260/419/413 154/426/419
f 321/416/411 245/427/420 155/423/417
f 260/419/413 155/423/417 154/426/419
f 150/422/416 301/424/418 318/420/414
f 476/417/412 301/424/418 456/428/39
f 476/417/412 456/428/39 577/425/23
f 154/426/419 35/429/421 150/422/416
f 155/423/417 108/430/422 154/426/419
f 150/422/416 145/431/423 301/424/418
f 225/432/424 456/428/39 301/424/418
f 35/429/421 154/426/419 62/433/425
f 36/434/426 150/422/416 35/429/421
f 62/433/425 154/426/419 108/430/422
f 150/422/416 55/435/427 145/431/423
f 145/431/423 175/436/428 301/424/418
f 438/437/38 456/428/39 225/432/424
f 301/424/418 175/436/428 225/432/424
f 62/433/425 48/438/429 35/429/421
f 150/422/416 36/434/426 55/435/427
f 145/431/423 55/435/427 175/436/428
f 386/439/430 438/437/38 225/432/424
f 106/440/431 225/432/424 175/436/428
f 175/436/428 55/435/427 14/441/432
f 225/432/424 106/440/431 386/439/430
f 635/442/44 438/437/38 386/439/430
f 106/440/431 175/436/428 30/443/433
f 14/441/432 30/443/433 175/436/428
f 299/444/434 386/439/430 106/440/431
f 386/439/430 610/445/40 635/442/44
f 30/443/433 74/446/435 106/440/431
f 106/440/431 74/446/435 299/444/434
f 386/439/430 299/444/434 610/445/40
f 74/446/435 277/447/52 299/444/434
f 4/448/436 277/447/52 74/446/435
f 930/449/437 848/450/78 964/451/438
f 964/451/438 989/452/439 930/449/437
f 929/453/85 848/450/78 930/449/437
f 989/452/439 929/453/85 930/449/437
f 989/452/439 981/454/93 929/453/85
f 1342/455/440 1256/456/441 1314/457/442
f 1256/456/441 1342/455/440 1344/458/443
f 1314/457/442 1256/456/441 1172/459/444
f 1342/455/440 1314/457/442 1498/460/445
f 1342/455/440 1501/461/446 1344/458/443
f 1344/458/443 1268/462/447 1256/456/441
f 1256/456/441 1171/463/448 1172/459/444
f 1498/460/445 1596/464/449 1342/455/440
f 1501/461/446 1342/455/440 1635/465/450
f 1247/466/451 1268/462/447 1344/458/443
f 1133/467/452 1256/456/441 1268/462/447
f 1171/463/448 1095/468/453 1172/459/444
f 1256/456/441 1133/467/452 1171/463/448
f 1596/464/449 1635/465/450 1342/455/440
f 1247/466/451 1133/467/452 1268/462/447
f 1095/468/453 1171/463/448 1028/469/454
f 1171/463/448 1133/467/452 1028/469/454
f 1247/466/451 1162/470/455 1133/467/452
f 1049/471/456 1095/468/453 1028/469/454
f 1133/467/452 932/472/457 1028/469/454
f 1162/470/455 1099/473/458 1133/467/452
f 1028/469/454 983/474/459 1049/471/456
f 1133/467/452 1099/473/458 932/472/457
f 932/472/457 983/474/459 1028/469/454
f 1048/475/460 1099/473/458 1162/470/455
f 1099/473/458 967/476/461 932/472/457
f 880/477/462 983/474/459 932/472/457
f 1048/475/460 967/476/461 1099/473/458
f 967/476/461 921/478/463 932/472/457
f 932/472/457 780/479/464 880/477/462
f 1048/475/460 1033/480/465 967/476/461
f 982/481/466 921/478/463 967/476/461
f 754/482/467 932/472/457 921/478/463
f 780/479/464 932/472/457 754/482/467
f 1096/483/468 1033/480/465 1048/475/460
f 1033/480/465 982/481/466 967/476/461
f 921/478/463 982/481/466 811/484/57
f 754/482/467 921/478/463 811/484/57
f 1029/485/58 982/481/466 1033/480/465
f 982/481/466 1029/485/58 811/484/57
f 1302/486/469 1325/487/470 1248/488/70
f 1325/487/470 1302/486/469 1366/489/471
f 1270/490/67 1248/488/70 1325/487/470
f 1248/488/70 1246/491/472 1302/486/469
f 1366/489/471 1270/490/67 1325/487/470
f 1165/492/64 1246/491/472 1248/488/70
f 1270/490/67 1366/489/471 1267/493/71
f 1680/494/473 1678/495/474 1635/496/450
f 1678/495/474 1680/494/473 1709/497/475
f 1657/498/476 1635/496/450 1678/495/474
f 1680/494/473 1739/499/477 1709/497/475
f 1678/495/474 1709/497/475 1705/500/478
f 1595/501/479 1635/496/450 1657/498/476
f 1705/500/478 1657/498/476 1678/495/474
f 1709/497/475 1739/499/477 1779/502/480
f 1705/500/478 1709/497/475 1779/502/480
f 1595/501/479 1657/498/476 1612/503/481
f 1705/500/478 1721/504/482 1657/498/476
f 1750/505/483 1779/502/480 1739/499/477
f 1779/502/480 1721/504/482 1705/500/478
f 1612/503/481 1657/498/476 1646/506/484
f 1408/507/485 1595/501/479 1612/503/481
f 1738/508/486 1657/498/476 1721/504/482
f 1779/502/480 1783/509/487 1721/504/482
f 1738/508/486 1646/506/484 1657/498/476
f 1512/510/488 1408/507/485 1612/503/481
f 1595/501/479 1408/507/485 1501/511/446
f 1721/504/482 1783/509/487 1738/508/486
f 1779/502/480 1793/512/489 1783/509/487
f 1726/513/490 1646/506/484 1738/508/486
f 1512/510/488 1443/514/491 1408/507/485
f 1344/515/443 1501/511/446 1408/507/485
f 1738/508/486 1783/509/487 1752/516/492
f 1665/517/493 1646/506/484 1726/513/490
f 1738/508/486 1780/518/494 1726/513/490
f 1443/514/491 1302/519/469 1408/507/485
f 1249/520/495 1344/515/443 1408/507/485
f 1738/508/486 1752/516/492 1780/518/494
f 1408/507/485 1302/519/469 1246/521/472
f 1443/514/491 1366/522/471 1302/519/469
f 1247/523/451 1344/515/443 1249/520/495
f 1408/507/485 1246/521/472 1249/520/495
f 1780/518/494 1752/516/492 1817/524/496
f 1249/520/495 1204/525/497 1247/523/451
f 1160/526/498 1249/520/495 1246/521/472
f 1204/525/497 1249/520/495 1160/526/498
f 1162/527/455 1247/523/451 1204/525/497
f 1246/521/472 1100/528/499 1160/526/498
f 1204/525/497 1160/526/498 1162/527/455
f 1165/529/64 1100/528/499 1246/521/472
f 1100/528/499 1096/530/468 1160/526/498
f 1162/527/455 1160/526/498 1048/531/460
f 1165/529/64 1029/532/58 1100/528/499
f 1160/526/498 1096/530/468 1048/531/460
f 1033/533/465 1096/530/468 1100/528/499
f 1100/528/499 1029/532/58 1033/533/465
f 831/534/500 876/535/501 822/536/502
f 934/537/503 876/535/501 831/534/500
f 876/535/501 819/538/504 822/536/502
f 934/537/503 831/534/500 891/539/505
f 934/537/503 911/540/506 876/535/501
f 911/540/506 819/538/504 876/535/501
f 891/539/505 831/534/500 843/541/507
f 934/537/503 891/539/505 960/542/508
f 972/543/509 911/540/506 934/537/503
f 812/544/510 819/538/504 911/540/506
f 934/537/503 960/542/508 959/545/511
f 911/540/506 972/543/509 1007/546/512
f 959/545/511 972/543/509 934/537/503
f 738/547/513 819/538/504 812/544/510
f 812/544/510 911/540/506 933/548/514
f 959/545/511 960/542/508 1034/549/515
f 933/548/514 911/540/506 1007/546/512
f 1007/546/512 972/543/509 959/545/511
f 812/544/510 777/550/516 738/547/513
f 933/548/514 777/550/516 812/544/510
f 1007/546/512 959/545/511 1034/549/515
f 1035/551/517 1034/549/515 960/542/508
f 1007/546/512 1016/552/518 933/548/514
f 1083/553/519 1007/546/512 1034/549/515
f 1115/554/520 1034/549/515 1035/551/517
f 1007/546/512 1083/553/519 1016/552/518
f 1084/555/521 1083/553/519 1034/549/515
f 1115/554/520 1084/555/521 1034/549/515
f 1085/556/522 1016/552/518 1083/553/519
f 1083/553/519 1084/555/521 1134/557/523
f 1134/557/523 1084/555/521 1115/554/520
f 1085/556/522 1083/553/519 1112/558/524
f 1085/556/522 1132/559/525 1016/552/518
f 1203/560/526 1083/553/519 1134/557/523
f 1115/554/520 1146/561/527 1134/557/523
f 1203/560/526 1134/557/523 1214/562/528
f 1146/561/527 1214/562/528 1134/557/523
f 1146/561/527 1115/554/520 1202/563/529
f 1203/560/526 1214/562/528 1202/563/529
f 1146/561/527 1202/563/529 1214/562/528
f 1202/563/529 1115/554/520 1122/564/530
f 1240/565/531 1203/560/526 1202/563/529
f 1122/564/530 1115/554/520 1070/566/532
f 1122/564/530 1142/567/533 1202/563/529
f 1257/568/534 1203/560/526 1240/565/531
f 1122/564/530 1070/566/532 1142/567/533
f 1258/569/535 1202/563/529 1142/567/533
f 1312/570/536 1257/568/534 1240/565/531
f 1070/566/532 991/571/537 1142/567/533
f 1312/570/536 1317/572/538 1257/568/534
f 1240/565/531 1272/573/539 1312/570/536
f 1317/572/538 1312/570/536 1355/574/540
f 1317/572/538 1355/574/540 1389/575/541
f 1389/575/541 1355/574/540 1388/576/542
f 1499/577/543 1317/572/538 1389/575/541
f 1388/576/542 1454/578/544 1389/575/541
f 1499/577/543 1455/579/545 1317/572/538
f 1499/577/543 1389/575/541 1454/578/544
f 1454/578/544 1388/576/542 1484/580/546
f 1380/581/547 1317/572/538 1455/579/545
f 1455/579/545 1499/577/543 1482/582/548
f 1499/577/543 1454/578/544 1480/583/549
f 1484/580/546 1388/576/542 1456/584/550
f 1484/580/546 1480/583/549 1454/578/544
f 1482/582/548 1380/581/547 1455/579/545
f 1480/583/549 1482/582/548 1499/577/543
f 1484/580/546 1456/584/550 1572/585/551
f 1538/586/552 1480/583/549 1484/580/546
f 1572/585/551 1538/586/552 1484/580/546
f 1616/587/553 1538/586/552 1572/585/551
f 1616/587/553 1572/585/551 1629/588/554
f 1662/589/555 1616/587/553 1629/588/554
f 1662/589/555 1683/590/556 1616/587/553
f 1629/588/554 1691/591/557 1662/589/555
f 1683/590/556 1557/592/558 1616/587/553
f 1683/590/556 1662/589/555 1708/593/559
f 1708/593/559 1662/589/555 1691/591/557
f 1683/590/556 1720/594/560 1557/592/558
f 1708/593/559 1720/594/560 1683/590/556
f 1708/593/559 1691/591/557 1727/595/561
f 1719/596/562 1557/592/558 1720/594/560
f 1708/593/559 1784/597/563 1720/594/560
f 1784/597/563 1708/593/559 1727/595/561
f 1719/596/562 1720/594/560 1784/597/563
f 1340/598/564 1273/599/565 1269/600/566
f 953/601/16 1022/602/567 913/603/568
f 1021/604/569 1022/602/567 953/601/16
f 953/601/16 1010/605/570 1021/604/569
f 953/601/16 1008/606/21 1010/605/570
f 1010/605/570 1008/606/21 1064/607/571
f 1064/607/571 1008/606/21 1086/608/572
f 1150/609/573 1010/605/570 1064/607/571
f 936/610/22 1086/608/572 1008/606/21
f 1143/611/574 1064/607/571 1086/608/572
f 1061/612/575 1010/605/570 1150/609/573
f 1150/609/573 1064/607/571 1143/611/574
f 936/610/22 1006/613/28 1086/608/572
f 1097/614/576 1143/611/574 1086/608/572
f 1150/609/573 1180/615/577 1061/612/575
f 1150/609/573 1143/611/574 1176/616/578
f 1086/608/572 1006/613/28 1097/614/576
f 1097/614/576 1069/617/37 1143/611/574
f 1108/618/579 1061/612/575 1180/615/577
f 1190/619/580 1180/615/577 1150/609/573
f 1260/620/581 1176/616/578 1143/611/574
f 1176/616/578 1190/619/580 1150/609/573
f 1069/617/37 1097/614/576 1006/613/28
f 1180/615/577 1193/621/582 1108/618/579
f 1190/619/580 1193/621/582 1180/615/577
f 1260/620/581 1190/619/580 1176/616/578
f 1260/620/581 1143/611/574 1341/622/583
f 1174/623/584 1108/618/579 1193/621/582
f 1261/624/585 1193/621/582 1190/619/580
f 1190/619/580 1260/620/581 1343/625/586
f 1341/622/583 1343/625/586 1260/620/581
f 1237/626/587 1174/623/584 1193/621/582
f 1326/627/588 1193/621/582 1261/624/585
f 1485/628/589 1343/625/586 1341/622/583
f 1291/629/590 1237/626/587 1193/621/582
f 1291/629/590 1193/621/582 1326/627/588
f 1291/629/590 1326/627/588 1327/630/591
f 1327/630/591 1326/627/588 1391/631/592
f 1411/632/593 1391/631/592 1326/627/588
f 1327/630/591 1391/631/592 1379/633/594
f 1382/634/595 1411/632/593 1326/627/588
f 1411/632/593 1502/635/596 1391/631/592
f 1486/636/597 1379/633/594 1391/631/592
f 1382/634/595 1502/635/596 1411/632/593
f 1502/635/596 1553/637/598 1391/631/592
f 1486/636/597 1391/631/592 1553/637/598
f 1502/635/596 1382/634/595 1409/638/599
f 1502/635/596 1632/639/600 1553/637/598
f 1486/636/597 1553/637/598 1632/639/600
f 1632/639/600 1502/635/596 1618/640/601
f 1701/641/602 1486/636/597 1632/639/600
f 1632/639/600 1618/640/601 1667/642/603
f 1701/641/602 1632/639/600 1667/642/603
f 1618/640/601 1666/643/604 1667/642/603
f 2207/644/605 2168/645/606 2258/646/607
f 2282/647/608 2207/644/605 2258/646/607
f 2241/648/609 2282/647/608 2258/646/607
f 2207/644/605 2282/647/608 2261/649/610
f 2282/647/608 2241/648/609 2286/650/611
f 2263/651/612 2261/649/610 2282/647/608
f 2286/650/611 2244/652/613 2282/647/608
f 2241/648/609 2265/653/614 2286/650/611
f 2277/654/615 2263/651/612 2282/647/608
f 2282/647/608 2244/652/613 2277/654/615
f 2286/650/611 2265/653/614 2244/652/613
f 2250/655/616 2277/654/615 2244/652/613
f 2265/653/614 2242/656/617 2244/652/613
f 2156/657/618 2250/655/616 2244/652/613
f 2250/655/616 2233/658/619 2277/654/615
f 2244/652/613 2242/656/617 2208/659/620
f 2242/656/617 2265/653/614 2285/660/621
f 2153/661/622 2250/655/616 2156/657/618
f 2156/657/618 2244/652/613 2208/659/620
f 2154/662/623 2233/658/619 2250/655/616
f 2242/656/617 2151/663/624 2208/659/620
f 2254/664/625 2242/656/617 2285/660/621
f 2151/663/624 2153/661/622 2156/657/618
f 2153/661/622 2154/662/623 2250/655/616
f 2208/659/620 2151/663/624 2156/657/618
f 2233/658/619 2154/662/623 2113/665/626
f 2151/663/624 2242/656/617 2064/666/627
f 2254/664/625 2064/666/627 2242/656/617
f 2294/667/628 2254/664/625 2285/660/621
f 1924/668/629 2153/661/622 2151/663/624
f 2064/666/627 2031/669/630 2151/663/624
f 2064/666/627 2254/664/625 2190/670/631
f 2254/664/625 2294/667/628 2266/671/632
f 1924/668/629 2151/663/624 1962/672/633
f 2153/661/622 1924/668/629 2022/673/634
f 2031/669/630 1989/674/635 2151/663/624
f 2004/675/636 2031/669/630 2064/666/627
f 2171/676/637 2064/666/627 2190/670/631
f 2254/664/625 2235/677/638 2190/670/631
f 2266/671/632 2294/667/628 2305/678/639
f 2254/664/625 2266/671/632 2267/679/640
f 1962/672/633 2151/663/624 1989/674/635
f 2022/673/634 1924/668/629 1940/680/641
f 2004/675/636 1989/674/635 2031/669/630
f 2051/681/642 2004/675/636 2064/666/627
f 2051/681/642 2064/666/627 2171/676/637
f 2235/677/638 2171/676/637 2190/670/631
f 2235/677/638 2254/664/625 2267/679/640
f 2266/671/632 2305/678/639 2318/682/643
f 2266/671/632 2318/682/643 2267/679/640
f 1963/683/644 1962/672/633 1989/674/635
f 1961/684/645 2022/673/634 1940/680/641
f 1942/685/646 1989/674/635 2004/675/636
f 2051/681/642 1971/686/647 2004/675/636
f 2118/687/648 2051/681/642 2171/676/637
f 2235/677/638 2118/687/648 2171/676/637
f 2118/687/648 2235/677/638 2267/679/640
f 2279/688/649 2267/679/640 2318/682/643
f 1989/674/635 1942/685/646 1963/683/644
f 1963/683/644 1879/689/650 1962/672/633
f 1961/684/645 2113/665/626 2022/673/634
f 1903/690/651 1961/684/645 1940/680/641
f 1971/686/647 1942/685/646 2004/675/636
f 1993/691/652 1971/686/647 2051/681/642
f 2033/692/653 2051/681/642 2118/687/648
f 2267/679/640 2117/693/654 2118/687/648
f 2243/694/655 2267/679/640 2279/688/649
f 2050/695/656 2113/665/626 1961/684/645
f 1961/684/645 1903/690/651 1943/696/657
f 1995/697/658 1993/691/652 2051/681/642
f 1949/698/659 1971/686/647 1993/691/652
f 1995/697/658 2051/681/642 2033/692/653
f 2118/687/648 2117/693/654 2033/692/653
f 2267/679/640 2243/694/655 2117/693/654
f 2264/699/660 2243/694/655 2279/688/649
f 1961/684/645 1943/696/657 2050/695/656
f 1993/691/652 1995/697/658 1952/700/661
f 1949/698/659 1993/691/652 1952/700/661
f 2023/701/662 1995/697/658 2033/692/653
f 2023/701/662 2033/692/653 2117/693/654
f 2243/694/655 2264/699/660 2117/693/654
f 2279/688/649 2321/702/381 2264/699/660
f 1954/703/663 1952/700/661 1995/697/658
f 2014/704/664 1995/697/658 2023/701/662
f 2023/701/662 2117/693/654 2079/705/665
f 2264/699/660 2177/706/666 2117/693/654
f 2321/702/381 2268/707/667 2264/699/660
f 1995/697/658 2014/704/664 1954/703/663
f 2014/704/664 2023/701/662 2079/705/665
f 2177/706/666 2079/705/665 2117/693/654
f 2160/708/668 2177/706/666 2264/699/660
f 2268/707/667 2321/702/381 2315/709/372
f 2264/699/660 2268/707/667 2247/710/669
f 2177/706/666 2108/711/670 2079/705/665
f 2172/712/671 2177/706/666 2160/708/668
f 2160/708/668 2264/699/660 2247/710/669
f 2268/707/667 2315/709/372 2289/713/672
f 2247/710/669 2268/707/667 2281/714/673
f 2108/711/670 2177/706/666 2172/712/671
f 2079/705/665 2108/711/670 2025/715/674
f 2247/710/669 2172/712/671 2160/708/668
f 2312/716/378 2289/713/672 2315/709/372
f 2281/714/673 2268/707/667 2289/713/672
f 2281/714/673 2172/712/671 2247/710/669
f 2172/712/671 2080/717/675 2108/711/670
f 2080/717/675 2025/715/674 2108/711/670
f 2272/718/676 2289/713/672 2312/716/378
f 2289/713/672 2272/718/676 2281/714/673
f 2239/719/677 2172/712/671 2281/714/673
f 2080/717/675 2172/712/671 2109/720/678
f 1998/721/679 2025/715/674 2080/717/675
f 2272/718/676 2312/716/378 2296/722/680
f 2272/718/676 2239/719/677 2281/714/673
f 2109/720/678 2172/712/671 2239/719/677
f 2109/720/678 2052/723/681 2080/717/675
f 1998/721/679 2080/717/675 2052/723/681
f 2313/724/682 2296/722/680 2312/716/378
f 2296/722/680 2245/725/683 2272/718/676
f 2272/718/676 2140/726/684 2239/719/677
f 2239/719/677 2140/726/684 2109/720/678
f 2052/723/681 2109/720/678 2140/726/684
f 2053/727/685 1998/721/679 2052/723/681
f 2313/724/682 2312/716/378 2330/728/373
f 2296/722/680 2313/724/682 2299/729/686
f 2299/729/686 2245/725/683 2296/722/680
f 2245/725/683 2140/726/684 2272/718/676
f 2085/730/687 2052/723/681 2140/726/684
f 2007/731/688 1998/721/679 2053/727/685
f 2052/723/681 2085/730/687 2053/727/685
f 2313/724/682 2330/728/373 2328/732/689
f 2328/732/689 2299/729/686 2313/724/682
f 2120/733/690 2245/725/683 2299/729/686
f 2140/726/684 2245/725/683 2120/733/690
f 2120/733/690 2085/730/687 2140/726/684
f 2096/734/691 2007/731/688 2053/727/685
f 2096/734/691 2053/727/685 2085/730/687
f 2328/732/689 2280/735/692 2299/729/686
f 2178/736/693 2120/733/690 2299/729/686
f 2161/737/694 2085/730/687 2120/733/690
f 2096/734/691 2085/730/687 2161/737/694
f 2328/732/689 2297/738/695 2280/735/692
f 2280/735/692 2178/736/693 2299/729/686
f 2161/737/694 2120/733/690 2178/736/693
f 2297/738/695 2328/732/689 2302/739/696
f 2195/740/697 2280/735/692 2297/738/695
f 2195/740/697 2178/736/693 2280/735/692
f 2195/740/697 2161/737/694 2178/736/693
f 2297/738/695 2302/739/696 2246/741/698
f 2195/740/697 2297/738/695 2262/742/699
f 2274/743/700 2246/741/698 2302/739/696
f 2262/742/699 2297/738/695 2246/741/698
f 2195/740/697 2262/742/699 2196/744/701
f 2302/739/696 2320/745/702 2274/743/700
f 2246/741/698 2274/743/700 2284/746/703
f 2283/747/704 2262/742/699 2246/741/698
f 2304/748/705 2274/743/700 2320/745/702
f 2284/746/703 2274/743/700 2304/748/705
f 2284/746/703 2283/747/704 2246/741/698
f 2270/749/706 2262/742/699 2283/747/704
f 2275/750/707 2284/746/703 2304/748/705
f 2283/747/704 2284/746/703 2270/749/706
f 2270/749/706 2273/751/708 2262/742/699
f 2275/750/707 2270/749/706 2284/746/703
f 2273/751/708 2220/752/709 2262/742/699
f 2273/751/708 2270/749/706 2292/753/710
f 2270/749/706 2275/750/707 2292/753/710
f 2236/754/711 2220/752/709 2273/751/708
f 1054/755/712 1022/756/567 1021/757/569
f 1022/756/567 1054/755/712 1042/758/713
f 1054/755/712 1073/759/714 1042/758/713
f 969/760/715 1022/756/567 1042/758/713
f 1075/761/716 1042/758/713 1073/759/714
f 1020/762/717 969/760/715 1042/758/713
f 1075/761/716 1071/763/718 1042/758/713
f 1042/758/713 1030/764/719 1020/762/717
f 975/765/720 969/760/715 1020/762/717
f 1071/763/718 1075/761/716 1127/766/721
f 1071/763/718 1030/764/719 1042/758/713
f 1030/764/719 975/765/720 1020/762/717
f 975/765/720 887/767/722 969/760/715
f 1071/763/718 1127/766/721 1102/768/723
f 1102/768/723 1030/764/719 1071/763/718
f 975/765/720 1030/764/719 977/769/724
f 1127/766/721 1177/770/725 1102/768/723
f 977/769/724 1030/764/719 1102/768/723
f 1177/770/725 1128/771/726 1102/768/723
f 1102/768/723 1041/772/727 977/769/724
f 1128/771/726 1041/772/727 1102/768/723
f 1128/771/726 1177/770/725 1188/773/728
f 1041/772/727 1128/771/726 1116/774/729
f 1278/775/730 1188/773/728 1177/770/725
f 1205/776/731 1128/771/726 1188/773/728
f 1147/777/732 1116/774/729 1128/771/726
f 1188/773/728 1278/775/730 1305/778/733
f 1357/779/734 1278/775/730 1177/770/725
f 1305/778/733 1205/776/731 1188/773/728
f 1147/777/732 1128/771/726 1205/776/731
f 1305/778/733 1278/775/730 1397/780/735
f 1413/781/736 1278/775/730 1357/779/734
f 1265/782/737 1205/776/731 1305/778/733
f 1147/777/732 1205/776/731 1265/782/737
f 1305/778/733 1397/780/735 1346/783/738
f 1413/781/736 1397/780/735 1278/775/730
f 1413/781/736 1357/779/734 1369/784/739
f 1265/782/737 1305/778/733 1346/783/738
f 1200/785/740 1147/777/732 1265/782/737
f 1346/783/738 1397/780/735 1474/786/741
f 1397/780/735 1413/781/736 1394/787/742
f 1369/784/739 1449/788/743 1413/781/736
f 1346/783/738 1306/789/744 1265/782/737
f 1200/785/740 1265/782/737 1290/790/745
f 1474/786/741 1397/780/735 1394/787/742
f 1413/781/736 1474/786/741 1394/787/742
f 1369/784/739 1460/791/746 1449/788/743
f 1474/786/741 1413/781/736 1449/788/743
f 1346/783/738 1348/792/747 1306/789/744
f 1306/789/744 1290/790/745 1265/782/737
f 1460/791/746 1529/793/748 1449/788/743
f 1529/793/748 1474/786/741 1449/788/743
f 1336/794/749 1306/789/744 1348/792/747
f 1306/789/744 1336/794/749 1290/790/745
f 1602/795/750 1529/793/748 1460/791/746
f 1474/786/741 1529/793/748 1552/796/751
f 1336/794/749 1348/792/747 1372/797/752
f 1331/798/753 1290/790/745 1336/794/749
f 1552/796/751 1529/793/748 1602/795/750
f 1602/795/750 1460/791/746 1598/799/754
f 1515/800/755 1474/786/741 1552/796/751
f 1336/794/749 1372/797/752 1385/801/756
f 1385/801/756 1331/798/753 1336/794/749
f 1551/802/757 1552/796/751 1602/795/750
f 1602/795/750 1598/799/754 1722/803/758
f 1551/802/757 1515/800/755 1552/796/751
f 1400/804/759 1331/798/753 1385/801/756
f 1668/805/760 1551/802/757 1602/795/750
f 1722/803/758 1598/799/754 1637/806/761
f 1602/795/750 1722/803/758 1668/805/760
f 1515/800/755 1551/802/757 1599/807/762
f 1416/808/763 1331/798/753 1400/804/759
f 1426/809/764 1400/804/759 1385/801/756
f 1722/803/758 1637/806/761 1701/810/602
f 1722/803/758 1723/811/765 1668/805/760
f 1613/812/766 1599/807/762 1551/802/757
f 1400/804/759 1426/809/764 1416/808/763
f 1425/813/767 1426/809/764 1385/801/756
f 1701/810/602 1844/814/768 1722/803/758
f 1723/811/765 1722/803/758 1806/815/769
f 1806/815/769 1668/805/760 1723/811/765
f 1620/816/770 1613/812/766 1551/802/757
f 1613/812/766 1564/817/771 1599/807/762
f 1426/809/764 1437/818/772 1416/808/763
f 1437/818/772 1426/809/764 1425/813/767
f 1436/819/773 1425/813/767 1385/801/756
f 1722/803/758 1844/814/768 1774/820/774
f 1806/815/769 1722/803/758 1774/820/774
f 1564/817/771 1544/821/775 1599/807/762
f 1448/822/776 1437/818/772 1425/813/767
f 1448/822/776 1425/813/767 1436/819/773
f 1844/814/768 1857/823/777 1774/820/774
f 1806/815/769 1774/820/774 1857/823/777
f 1437/818/772 1448/822/776 1465/824/778
f 1528/825/779 1465/824/778 1448/822/776
f 214/826/780 306/827/781 192/828/782
f 329/829/783 306/827/781 214/826/780
f 306/827/781 312/830/784 192/828/782
f 312/830/784 306/827/781 329/829/783
f 329/829/783 214/826/780 244/831/785
f 192/828/782 312/830/784 287/832/786
f 312/830/784 329/829/783 428/833/787
f 329/829/783 244/831/785 289/834/788
f 428/833/787 287/832/786 312/830/784
f 329/829/783 445/835/789 428/833/787
f 289/834/788 244/831/785 227/836/790
f 445/835/789 329/829/783 289/834/788
f 516/837/791 287/832/786 428/833/787
f 445/835/789 516/837/791 428/833/787
f 289/834/788 227/836/790 290/838/792
f 227/836/790 244/831/785 205/839/793
f 445/835/789 289/834/788 447/840/794
f 287/832/786 516/837/791 325/841/795
f 541/842/796 516/837/791 445/835/789
f 290/838/792 227/836/790 307/843/797
f 393/844/798 289/834/788 290/838/792
f 194/845/799 205/839/793 244/831/785
f 447/840/794 289/834/788 393/844/798
f 445/835/789 447/840/794 541/842/796
f 325/841/795 302/846/800 287/832/786
f 516/837/791 538/847/801 325/841/795
f 516/837/791 541/842/796 625/848/802
f 307/843/797 288/849/803 290/838/792
f 288/849/803 307/843/797 227/836/790
f 393/844/798 290/838/792 461/850/804
f 244/831/785 129/851/805 194/845/799
f 461/850/804 447/840/794 393/844/798
f 541/842/796 447/840/794 569/852/806
f 302/846/800 325/841/795 418/853/807
f 287/832/786 302/846/800 263/854/808
f 596/855/809 538/847/801 516/837/791
f 325/841/795 538/847/801 418/853/807
f 586/856/810 516/837/791 625/848/802
f 625/848/802 541/842/796 569/852/806
f 288/849/803 461/850/804 290/838/792
f 95/857/811 194/845/799 129/851/805
f 447/840/794 461/850/804 478/858/812
f 447/840/794 478/858/812 569/852/806
f 586/856/810 596/855/809 516/837/791
f 520/859/813 418/853/807 538/847/801
f 625/848/802 645/860/814 586/856/810
f 569/852/806 638/861/815 625/848/802
f 461/850/804 288/849/803 478/858/812
f 194/845/799 95/857/811 196/862/816
f 95/857/811 129/851/805 49/863/817
f 478/858/812 583/864/818 569/852/806
f 645/860/814 596/855/809 586/856/810
f 525/865/819 418/853/807 520/859/813
f 538/847/801 581/866/820 520/859/813
f 569/852/806 583/864/818 638/861/815
f 95/857/811 181/867/821 196/862/816
f 61/868/822 95/857/811 49/863/817
f 520/859/813 567/869/823 525/865/819
f 581/866/820 567/869/823 520/859/813
f 604/870/824 638/861/815 583/864/818
f 95/857/811 73/871/825 181/867/821
f 196/862/816 181/867/821 220/872/826
f 61/868/822 49/863/817 44/873/827
f 73/871/825 95/857/811 61/868/822
f 567/869/823 584/874/828 525/865/819
f 581/866/820 584/874/828 567/869/823
f 604/870/824 583/864/818 568/875/829
f 117/876/830 181/867/821 73/871/825
f 181/867/821 117/876/830 220/872/826
f 49/863/817 22/877/831 44/873/827
f 61/868/822 44/873/827 73/871/825
f 562/878/832 525/865/819 584/874/828
f 584/874/828 581/866/820 619/879/833
f 568/875/829 583/864/818 539/880/834
f 604/870/824 568/875/829 587/881/835
f 73/871/825 119/882/836 117/876/830
f 220/872/826 117/876/830 224/883/837
f 22/877/831 12/884/838 44/873/827
f 73/871/825 44/873/827 57/885/839
f 525/865/819 562/878/832 477/886/840
f 562/878/832 584/874/828 633/887/841
f 619/879/833 633/887/841 584/874/828
f 568/875/829 539/880/834 542/888/842
f 575/889/843 539/880/834 583/864/818
f 604/870/824 587/881/835 732/890/844
f 568/875/829 542/888/842 587/881/835
f 257/891/845 117/876/830 119/882/836
f 73/871/825 57/885/839 119/882/836
f 117/876/830 257/891/845 224/883/837
f 44/873/827 12/884/838 34/892/846
f 57/885/839 44/873/827 34/892/846
f 477/886/840 562/878/832 582/893/847
f 477/886/840 453/894/848 525/865/819
f 580/895/849 562/878/832 633/887/841
f 732/890/844 587/881/835 590/896/850
f 590/896/850 587/881/835 542/888/842
f 57/885/839 34/892/846 91/897/851
f 582/893/847 526/898/852 477/886/840
f 582/893/847 562/878/832 580/895/849
f 402/899/853 453/894/848 477/886/840
f 732/890/844 590/896/850 667/900/854
f 590/896/850 542/888/842 593/901/855
f 477/886/840 526/898/852 417/902/856
f 322/903/857 402/899/853 477/886/840
f 590/896/850 593/901/855 667/900/854
f 593/901/855 542/888/842 530/904/858
f 477/886/840 417/902/856 322/903/857
f 417/902/856 526/898/852 414/905/859
f 593/901/855 613/906/860 667/900/854
f 593/901/855 530/904/858 441/907/861
f 417/902/856 300/908/862 322/903/857
f 613/906/860 593/901/855 481/909/863
f 481/909/863 593/901/855 441/907/861
f 489/910/864 613/906/860 481/909/863
f 603/911/865 613/906/860 489/910/864
f 1197/912/866 1081/913/867 1236/914/868
f 1081/913/867 1098/915/869 1236/914/868
f 1236/914/868 1364/916/870 1197/912/866
f 1236/914/868 1098/915/869 1579/917/871
f 1364/916/870 1224/918/872 1197/912/866
f 1354/919/873 1364/916/870 1236/914/868
f 1579/917/871 1354/919/873 1236/914/868
f 1364/916/870 1284/920/874 1224/918/872
f 1579/917/871 1539/921/875 1354/919/873
f 1536/922/876 1354/919/873 1539/921/875
f 1536/922/876 1539/921/875 1561/923/877
f 1561/923/877 1539/921/875 1661/924/878
f 1536/922/876 1561/923/877 1630/925/879
f 1561/923/877 1661/924/878 1706/926/880
f 1630/925/879 1561/923/877 1706/926/880
f 1630/925/879 1764/927/881 1536/922/876
f 1706/926/880 1661/924/878 1718/928/882
f 1608/929/883 1536/922/876 1764/927/881
f 1706/926/880 1718/928/882 1826/930/884
f 1804/931/885 1608/929/883 1764/927/881
f 1764/927/881 1706/926/880 1826/930/884
f 1826/930/884 1718/928/882 1801/932/886
f 1688/933/887 1608/929/883 1804/931/885
f 1804/931/885 1764/927/881 1838/934/888
f 1826/930/884 1801/932/886 1972/935/889
f 1628/936/890 1608/929/883 1688/933/887
f 1804/931/885 1746/937/891 1688/933/887
f 1804/931/885 1838/934/888 1928/938/892
f 1969/939/893 1826/930/884 1972/935/889
f 1687/940/894 1628/936/890 1688/933/887
f 1804/931/885 1792/941/895 1746/937/891
f 1687/940/894 1688/933/887 1746/937/891
f 1792/941/895 1804/931/885 1928/938/892
f 1969/939/893 1972/935/889 2038/942/896
f 1976/943/897 1826/930/884 1969/939/893
f 1778/944/898 1746/937/891 1792/941/895
f 1746/937/891 1778/944/898 1687/940/894
f 1976/943/897 1969/939/893 2038/942/896
f 533/945/899 365/946/900 388/947/901
f 460/948/902 365/946/900 533/945/899
f 229/949/903 388/947/901 365/946/900
f 388/947/901 482/950/904 533/945/899
f 641/951/905 460/948/902 533/945/899
f 229/949/903 365/946/900 460/948/902
f 229/949/903 274/952/906 388/947/901
f 388/947/901 274/952/906 482/950/904
f 460/948/902 641/951/905 502/953/907
f 641/951/905 533/945/899 692/954/908
f 460/948/902 280/955/909 229/949/903
f 330/956/910 482/950/904 274/952/906
f 502/953/907 641/951/905 637/957/911
f 502/953/907 280/955/909 460/948/902
f 641/951/905 692/954/908 762/958/912
f 229/949/903 280/955/909 173/959/913
f 637/957/911 641/951/905 666/960/914
f 531/961/915 502/953/907 637/957/911
f 379/962/916 280/955/909 502/953/907
f 762/958/912 692/954/908 748/963/917
f 762/958/912 666/960/914 641/951/905
f 173/959/913 280/955/909 273/964/918
f 664/965/919 637/957/911 666/960/914
f 639/966/920 531/961/915 637/957/911
f 531/961/915 443/967/921 502/953/907
f 379/962/916 273/964/918 280/955/909
f 443/967/921 379/962/916 502/953/907
f 692/954/908 828/968/922 748/963/917
f 748/963/917 839/969/923 762/958/912
f 762/958/912 664/965/919 666/960/914
f 639/966/920 637/957/911 664/965/919
f 639/966/920 558/970/924 531/961/915
f 443/967/921 531/961/915 448/971/925
f 311/972/926 273/964/918 379/962/916
f 379/962/916 443/967/921 311/972/926
f 825/973/927 762/958/912 839/969/923
f 639/966/920 664/965/919 711/974/928
f 711/974/928 558/970/924 639/966/920
f 448/971/925 531/961/915 558/970/924
f 448/971/925 311/972/926 443/967/921
f 711/974/928 762/958/912 825/973/927
f 741/975/929 558/970/924 711/974/928
f 448/971/925 558/970/924 426/976/930
f 408/977/931 311/972/926 448/971/925
f 711/974/928 825/973/927 796/978/932
f 741/975/929 711/974/928 796/978/932
f 624/979/933 558/970/924 741/975/929
f 426/976/930 558/970/924 486/980/934
f 426/976/930 408/977/931 448/971/925
f 761/981/935 741/975/929 796/978/932
f 761/981/935 624/979/933 741/975/929
f 396/982/936 426/976/930 486/980/934
f 408/977/931 426/976/930 396/982/936
f 458/983/937 262/984/938 343/985/939
f 387/986/940 262/984/938 458/983/937
f 262/984/938 179/987/941 343/985/939
f 387/986/940 458/983/937 529/988/61
f 387/986/940 339/989/942 262/984/938
f 339/989/942 179/987/941 262/984/938
f 561/990/943 529/988/61 458/983/937
f 374/991/944 387/986/940 529/988/61
f 339/989/942 387/986/940 374/991/944
f 339/989/942 163/992/945 179/987/941
f 529/988/61 561/990/943 643/993/946
f 163/992/945 339/989/942 374/991/944
f 179/987/941 163/992/945 32/994/947
f 561/990/943 754/995/467 643/993/946
f 643/993/946 655/996/51 529/988/61
f 561/990/943 631/997/948 754/995/467
f 811/998/57 643/993/946 754/995/467
f 643/993/946 811/998/57 655/996/51
f 631/997/948 784/999/949 754/995/467
f 780/1000/464 754/995/467 784/999/949
f 357/1001/950 255/1002/951 340/1003/952
f 255/1002/951 385/1004/953 340/1003/952
f 355/1005/954 357/1001/950 340/1003/952
f 355/1005/954 340/1003/952 385/1004/953
f 435/1006/955 355/1005/954 385/1004/953
f 1320/1007/956 1264/1008/278 1350/1009/298
f 1226/1010/957 1264/1008/278 1320/1007/956
f 1350/1009/298 1381/1011/958 1320/1007/956
f 1218/1012/299 1264/1008/278 1226/1010/957
f 1381/1011/958 1226/1010/957 1320/1007/956
f 1427/1013/311 1381/1011/958 1350/1009/298
f 1250/1014/959 1218/1012/299 1226/1010/957
f 1250/1014/959 1226/1010/957 1381/1011/958
f 1423/1015/960 1381/1011/958 1427/1013/311
f 1381/1011/958 1386/1016/961 1250/1014/959
f 1458/1017/962 1381/1011/958 1423/1015/960
f 1587/1018/322 1423/1015/960 1427/1013/311
f 1458/1017/962 1386/1016/961 1381/1011/958
f 1308/1019/963 1250/1014/959 1386/1016/961
f 1458/1017/962 1423/1015/960 1490/1020/964
f 1519/1021/965 1423/1015/960 1587/1018/322
f 1458/1017/962 1374/1022/966 1386/1016/961
f 1374/1022/966 1308/1019/963 1386/1016/961
f 1519/1021/965 1490/1020/964 1423/1015/960
f 1458/1017/962 1490/1020/964 1588/1023/967
f 1704/1024/968 1519/1021/965 1587/1018/322
f 1374/1022/966 1458/1017/962 1487/1025/969
f 1588/1023/967 1490/1020/964 1519/1021/965
f 1504/1026/970 1458/1017/962 1588/1023/967
f 1519/1021/965 1704/1024/968 1588/1023/967
f 1504/1026/970 1487/1025/969 1458/1017/962
f 1588/1023/967 1487/1025/969 1504/1026/970
f 1704/1024/968 1584/1027/971 1588/1023/967
f 1588/1023/967 1584/1027/971 1487/1025/969
f 1704/1024/968 1702/1028/972 1584/1027/971
f 1692/1029/973 1584/1027/971 1702/1028/972
f 1704/1024/968 1757/1030/974 1702/1028/972
f 1692/1029/973 1640/1031/975 1584/1027/971
f 1692/1029/973 1702/1028/972 1867/1032/976
f 1704/1024/968 1839/1033/977 1757/1030/974
f 1867/1032/976 1702/1028/972 1757/1030/974
f 1741/1034/978 1640/1031/975 1692/1029/973
f 1692/1029/973 1867/1032/976 1836/1035/979
f 1867/1032/976 1757/1030/974 1839/1033/977
f 1741/1034/978 1692/1029/973 1836/1035/979
f 1867/1032/976 1921/1036/980 1836/1035/979
f 2001/1037/981 1867/1032/976 1839/1033/977
f 1741/1034/978 1836/1035/979 1921/1036/980
f 2008/1038/982 1921/1036/980 1867/1032/976
f 2008/1038/982 1867/1032/976 2001/1037/981
f 2008/1038/982 2032/1039/983 1921/1036/980
f 2132/1040/984 2008/1038/982 2001/1037/981
f 2092/1041/985 2032/1039/983 2008/1038/982
f 1986/1042/986 1921/1036/980 2032/1039/983
f 2001/1037/981 2034/1043/987 2132/1040/984
f 2092/1041/985 2008/1038/982 2132/1040/984
f 2159/1044/988 2032/1039/983 2092/1041/985
f 2024/1045/989 1986/1042/986 2032/1039/983
f 2092/1041/985 2132/1040/984 2212/1046/990
f 2159/1044/988 2170/1047/991 2032/1039/983
f 2209/1048/992 2159/1044/988 2092/1041/985
f 2024/1045/989 2032/1039/983 2170/1047/991
f 2024/1045/989 1977/1049/993 1986/1042/986
f 2209/1048/992 2092/1041/985 2212/1046/990
f 2159/1044/988 2241/1050/609 2170/1047/991
f 2159/1044/988 2209/1048/992 2241/1050/609
f 2024/1045/989 2170/1047/991 2168/1051/606
f 2035/1052/994 1977/1049/993 2024/1045/989
f 2209/1048/992 2212/1046/990 2241/1050/609
f 2241/1050/609 2168/1051/606 2170/1047/991
f 2024/1045/989 2168/1051/606 2119/1053/995
f 2035/1052/994 2024/1045/989 2069/1054/996
f 2105/1055/997 1977/1049/993 2035/1052/994
f 2168/1051/606 2241/1050/609 2258/1056/607
f 2207/1057/605 2119/1053/995 2168/1051/606
f 2024/1045/989 2119/1053/995 2069/1054/996
f 2105/1055/997 2035/1052/994 2069/1054/996
f 2119/1053/995 2207/1057/605 2105/1055/997
f 2105/1055/997 2069/1054/996 2119/1053/995
f 74/1058/435 18/1059/998 4/1060/436
f 30/1061/433 18/1059/998 74/1058/435
f 3/1062/999 4/1060/436 18/1059/998
f 30/1061/433 19/1063/1000 18/1059/998
f 3/1062/999 18/1059/998 19/1063/1000
f 30/1061/433 22/1064/831 19/1063/1000
f 22/1064/831 30/1061/433 26/1065/1001
f 22/1064/831 26/1065/1001 12/1066/838
f 14/1067/432 26/1065/1001 30/1061/433
f 12/1066/838 26/1065/1001 10/1068/1002
f 55/1069/427 26/1065/1001 14/1067/432
f 55/1069/427 10/1068/1002 26/1065/1001
f 12/1066/838 10/1068/1002 42/1070/1003
f 55/1069/427 48/1071/429 10/1068/1002
f 42/1070/1003 10/1068/1002 48/1071/429
f 55/1069/427 36/1072/426 48/1071/429
f 42/1070/1003 48/1071/429 51/1073/1004
f 51/1073/1004 48/1071/429 62/1074/425
f 42/1070/1003 51/1073/1004 50/1075/1005
f 46/1076/1006 50/1075/1005 51/1073/1004
f 1043/1077/1007 993/1078/1008 935/1079/1009
f 993/1078/1008 909/1080/1010 935/1079/1009
f 1043/1077/1007 935/1079/1009 985/1081/1011
f 935/1079/1009 909/1080/1010 912/1082/1012
f 935/1079/1009 884/1083/1013 985/1081/1011
f 912/1082/1012 883/1084/1014 935/1079/1009
f 884/1083/1013 935/1079/1009 883/1084/1014
f 883/1084/1014 912/1082/1012 858/1085/1015
f 883/1084/1014 858/1085/1015 884/1083/1013
f 912/1082/1012 827/1086/1016 858/1085/1015
f 884/1083/1013 858/1085/1015 853/1087/1017
f 912/1082/1012 823/1088/1018 827/1086/1016
f 803/1089/1019 858/1085/1015 827/1086/1016
f 858/1085/1015 803/1089/1019 853/1087/1017
f 827/1086/1016 823/1088/1018 781/1090/1020
f 827/1086/1016 760/1091/1021 803/1089/1019
f 853/1087/1017 803/1089/1019 805/1092/1022
f 760/1091/1021 827/1086/1016 781/1090/1020
f 805/1092/1022 803/1089/1019 760/1091/1021
f 755/1093/1023 805/1092/1022 760/1091/1021
f 805/1092/1022 755/1093/1023 815/1094/1024
f 760/1091/1021 731/1095/1025 755/1093/1023
f 795/1096/1026 815/1094/1024 755/1093/1023
f 795/1096/1026 755/1093/1023 677/1097/1027
f 916/1098/1028 815/1094/1024 795/1096/1026
f 677/1097/1027 816/1099/245 795/1096/1026
f 916/1098/1028 795/1096/1026 816/1099/245
f 815/1094/1024 916/1098/1028 893/1100/1029
f 816/1099/245 894/1101/257 916/1098/1028
f 923/1102/1030 893/1100/1029 916/1098/1028
f 970/1103/1031 916/1098/1028 894/1101/257
f 923/1102/1030 1009/1104/1032 893/1100/1029
f 916/1098/1028 970/1103/1031 923/1102/1030
f 894/1101/257 962/1105/279 970/1103/1031
f 923/1102/1030 1023/1106/1033 1009/1104/1032
f 1023/1106/1033 923/1102/1030 970/1103/1031
f 1019/1107/1034 970/1103/1031 962/1105/279
f 1009/1104/1032 1023/1106/1033 1088/1108/1035
f 1023/1106/1033 970/1103/1031 1019/1107/1034
f 1019/1107/1034 962/1105/279 1050/1109/256
f 1044/1110/1036 1009/1104/1032 1088/1108/1035
f 1077/1111/1037 1088/1108/1035 1023/1106/1033
f 1023/1106/1033 1019/1107/1034 1077/1111/1037
f 1077/1111/1037 1019/1107/1034 1050/1109/256
f 1088/1108/1035 1072/1112/1038 1044/1110/1036
f 1088/1108/1035 1077/1111/1037 1198/1113/1039
f 1136/1114/1040 1077/1111/1037 1050/1109/256
f 1044/1110/1036 1072/1112/1038 1135/1115/1041
f 1198/1113/1039 1072/1112/1038 1088/1108/1035
f 1198/1113/1039 1077/1111/1037 1136/1114/1040
f 1136/1114/1040 1050/1109/256 1218/1116/299
f 1198/1113/1039 1135/1115/1041 1072/1112/1038
f 1167/1117/1042 1198/1113/1039 1136/1114/1040
f 1218/1116/299 1167/1117/1042 1136/1114/1040
f 1198/1113/1039 1163/1118/1043 1135/1115/1041
f 1250/1119/959 1198/1113/1039 1167/1117/1042
f 1250/1119/959 1167/1117/1042 1218/1116/299
f 1227/1120/1044 1163/1118/1043 1198/1113/1039
f 1308/1121/963 1198/1113/1039 1250/1119/959
f 1308/1121/963 1227/1120/1044 1198/1113/1039
f 1217/1122/1045 1163/1118/1043 1227/1120/1044
f 1374/1123/966 1227/1120/1044 1308/1121/963
f 1227/1120/1044 1288/1124/1046 1217/1122/1045
f 1374/1123/966 1288/1124/1046 1227/1120/1044
f 623/1125/1047 439/1126/403 657/1127/400
f 482/1128/904 439/1126/403 623/1125/1047
f 689/1129/1048 623/1125/1047 657/1127/400
f 595/1130/1049 482/1128/904 623/1125/1047
f 691/1131/397 689/1129/1048 657/1127/400
f 623/1125/1047 689/1129/1048 595/1130/1049
f 543/1132/1050 482/1128/904 595/1130/1049
f 689/1129/1048 691/1131/397 744/1133/402
f 689/1129/1048 636/1134/1051 595/1130/1049
f 636/1134/1051 543/1132/1050 595/1130/1049
f 689/1129/1048 744/1133/402 759/1135/1052
f 636/1134/1051 689/1129/1048 709/1136/1053
f 759/1135/1052 744/1133/402 794/1137/1054
f 759/1135/1052 709/1136/1053 689/1129/1048
f 826/1138/1055 794/1137/1054 744/1133/402
f 836/1139/1056 794/1137/1054 826/1138/1055
f 742/1140/399 826/1138/1055 744/1133/402
f 826/1138/1055 892/1141/1057 836/1139/1056
f 742/1140/399 663/1142/396 826/1138/1055
f 826/1138/1055 837/1143/1058 892/1141/1057
f 946/1144/1059 836/1139/1056 892/1141/1057
f 663/1142/396 804/1145/1060 826/1138/1055
f 837/1143/1058 835/1146/1061 892/1141/1057
f 826/1138/1055 804/1145/1060 837/1143/1058
f 836/1139/1056 946/1144/1059 988/1147/1062
f 938/1148/1063 946/1144/1059 892/1141/1057
f 892/1141/1057 835/1146/1061 938/1148/1063
f 837/1143/1058 804/1145/1060 835/1146/1061
f 988/1147/1062 946/1144/1059 1041/1149/727
f 946/1144/1059 938/1148/1063 977/1150/724
f 898/1151/1064 938/1148/1063 835/1146/1061
f 835/1146/1061 804/1145/1060 878/1152/1065
f 1041/1149/727 1012/1153/1066 988/1147/1062
f 977/1150/724 1041/1149/727 946/1144/1059
f 938/1148/1063 975/1154/720 977/1150/724
f 898/1151/1064 975/1154/720 938/1148/1063
f 878/1152/1065 898/1151/1064 835/1146/1061
f 1063/1155/1067 1012/1153/1066 1041/1149/727
f 988/1147/1062 1012/1153/1066 978/1156/1068
f 975/1154/720 898/1151/1064 887/1157/722
f 898/1151/1064 878/1152/1065 887/1157/722
f 1012/1153/1066 1063/1155/1067 978/1156/1068
f 345/1158/1069 207/1159/1070 416/1160/1071
f 345/1158/1069 230/1161/1072 207/1159/1070
f 207/1159/1070 263/1162/808 416/1160/1071
f 453/1163/848 345/1158/1069 416/1160/1071
f 276/1164/1073 230/1161/1072 345/1158/1069
f 230/1161/1072 176/1165/1074 207/1159/1070
f 263/1162/808 207/1159/1070 195/1166/1075
f 416/1160/1071 263/1162/808 359/1167/1076
f 402/1168/853 345/1158/1069 453/1163/848
f 453/1163/848 416/1160/1071 525/1169/819
f 276/1164/1073 345/1158/1069 241/1170/1077
f 276/1164/1073 176/1165/1074 230/1161/1072
f 207/1159/1070 176/1165/1074 152/1171/1078
f 287/1172/786 263/1162/808 195/1166/1075
f 195/1166/1075 207/1159/1070 152/1171/1078
f 359/1167/1076 263/1162/808 302/1173/800
f 416/1160/1071 359/1167/1076 418/1174/807
f 326/1175/1079 345/1158/1069 402/1168/853
f 416/1160/1071 418/1174/807 525/1169/819
f 241/1170/1077 201/1176/1080 276/1164/1073
f 326/1175/1079 241/1170/1077 345/1158/1069
f 176/1165/1074 276/1164/1073 169/1177/1081
f 124/1178/1082 152/1171/1078 176/1165/1074
f 287/1172/786 195/1166/1075 170/1179/1083
f 152/1171/1078 170/1179/1083 195/1166/1075
f 359/1167/1076 302/1173/800 418/1174/807
f 322/1180/857 326/1175/1079 402/1168/853
f 201/1176/1080 169/1177/1081 276/1164/1073
f 322/1180/857 241/1170/1077 326/1175/1079
f 176/1165/1074 169/1177/1081 124/1178/1082
f 152/1171/1078 124/1178/1082 107/1181/1084
f 287/1172/786 170/1179/1083 168/1182/1085
f 201/1176/1080 43/1183/1086 169/1177/1081
f 169/1177/1081 13/1184/1087 124/1178/1082
f 107/1181/1084 124/1178/1082 17/1185/1088
f 170/1179/1083 39/1186/1089 168/1182/1085
f 287/1172/786 168/1182/1085 192/1187/782
f 169/1177/1081 43/1183/1086 13/1184/1087
f 13/1184/1087 17/1185/1088 124/1178/1082
f 107/1181/1084 17/1185/1088 170/1179/1083
f 39/1186/1089 118/1188/1090 168/1182/1085
f 75/1189/1091 39/1186/1089 170/1179/1083
f 192/1187/782 168/1182/1085 118/1188/1090
f 13/1184/1087 43/1183/1086 28/1190/1092
f 13/1184/1087 29/1191/1093 17/1185/1088
f 170/1179/1083 17/1185/1088 75/1189/1091
f 39/1186/1089 75/1189/1091 17/1185/1088
f 192/1187/782 118/1188/1090 214/1192/780
f 28/1190/1092 24/1193/1094 13/1184/1087
f 13/1184/1087 24/1193/1094 29/1191/1093
f 39/1186/1089 17/1185/1088 29/1191/1093
f 214/1192/780 118/1188/1090 129/1194/805
f 24/1193/1094 28/1190/1092 27/1195/1095
f 1751/1196/1096 1832/1197/1097 1667/1198/603
f 1679/1199/1098 1751/1196/1096 1667/1198/603
f 1679/1199/1098 1667/1198/603 1666/1200/604
f 1679/1199/1098 1690/1201/1099 1751/1196/1096
f 1666/1200/604 1541/1202/1100 1679/1199/1098
f 1690/1201/1099 1679/1199/1098 1610/1203/1101
f 1523/1204/1102 1541/1202/1100 1666/1200/604
f 1541/1202/1100 1610/1203/1101 1679/1199/1098
f 1523/1204/1102 1485/1205/589 1541/1202/1100
f 1610/1203/1101 1541/1202/1100 1524/1206/1103
f 1541/1202/1100 1485/1205/589 1387/1207/1104
f 1524/1206/1103 1609/1208/1105 1610/1203/1101
f 1524/1206/1103 1541/1202/1100 1387/1207/1104
f 1387/1207/1104 1485/1205/589 1341/1209/583
f 1558/1210/1106 1609/1208/1105 1524/1206/1103
f 1524/1206/1103 1387/1207/1104 1390/1211/68
f 1387/1207/1104 1341/1209/583 1332/1212/1107
f 1524/1206/1103 1390/1211/68 1558/1210/1106
f 1285/1213/69 1390/1211/68 1387/1207/1104
f 1341/1209/583 1187/1214/1108 1332/1212/1107
f 1285/1213/69 1387/1207/1104 1332/1212/1107
f 1069/1215/37 1332/1212/1107 1187/1214/1108
f 1143/1216/574 1187/1214/1108 1341/1209/583
f 1069/1215/37 1285/1213/69 1332/1212/1107
f 1187/1214/1108 1143/1216/574 1069/1215/37
f 1123/1217/43 1285/1213/69 1069/1215/37
f 1285/1213/69 1123/1217/43 1183/1218/55
f 1884/1219/1109 1870/1220/1110 1908/1221/1111
f 1807/1222/1112 1870/1220/1110 1884/1219/1109
f 1870/1220/1110 1896/1223/1113 1908/1221/1111
f 1884/1219/1109 1908/1221/1111 1948/1224/1114
f 1908/1221/1111 1896/1223/1113 1979/1225/1115
f 1948/1224/1114 1908/1221/1111 1979/1225/1115
f 1869/1226/1116 1884/1219/1109 1948/1224/1114
f 1954/1227/663 1979/1225/1115 1896/1223/1113
f 1862/1228/1117 1869/1226/1116 1948/1224/1114
f 1896/1223/1113 1892/1229/1118 1954/1227/663
f 1862/1228/1117 1948/1224/1114 1955/1230/1119
f 1954/1227/663 1892/1229/1118 1952/1231/661
f 1980/1232/1120 1862/1228/1117 1955/1230/1119
f 1862/1228/1117 1980/1232/1120 1885/1233/1121
f 1885/1233/1121 1980/1232/1120 1933/1234/1122
f 1885/1233/1121 1814/1235/1123 1862/1228/1117
f 1987/1236/1124 1933/1234/1122 1980/1232/1120
f 1897/1237/1125 1885/1233/1121 1933/1234/1122
f 1897/1237/1125 1814/1235/1123 1885/1233/1121
f 1987/1236/1124 1934/1238/1126 1933/1234/1122
f 1987/1236/1124 1980/1232/1120 2110/1239/1127
f 1934/1238/1126 1987/1236/1124 2000/1240/1128
f 1934/1238/1126 1914/1241/1129 1933/1234/1122
f 2110/1239/1127 1980/1232/1120 2077/1242/1130
f 2110/1239/1127 2000/1240/1128 1987/1236/1124
f 1933/1234/1122 1914/1241/1129 1842/1243/1131
f 759/1244/1052 828/1245/922 692/1246/908
f 828/1245/922 759/1244/1052 896/1247/1132
f 896/1247/1132 759/1244/1052 794/1248/1054
f 896/1247/1132 861/1249/1133 828/1245/922
f 794/1248/1054 871/1250/1134 896/1247/1132
f 748/1251/917 828/1245/922 861/1249/1133
f 926/1252/1135 861/1249/1133 896/1247/1132
f 871/1250/1134 1013/1253/1136 896/1247/1132
f 871/1250/1134 794/1248/1054 836/1254/1056
f 839/1255/923 748/1251/917 861/1249/1133
f 1013/1253/1136 926/1252/1135 896/1247/1132
f 926/1252/1135 939/1256/1137 861/1249/1133
f 1013/1253/1136 871/1250/1134 924/1257/1138
f 836/1254/1056 937/1258/1139 871/1250/1134
f 839/1255/923 861/1249/1133 897/1259/1140
f 926/1252/1135 1013/1253/1136 996/1260/1141
f 897/1259/1140 861/1249/1133 939/1256/1137
f 939/1256/1137 926/1252/1135 996/1260/1141
f 1013/1253/1136 924/1257/1138 978/1261/1068
f 924/1257/1138 871/1250/1134 937/1258/1139
f 937/1258/1139 836/1254/1056 988/1262/1062
f 996/1260/1141 1013/1253/1136 1078/1263/1142
f 939/1256/1137 1053/1264/1143 897/1259/1140
f 939/1256/1137 996/1260/1141 1092/1265/1144
f 978/1261/1068 924/1257/1138 988/1262/1062
f 1037/1266/1145 1013/1253/1136 978/1261/1068
f 924/1257/1138 937/1258/1139 988/1262/1062
f 1117/1267/1146 996/1260/1141 1078/1263/1142
f 1037/1266/1145 1078/1263/1142 1013/1253/1136
f 1092/1265/1144 1053/1264/1143 939/1256/1137
f 996/1260/1141 1117/1267/1146 1092/1265/1144
f 1037/1266/1145 978/1261/1068 1063/1268/1067
f 1166/1269/1147 1117/1267/1146 1078/1263/1142
f 1078/1263/1142 1037/1266/1145 1156/1270/1148
f 1053/1264/1143 1092/1265/1144 1101/1271/1149
f 1092/1265/1144 1117/1267/1146 1194/1272/1150
f 1037/1266/1145 1063/1268/1067 1052/1273/1151
f 1078/1263/1142 1156/1270/1148 1166/1269/1147
f 1156/1270/1148 1037/1266/1145 1155/1274/1152
f 1092/1265/1144 1194/1272/1150 1101/1271/1149
f 1155/1274/1152 1037/1266/1145 1052/1273/1151
f 1200/1275/740 1166/1269/1147 1156/1270/1148
f 1156/1270/1148 1155/1274/1152 1200/1275/740
f 1155/1274/1152 1052/1273/1151 1116/1276/729
f 1200/1275/740 1155/1274/1152 1116/1276/729
f 1200/1275/740 1116/1276/729 1147/1277/732
f 797/1278/1153 761/1279/935 796/1280/932
f 797/1278/1153 647/1281/1154 761/1279/935
f 908/1282/1155 797/1278/1153 796/1280/932
f 647/1281/1154 624/1283/933 761/1279/935
f 647/1281/1154 797/1278/1153 787/1284/1156
f 796/1280/932 825/1285/927 908/1282/1155
f 907/1286/1157 797/1278/1153 908/1282/1155
f 943/1287/1158 908/1282/1155 825/1285/927
f 907/1286/1157 908/1282/1155 943/1287/1158
f 941/1288/1159 943/1287/1158 825/1285/927
f 903/1289/1160 941/1288/1159 825/1285/927
f 943/1287/1158 941/1288/1159 950/1290/1161
f 956/1291/1162 941/1288/1159 903/1289/1160
f 839/1292/923 903/1289/1160 825/1285/927
f 956/1291/1162 950/1290/1161 941/1288/1159
f 956/1291/1162 903/1289/1160 986/1293/1163
f 839/1292/923 997/1294/1164 903/1289/1160
f 986/1293/1163 950/1290/1161 956/1291/1162
f 986/1293/1163 903/1289/1160 997/1294/1164
f 997/1294/1164 839/1292/923 897/1295/1140
f 986/1293/1163 997/1294/1164 1076/1296/1165
f 1053/1297/1143 997/1294/1164 897/1295/1140
f 1076/1296/1165 997/1294/1164 1053/1297/1143
f 735/1298/1166 791/1299/1167 833/1300/1168
f 791/1299/1167 974/1301/1169 833/1300/1168
f 945/1302/1170 974/1301/1169 791/1299/1167
f 1098/1303/869 833/1300/1168 974/1301/1169
f 974/1301/1169 945/1302/1170 1059/1304/1171
f 1098/1303/869 974/1301/1169 1059/1304/1171
f 1059/1304/1171 945/1302/1170 1015/1305/1172
f 1098/1303/869 1059/1304/1171 1159/1306/1173
f 1015/1305/1172 1159/1306/1173 1059/1304/1171
f 1159/1306/1173 1371/1307/1174 1098/1303/869
f 1159/1306/1173 1015/1305/1172 1145/1308/1175
f 1442/1309/1176 1098/1303/869 1371/1307/1174
f 1442/1309/1176 1371/1307/1174 1521/1310/1177
f 1579/1311/871 1098/1303/869 1442/1309/1176
f 1521/1310/1177 1371/1307/1174 1399/1312/1178
f 1442/1309/1176 1521/1310/1177 1582/1313/1179
f 1579/1311/871 1442/1309/1176 1582/1313/1179
f 1582/1313/1179 1521/1310/1177 1676/1314/1180
f 1579/1311/871 1582/1313/1179 1676/1314/1180
f 7/1315/1181 83/1316/1182 69/1317/1183
f 83/1316/1182 139/1318/1184 69/1317/1183
f 83/1316/1182 116/1319/1185 139/1318/1184
f 69/1317/1183 139/1318/1184 167/1320/1186
f 116/1319/1185 236/1321/1187 139/1318/1184
f 31/1322/1188 69/1317/1183 167/1320/1186
f 238/1323/1189 139/1318/1184 236/1321/1187
f 151/1324/1190 31/1322/1188 167/1320/1186
f 236/1321/1187 275/1325/1191 238/1323/1189
f 16/1326/1192 31/1322/1188 151/1324/1190
f 275/1325/1191 217/1327/1193 238/1323/1189
f 24/1328/1094 31/1322/1188 16/1326/1192
f 217/1327/1193 275/1325/1191 255/1329/951
f 238/1323/1189 217/1327/1193 357/1330/950
f 24/1328/1094 23/1331/1194 31/1322/1188
f 357/1330/950 217/1327/1193 255/1329/951
f 1925/1332/1195 1854/1333/1196 2013/1334/1197
f 1983/1335/1198 2013/1334/1197 1854/1333/1196
f 2029/1336/1199 1925/1332/1195 2013/1334/1197
f 1983/1335/1198 1854/1333/1196 1878/1337/1200
f 1983/1335/1198 2030/1338/1201 2013/1334/1197
f 1923/1339/1202 1925/1332/1195 2029/1336/1199
f 2049/1340/1203 2029/1336/1199 2013/1334/1197
f 1878/1337/1200 1906/1341/1204 1983/1335/1198
f 1878/1337/1200 1854/1333/1196 1833/1342/1205
f 2013/1334/1197 2030/1338/1201 2049/1340/1203
f 2030/1338/1201 1983/1335/1198 2018/1343/1206
f 2037/1344/1207 1923/1339/1202 2029/1336/1199
f 2104/1345/1208 2029/1336/1199 2049/1340/1203
f 1966/1346/1209 1983/1335/1198 1906/1341/1204
f 2049/1340/1203 2030/1338/1201 2061/1347/1210
f 2030/1338/1201 2018/1343/1206 2101/1348/1211
f 1983/1335/1198 2020/1349/1212 2018/1343/1206
f 2037/1344/1207 1936/1350/1213 1923/1339/1202
f 2063/1351/1214 2037/1344/1207 2029/1336/1199
f 2104/1345/1208 2049/1340/1203 2082/1352/1215
f 1983/1335/1198 1966/1346/1209 1975/1353/1216
f 2101/1348/1211 2061/1347/1210 2030/1338/1201
f 2049/1340/1203 2061/1347/1210 2082/1352/1215
f 1975/1353/1216 2020/1349/1212 1983/1335/1198
f 1943/1354/657 1936/1350/1213 2037/1344/1207
f 1936/1350/1213 1902/1355/1217 1923/1339/1202
f 2037/1344/1207 2063/1351/1214 2054/1356/1218
f 2082/1352/1215 2057/1357/1219 2104/1345/1208
f 1984/1358/1220 1975/1353/1216 1966/1346/1209
f 2057/1357/1219 2061/1347/1210 2101/1348/1211
f 2082/1352/1215 2061/1347/1210 2057/1357/1219
f 2020/1349/1212 1975/1353/1216 1984/1358/1220
f 1936/1350/1213 1943/1354/657 1903/1359/651
f 1903/1359/651 1902/1355/1217 1936/1350/1213
f 2133/1360/1221 2037/1344/1207 2054/1356/1218
f 2166/1361/1222 2054/1356/1218 2063/1351/1214
f 2133/1360/1221 2054/1356/1218 2131/1362/1223
f 2054/1356/1218 2166/1361/1222 2131/1362/1223
f 258/1363/1224 219/1364/1225 142/1365/1226
f 219/1364/1225 258/1363/1224 285/1366/1227
f 142/1365/1226 143/1367/1228 258/1363/1224
f 258/1363/1224 440/1368/1229 285/1366/1227
f 258/1363/1224 143/1367/1228 200/1369/1230
f 424/1370/1231 440/1368/1229 258/1363/1224
f 200/1369/1230 143/1367/1228 128/1371/1232
f 258/1363/1224 200/1369/1230 259/1372/1233
f 440/1368/1229 424/1370/1231 552/1373/1234
f 258/1363/1224 259/1372/1233 424/1370/1231
f 200/1369/1230 128/1371/1232 237/1374/1235
f 259/1372/1233 200/1369/1230 237/1374/1235
f 424/1370/1231 413/1375/1236 552/1373/1234
f 440/1368/1229 552/1373/1234 540/1376/1237
f 259/1372/1233 403/1377/1238 424/1370/1231
f 259/1372/1233 237/1374/1235 403/1377/1238
f 424/1370/1231 403/1377/1238 413/1375/1236
f 552/1373/1234 413/1375/1236 480/1378/1239
f 600/1379/1240 440/1368/1229 540/1376/1237
f 237/1374/1235 254/1380/1241 403/1377/1238
f 413/1375/1236 403/1377/1238 254/1380/1241
f 320/1381/1242 440/1368/1229 600/1379/1240
f 413/1375/1236 254/1380/1241 371/1382/1243
f 556/1383/1244 320/1381/1242 600/1379/1240
f 223/1384/1245 371/1382/1243 254/1380/1241
f 600/1379/1240 609/1385/1246 556/1383/1244
f 223/1384/1245 372/1386/1247 371/1382/1243
f 556/1383/1244 609/1385/1246 536/1387/1248
f 616/1388/1249 609/1385/1246 600/1379/1240
f 372/1386/1247 223/1384/1245 246/1389/1250
f 371/1382/1243 372/1386/1247 414/1390/859
f 444/1391/1251 536/1387/1248 609/1385/1246
f 622/1392/1252 609/1385/1246 616/1388/1249
f 372/1386/1247 246/1389/1250 300/1393/862
f 300/1393/862 414/1390/859 372/1386/1247
f 444/1391/1251 609/1385/1246 622/1392/1252
f 622/1392/1252 616/1388/1249 685/1394/1253
f 417/1395/856 414/1390/859 300/1393/862
f 514/1396/1254 444/1391/1251 622/1392/1252
f 685/1394/1253 705/1397/1255 622/1392/1252
f 685/1394/1253 616/1388/1249 715/1398/1256
f 671/1399/1257 514/1396/1254 622/1392/1252
f 671/1399/1257 622/1392/1252 705/1397/1255
f 705/1397/1255 685/1394/1253 715/1398/1256
f 671/1399/1257 705/1397/1255 718/1400/1258
f 718/1400/1258 705/1397/1255 715/1398/1256
f 1049/1401/456 983/1402/459 1017/1403/1259
f 1095/1404/453 1049/1401/456 1017/1403/1259
f 1095/1404/453 1017/1403/1259 1148/1405/1260
f 1213/1406/1261 1148/1405/1260 1017/1403/1259
f 1172/1407/444 1095/1404/453 1148/1405/1260
f 1017/1403/1259 1058/1408/1262 1213/1406/1261
f 1314/1409/442 1148/1405/1260 1213/1406/1261
f 1314/1409/442 1172/1407/444 1148/1405/1260
f 1040/1410/1263 1058/1408/1262 1017/1403/1259
f 1224/1411/872 1213/1406/1261 1058/1408/1262
f 1314/1409/442 1213/1406/1261 1286/1412/1264
f 1224/1411/872 1284/1413/874 1213/1406/1261
f 1286/1412/1264 1213/1406/1261 1284/1413/874
f 1314/1409/442 1286/1412/1264 1459/1414/1265
f 1459/1414/1265 1286/1412/1264 1284/1413/874
f 1459/1414/1265 1498/1415/445 1314/1409/442
f 1850/1416/1266 1768/1417/1267 1781/1418/1268
f 1828/1419/1269 1768/1417/1267 1850/1416/1266
f 1768/1417/1267 1691/1420/557 1781/1418/1268
f 1781/1418/1268 1782/1421/1270 1850/1416/1266
f 1768/1417/1267 1828/1419/1269 1864/1422/1271
f 1828/1419/1269 1850/1416/1266 1918/1423/1272
f 1782/1421/1270 1781/1418/1268 1691/1420/557
f 1727/1424/561 1691/1420/557 1768/1417/1267
f 1882/1425/1273 1850/1416/1266 1782/1421/1270
f 1768/1417/1267 1864/1422/1271 1784/1426/563
f 1864/1422/1271 1828/1419/1269 1893/1427/1274
f 1918/1423/1272 1850/1416/1266 1875/1428/1275
f 1918/1423/1272 1868/1429/1276 1828/1419/1269
f 1691/1420/557 1629/1430/554 1782/1421/1270
f 1768/1417/1267 1784/1426/563 1727/1424/561
f 1911/1431/1277 1882/1425/1273 1782/1421/1270
f 1882/1425/1273 1875/1428/1275 1850/1416/1266
f 1893/1427/1274 1828/1419/1269 1868/1429/1276
f 1874/1432/1278 1864/1422/1271 1893/1427/1274
f 1927/1433/1279 1918/1423/1272 1875/1428/1275
f 1918/1423/1272 1927/1433/1279 1868/1429/1276
f 1782/1421/1270 1629/1430/554 1607/1434/1280
f 1929/1435/1281 1882/1425/1273 1911/1431/1277
f 1911/1431/1277 1782/1421/1270 1728/1436/1282
f 1929/1435/1281 1875/1428/1275 1882/1425/1273
f 1893/1427/1274 1868/1429/1276 1964/1437/1283
f 1874/1432/1278 1800/1438/1284 1864/1422/1271
f 1874/1432/1278 1893/1427/1274 1964/1437/1283
f 2042/1439/1285 1927/1433/1279 1875/1428/1275
f 1964/1437/1283 1868/1429/1276 1927/1433/1279
f 1607/1434/1280 1629/1430/554 1581/1440/1286
f 1658/1441/1287 1782/1421/1270 1607/1434/1280
f 2021/1442/1288 1929/1435/1281 1911/1431/1277
f 1782/1421/1270 1658/1441/1287 1728/1436/1282
f 1911/1431/1277 1728/1436/1282 1818/1443/1289
f 2017/1444/1290 1875/1428/1275 1929/1435/1281
f 1874/1432/1278 1920/1445/1291 1800/1438/1284
f 1874/1432/1278 1964/1437/1283 1920/1445/1291
f 2042/1439/1285 1985/1446/1292 1927/1433/1279
f 1875/1428/1275 2017/1444/1290 2042/1439/1285
f 1927/1433/1279 1985/1446/1292 1964/1437/1283
f 1658/1441/1287 1607/1434/1280 1581/1440/1286
f 1929/1435/1281 2021/1442/1288 2130/1447/1293
f 1911/1431/1277 1946/1448/1294 2021/1442/1288
f 1658/1441/1287 1711/1449/1295 1728/1436/1282
f 1846/1450/1296 1911/1431/1277 1818/1443/1289
f 1818/1443/1289 1728/1436/1282 1754/1451/1297
f 2017/1444/1290 1929/1435/1281 2130/1447/1293
f 1964/1437/1283 1985/1446/1292 1920/1445/1291
f 2084/1452/1298 2042/1439/1285 2017/1444/1290
f 1947/1453/1299 1946/1448/1294 1911/1431/1277
f 1754/1451/1297 1728/1436/1282 1711/1449/1295
f 1947/1453/1299 1911/1431/1277 1846/1450/1296
f 1818/1443/1289 1754/1451/1297 1846/1450/1296
f 2201/1454/1300 2017/1444/1290 2130/1447/1293
f 2042/1439/1285 2084/1452/1298 2102/1455/1301
f 2102/1455/1301 2084/1452/1298 2017/1444/1290
f 1754/1451/1297 1711/1449/1295 1681/1456/1302
f 2201/1454/1300 2102/1455/1301 2017/1444/1290
f 2042/1439/1285 2102/1455/1301 2128/1457/1303
f 2128/1457/1303 2102/1455/1301 2100/1458/1304
f 2100/1458/1304 2231/1459/1305 2128/1457/1303
f 1605/1460/1306 1560/1461/1307 1664/1462/1308
f 1605/1460/1306 1525/1463/1309 1560/1461/1307
f 1641/1464/1310 1605/1460/1306 1664/1462/1308
f 1605/1460/1306 1636/1465/1311 1525/1463/1309
f 1763/1466/1312 1641/1464/1310 1664/1462/1308
f 1636/1465/1311 1605/1460/1306 1641/1464/1310
f 1641/1464/1310 1763/1466/1312 1770/1467/1313
f 1700/1468/1314 1763/1466/1312 1664/1462/1308
f 1785/1469/1315 1636/1465/1311 1641/1464/1310
f 1770/1467/1313 1785/1469/1315 1641/1464/1310
f 1700/1468/1314 1664/1462/1308 1631/1470/1316
f 1763/1466/1312 1700/1468/1314 1800/1471/1284
f 1707/1472/1317 1636/1465/1311 1785/1469/1315
f 1770/1467/1313 1829/1473/1318 1785/1469/1315
f 1700/1468/1314 1631/1470/1316 1719/1474/562
f 1700/1468/1314 1719/1474/562 1800/1471/1284
f 1707/1472/1317 1785/1469/1315 1827/1475/1319
f 1785/1469/1315 1829/1473/1318 1827/1475/1319
f 1800/1471/1284 1719/1474/562 1784/1476/563
f 1827/1475/1319 1829/1473/1318 1941/1477/1320
f 1864/1478/1271 1800/1471/1284 1784/1476/563
f 472/1479/1321 435/1480/955 385/1481/953
f 608/1482/1322 435/1480/955 472/1479/1321
f 579/1483/1323 435/1480/955 608/1482/1322
f 608/1482/1322 472/1479/1321 620/1484/1324
f 654/1485/1325 579/1483/1323 608/1482/1322
f 601/1486/1326 620/1484/1324 472/1479/1321
f 608/1482/1322 620/1484/1324 653/1487/1327
f 654/1485/1325 608/1482/1322 653/1487/1327
f 620/1484/1324 601/1486/1326 698/1488/1328
f 601/1486/1326 472/1479/1321 566/1489/1329
f 653/1487/1327 620/1484/1324 660/1490/1330
f 660/1490/1330 654/1485/1325 653/1487/1327
f 661/1491/1331 698/1488/1328 601/1486/1326
f 620/1484/1324 698/1488/1328 945/1492/1170
f 472/1479/1321 384/1493/1332 566/1489/1329
f 601/1486/1326 566/1489/1329 611/1494/1333
f 620/1484/1324 735/1495/1166 660/1490/1330
f 661/1491/1331 601/1486/1326 634/1496/1334
f 684/1497/1335 698/1488/1328 661/1491/1331
f 791/1498/1167 620/1484/1324 945/1492/1170
f 514/1499/1254 566/1489/1329 384/1493/1332
f 611/1494/1333 566/1489/1329 614/1500/1336
f 601/1486/1326 611/1494/1333 634/1496/1334
f 620/1484/1324 791/1498/1167 735/1495/1166
f 661/1491/1331 634/1496/1334 684/1497/1335
f 684/1497/1335 706/1501/1337 698/1488/1328
f 614/1500/1336 566/1489/1329 514/1499/1254
f 611/1494/1333 614/1500/1336 618/1502/1338
f 611/1494/1333 618/1502/1338 634/1496/1334
f 618/1502/1338 684/1497/1335 634/1496/1334
f 698/1488/1328 706/1501/1337 737/1503/1339
f 706/1501/1337 684/1497/1335 671/1504/1257
f 614/1500/1336 514/1499/1254 642/1505/1340
f 618/1502/1338 614/1500/1336 642/1505/1340
f 684/1497/1335 618/1502/1338 662/1506/1341
f 706/1501/1337 697/1507/1342 737/1503/1339
f 684/1497/1335 662/1506/1341 671/1504/1257
f 697/1507/1342 706/1501/1337 671/1504/1257
f 642/1505/1340 514/1499/1254 671/1504/1257
f 642/1505/1340 662/1506/1341 618/1502/1338
f 772/1508/1343 737/1503/1339 697/1507/1342
f 662/1506/1341 642/1505/1340 671/1504/1257
f 718/1509/1258 697/1507/1342 671/1504/1257
f 772/1508/1343 697/1507/1342 718/1509/1258
f 737/1503/1339 772/1508/1343 810/1510/1344
f 772/1508/1343 718/1509/1258 810/1510/1344
f 718/1509/1258 715/1511/1256 810/1510/1344
f 810/1510/1344 715/1511/1256 900/1512/1345
f 868/1513/1346 810/1510/1344 900/1512/1345
f 868/1513/1346 851/1514/1347 810/1510/1344
f 851/1514/1347 868/1513/1346 900/1512/1345
f 2184/1515/1348 2143/1516/1349 2086/1517/1350
f 2184/1515/1348 2180/1518/1351 2143/1516/1349
f 2180/1518/1351 2184/1515/1348 2225/1519/1352
f 2225/1519/1352 2155/1520/1353 2180/1518/1351
f 2224/1521/1354 2225/1519/1352 2184/1515/1348
f 2180/1518/1351 2155/1520/1353 2200/1522/1355
f 2155/1520/1353 2225/1519/1352 2204/1523/1356
f 2188/1524/1357 2225/1519/1352 2224/1521/1354
f 2188/1524/1357 2224/1521/1354 2184/1515/1348
f 2180/1518/1351 2200/1522/1355 2141/1525/1358
f 2200/1522/1355 2155/1520/1353 2089/1526/1359
f 2230/1527/1360 2204/1523/1356 2225/1519/1352
f 2188/1524/1357 2230/1527/1360 2225/1519/1352
f 2184/1515/1348 2116/1528/1361 2188/1524/1357
f 2155/1520/1353 2126/1529/1362 2089/1526/1359
f 2230/1527/1360 2189/1530/1363 2204/1523/1356
f 2116/1528/1361 2145/1531/1364 2188/1524/1357
f 2078/1532/1365 2089/1526/1359 2126/1529/1362
f 2155/1520/1353 2189/1530/1363 2126/1529/1362
f 2189/1530/1363 2230/1527/1360 2227/1533/1366
f 2039/1534/1367 2078/1532/1365 2126/1529/1362
f 2126/1529/1362 2189/1530/1363 2088/1535/1368
f 2088/1535/1368 2189/1530/1363 2227/1533/1366
f 2020/1536/1212 2078/1532/1365 2039/1534/1367
f 2106/1537/1369 2039/1534/1367 2126/1529/1362
f 2129/1538/1370 2126/1529/1362 2088/1535/1368
f 2205/1539/1371 2088/1535/1368 2227/1533/1366
f 2020/1536/1212 1984/1540/1220 2078/1532/1365
f 2129/1538/1370 2106/1537/1369 2126/1529/1362
f 2101/1541/1211 2039/1534/1367 2106/1537/1369
f 2129/1538/1370 2088/1535/1368 2101/1541/1211
f 2205/1539/1371 2227/1533/1366 2222/1542/1372
f 1984/1540/1220 1974/1543/1373 2078/1532/1365
f 2162/1544/1374 2106/1537/1369 2129/1538/1370
f 2162/1544/1374 2101/1541/1211 2106/1537/1369
f 2129/1538/1370 2101/1541/1211 2162/1544/1374
f 2222/1542/1372 2227/1533/1366 2252/1545/1375
f 1329/1546/1376 1129/1547/1377 1152/1548/1378
f 1329/1546/1376 1152/1548/1378 1307/1549/1379
f 1152/1548/1378 1199/1550/1380 1307/1549/1379
f 1307/1549/1379 1412/1551/1381 1329/1546/1376
f 1307/1549/1379 1199/1550/1380 1319/1552/1382
f 1412/1551/1381 1507/1553/1383 1329/1546/1376
f 1319/1552/1382 1412/1551/1381 1307/1549/1379
f 1199/1550/1380 1251/1554/1384 1319/1552/1382
f 1412/1551/1381 1505/1555/1385 1507/1553/1383
f 1319/1552/1382 1414/1556/1386 1412/1551/1381
f 1199/1550/1380 1209/1557/1387 1251/1554/1384
f 1319/1552/1382 1251/1554/1384 1384/1558/1388
f 1505/1555/1385 1412/1551/1381 1488/1559/1389
f 1507/1553/1383 1505/1555/1385 1644/1560/1390
f 1319/1552/1382 1384/1558/1388 1414/1556/1386
f 1414/1556/1386 1401/1561/1391 1412/1551/1381
f 1209/1557/1387 1220/1562/1392 1251/1554/1384
f 1199/1550/1380 1137/1563/1393 1209/1557/1387
f 1251/1554/1384 1279/1564/1394 1384/1558/1388
f 1516/1565/1395 1505/1555/1385 1488/1559/1389
f 1401/1561/1391 1488/1559/1389 1412/1551/1381
f 1505/1555/1385 1516/1565/1395 1644/1560/1390
f 1384/1558/1388 1356/1566/1396 1414/1556/1386
f 1488/1559/1389 1401/1561/1391 1414/1556/1386
f 1209/1557/1387 1105/1567/1397 1220/1562/1392
f 1220/1562/1392 1279/1564/1394 1251/1554/1384
f 1199/1550/1380 1065/1568/1398 1137/1563/1393
f 1137/1563/1393 1118/1569/1399 1209/1557/1387
f 1356/1566/1396 1384/1558/1388 1279/1564/1394
f 1488/1559/1389 1533/1570/1400 1516/1565/1395
f 1644/1560/1390 1516/1565/1395 1585/1571/1401
f 1533/1570/1400 1414/1556/1386 1356/1566/1396
f 1488/1559/1389 1414/1556/1386 1533/1570/1400
f 1209/1557/1387 1118/1569/1399 1105/1567/1397
f 1533/1570/1400 1585/1571/1401 1516/1565/1395
f 1053/1572/1143 1105/1567/1397 1118/1569/1399
f 1053/1572/1143 1118/1569/1399 1076/1573/1165
f 1365/1574/1402 1287/1575/1403 1435/1576/1404
f 1287/1575/1403 1335/1577/1405 1435/1576/1404
f 1433/1578/1406 1365/1574/1402 1435/1576/1404
f 1368/1579/1407 1435/1576/1404 1335/1577/1405
f 1522/1580/1408 1433/1578/1406 1435/1576/1404
f 1365/1574/1402 1433/1578/1406 1478/1581/1409
f 1434/1582/1410 1368/1579/1407 1335/1577/1405
f 1434/1582/1410 1435/1576/1404 1368/1579/1407
f 1478/1581/1409 1433/1578/1406 1522/1580/1408
f 1435/1576/1404 1606/1583/1411 1522/1580/1408
f 1367/1584/1412 1434/1582/1410 1335/1577/1405
f 1434/1582/1410 1508/1585/1413 1435/1576/1404
f 1571/1586/1414 1478/1581/1409 1522/1580/1408
f 1606/1583/1411 1435/1576/1404 1508/1585/1413
f 1522/1580/1408 1606/1583/1411 1658/1587/1287
f 1508/1585/1413 1434/1582/1410 1367/1584/1412
f 1658/1587/1287 1571/1586/1414 1522/1580/1408
f 1681/1588/1302 1606/1583/1411 1508/1585/1413
f 1711/1589/1295 1658/1587/1287 1606/1583/1411
f 1508/1585/1413 1367/1584/1412 1462/1590/1415
f 1581/1591/1286 1571/1586/1414 1658/1587/1287
f 1681/1588/1302 1711/1589/1295 1606/1583/1411
f 1462/1590/1415 1681/1588/1302 1508/1585/1413
f 1462/1590/1415 1367/1584/1412 1422/1592/1416
f 1621/1593/1417 1681/1588/1302 1462/1590/1415
f 1503/1594/1418 1462/1590/1415 1422/1592/1416
f 1651/1595/1419 1621/1593/1417 1462/1590/1415
f 1503/1594/1418 1461/1596/1420 1462/1590/1415
f 1503/1594/1418 1422/1592/1416 1473/1597/1421
f 1462/1590/1415 1622/1598/1422 1651/1595/1419
f 1462/1590/1415 1461/1596/1420 1622/1598/1422
f 1222/1599/1423 1215/1600/1424 1145/1601/1175
f 1222/1599/1423 1311/1602/1425 1215/1600/1424
f 1159/1603/1173 1145/1601/1175 1215/1600/1424
f 1274/1604/1426 1215/1600/1424 1311/1602/1425
f 1444/1605/1427 1311/1602/1425 1222/1599/1423
f 1215/1600/1424 1274/1604/1426 1159/1603/1173
f 1399/1606/1178 1274/1604/1426 1311/1602/1425
f 1311/1602/1425 1444/1605/1427 1569/1607/1428
f 1311/1602/1425 1569/1607/1428 1399/1606/1178
f 1569/1607/1428 1444/1605/1427 1636/1608/1311
f 1521/1609/1177 1399/1606/1178 1569/1607/1428
f 1707/1610/1317 1569/1607/1428 1636/1608/1311
f 1676/1611/1180 1521/1609/1177 1569/1607/1428
f 1707/1610/1317 1856/1612/1429 1569/1607/1428
f 1856/1612/1429 1676/1611/1180 1569/1607/1428
f 995/1613/1430 1168/1614/1431 1144/1615/1432
f 1168/1614/1431 1235/1616/1433 1144/1615/1432
f 1287/1617/1403 1235/1616/1433 1168/1614/1431
f 1235/1616/1433 991/1618/537 1144/1615/1432
f 1287/1617/1403 1276/1619/1434 1235/1616/1433
f 1235/1616/1433 1142/1620/533 991/1618/537
f 1276/1619/1434 1287/1617/1403 1365/1621/1402
f 1392/1622/1435 1235/1616/1433 1276/1619/1434
f 1142/1620/533 1235/1616/1433 1269/1623/566
f 1365/1621/1402 1392/1622/1435 1276/1619/1434
f 1235/1616/1433 1392/1622/1435 1269/1623/566
f 1258/1624/535 1142/1620/533 1269/1623/566
f 1483/1625/1436 1392/1622/1435 1365/1621/1402
f 1410/1626/1437 1269/1623/566 1392/1622/1435
f 1483/1625/1436 1410/1626/1437 1392/1622/1435
f 1478/1627/1409 1483/1625/1436 1365/1621/1402
f 1410/1626/1437 1340/1628/564 1269/1623/566
f 1457/1629/1438 1410/1626/1437 1483/1625/1436
f 1483/1625/1436 1478/1627/1409 1571/1630/1414
f 1410/1626/1437 1407/1631/1439 1340/1628/564
f 1571/1630/1414 1457/1629/1438 1483/1625/1436
f 1457/1629/1438 1407/1631/1439 1410/1626/1437
f 1651/1632/1419 1693/1633/1440 1621/1634/1417
f 1693/1633/1440 1651/1632/1419 1710/1635/1441
f 1681/1636/1302 1621/1634/1417 1693/1633/1440
f 1710/1635/1441 1651/1632/1419 1647/1637/1442
f 1809/1638/1443 1693/1633/1440 1710/1635/1441
f 1693/1633/1440 1754/1639/1297 1681/1636/1302
f 1710/1635/1441 1647/1637/1442 1703/1640/1444
f 1693/1633/1440 1809/1638/1443 1846/1641/1296
f 1809/1638/1443 1710/1635/1441 1787/1642/1445
f 1754/1639/1297 1693/1633/1440 1846/1641/1296
f 1787/1642/1445 1710/1635/1441 1703/1640/1444
f 1846/1641/1296 1809/1638/1443 1965/1643/1446
f 1809/1638/1443 1787/1642/1445 1905/1644/1447
f 1787/1642/1445 1703/1640/1444 1808/1645/1448
f 1905/1644/1447 1965/1643/1446 1809/1638/1443
f 1905/1644/1447 1787/1642/1445 1808/1645/1448
f 1977/1646/993 1965/1643/1446 1905/1644/1447
f 1977/1646/993 2105/1647/997 1965/1643/1446
f 2105/1647/997 2044/1648/1449 1965/1643/1446
f 2090/1649/1450 2044/1648/1449 2105/1647/997
f 1965/1643/1446 2044/1648/1449 2006/1650/1451
f 2136/1651/1452 2044/1648/1449 2090/1649/1450
f 2207/1652/605 2090/1649/1450 2105/1647/997
f 1947/1653/1299 1965/1643/1446 2006/1650/1451
f 2044/1648/1449 2136/1651/1452 2006/1650/1451
f 2090/1649/1450 2157/1654/1453 2136/1651/1452
f 2207/1652/605 2157/1654/1453 2090/1649/1450
f 1991/1655/1454 1947/1653/1299 2006/1650/1451
f 2136/1651/1452 1991/1655/1454 2006/1650/1451
f 1946/1656/1294 1947/1653/1299 1991/1655/1454
f 2021/1657/1288 1991/1655/1454 2136/1651/1452
f 1946/1656/1294 1991/1655/1454 2021/1657/1288
f 2136/1651/1452 2130/1658/1293 2021/1657/1288
f 2130/1658/1293 2136/1651/1452 2114/1659/1455
f 1863/1660/1456 1799/1661/1457 1797/1662/1458
f 1881/1663/1459 1799/1661/1457 1863/1660/1456
f 1886/1664/1460 1799/1661/1457 1881/1663/1459
f 1863/1660/1456 1974/1665/1373 1881/1663/1459
f 1966/1666/1209 1886/1664/1460 1881/1663/1459
f 1886/1664/1460 1779/1667/480 1799/1661/1457
f 1881/1663/1459 1974/1665/1373 1966/1666/1209
f 1966/1666/1209 1906/1668/1204 1886/1664/1460
f 1793/1669/489 1779/1667/480 1886/1664/1460
f 1974/1665/1373 1984/1670/1220 1966/1666/1209
f 1479/1671/1461 1380/1672/547 1482/1673/548
f 1479/1671/1461 1482/1673/548 1530/1674/1462
f 1482/1673/548 1513/1675/1463 1530/1674/1462
f 1513/1675/1463 1482/1673/548 1480/1676/549
f 1559/1677/1464 1530/1674/1462 1513/1675/1463
f 1535/1678/1465 1513/1675/1463 1480/1676/549
f 1580/1679/1466 1559/1677/1464 1513/1675/1463
f 1538/1680/552 1535/1678/1465 1480/1676/549
f 1557/1681/558 1513/1675/1463 1535/1678/1465
f 1513/1675/1463 1557/1681/558 1580/1679/1466
f 1583/1682/1467 1559/1677/1464 1580/1679/1466
f 1616/1683/553 1535/1678/1465 1538/1680/552
f 1616/1683/553 1557/1681/558 1535/1678/1465
f 1557/1681/558 1631/1684/1316 1580/1679/1466
f 1631/1684/1316 1583/1682/1467 1580/1679/1466
f 1631/1684/1316 1557/1681/558 1719/1685/562
f 768/1686/1468 909/1687/1010 834/1688/1469
f 834/1688/1469 909/1687/1010 995/1689/1430
f 768/1686/1468 834/1688/1469 865/1690/1470
f 992/1691/1471 834/1688/1469 995/1689/1430
f 865/1690/1470 834/1688/1469 992/1691/1471
f 782/1692/1472 768/1686/1468 865/1690/1470
f 849/1693/1473 865/1690/1470 992/1691/1471
f 820/1694/1474 782/1692/1472 865/1690/1470
f 849/1693/1473 820/1694/1474 865/1690/1470
f 820/1694/1474 778/1695/1475 782/1692/1472
f 842/1696/1476 820/1694/1474 849/1693/1473
f 820/1694/1474 740/1697/1477 778/1695/1475
f 844/1698/1478 842/1696/1476 849/1693/1473
f 820/1694/1474 842/1696/1476 740/1697/1477
f 844/1698/1478 786/1699/1479 842/1696/1476
f 920/1700/1480 844/1698/1478 849/1693/1473
f 842/1696/1476 786/1699/1479 740/1697/1477
f 786/1699/1479 844/1698/1478 757/1701/1481
f 891/1702/505 844/1698/1478 920/1700/1480
f 740/1697/1477 786/1699/1479 757/1701/1481
f 844/1698/1478 843/1703/507 757/1701/1481
f 960/1704/508 891/1702/505 920/1700/1480
f 843/1703/507 844/1698/1478 891/1702/505
f 960/1704/508 920/1700/1480 1035/1705/517
f 1035/1705/517 920/1700/1480 966/1706/1482
f 966/1706/1482 1070/1707/532 1035/1705/517
f 1070/1707/532 1115/1708/520 1035/1705/517
f 1051/1709/1483 1061/1710/575 1108/1711/579
f 1010/1712/570 1061/1710/575 1051/1709/1483
f 1174/1713/584 1051/1709/1483 1108/1711/579
f 1021/1714/569 1010/1712/570 1051/1709/1483
f 1174/1713/584 1149/1715/1484 1051/1709/1483
f 1021/1714/569 1051/1709/1483 1054/1716/712
f 1189/1717/1485 1149/1715/1484 1174/1713/584
f 1054/1716/712 1051/1709/1483 1149/1715/1484
f 1189/1717/1485 1174/1713/584 1316/1718/1486
f 1189/1717/1485 1075/1719/716 1149/1715/1484
f 1206/1720/1487 1189/1717/1485 1316/1718/1486
f 1149/1715/1484 1075/1719/716 1073/1721/714
f 1127/1722/721 1075/1719/716 1189/1717/1485
f 1189/1717/1485 1206/1720/1487 1127/1722/721
f 1206/1720/1487 1316/1718/1486 1177/1723/725
f 1206/1720/1487 1177/1723/725 1127/1722/721
f 1357/1724/734 1177/1723/725 1316/1718/1486
f 1316/1718/1486 1393/1725/1488 1357/1724/734
f 1357/1724/734 1393/1725/1488 1369/1726/739
f 1300/1727/1489 1393/1725/1488 1316/1718/1486
f 1334/1728/1490 1393/1725/1488 1300/1727/1489
f 1300/1727/1489 1316/1718/1486 1225/1729/1491
f 1300/1727/1489 1225/1729/1491 1334/1728/1490
f 1393/1725/1488 1334/1728/1490 1379/1730/594
f 1334/1728/1490 1225/1729/1491 1322/1731/1492
f 1334/1728/1490 1327/1732/591 1379/1730/594
f 1334/1728/1490 1322/1731/1492 1327/1732/591
f 1237/1733/587 1322/1731/1492 1225/1729/1491
f 1291/1734/590 1327/1732/591 1322/1731/1492
f 1291/1734/590 1322/1731/1492 1237/1733/587
f 1044/1735/1036 947/1736/1493 1009/1737/1032
f 1044/1735/1036 985/1738/1011 947/1736/1493
f 947/1736/1493 886/1739/1494 1009/1737/1032
f 1060/1740/1495 985/1738/1011 1044/1735/1036
f 985/1738/1011 884/1741/1013 947/1736/1493
f 884/1741/1013 886/1739/1494 947/1736/1493
f 886/1739/1494 893/1742/1029 1009/1737/1032
f 985/1738/1011 1060/1740/1495 1126/1743/1496
f 1074/1744/1497 1060/1740/1495 1044/1735/1036
f 886/1739/1494 884/1741/1013 853/1745/1017
f 886/1739/1494 815/1746/1024 893/1742/1029
f 1263/1747/1498 1126/1743/1496 1060/1740/1495
f 1126/1743/1496 1043/1748/1007 985/1738/1011
f 1074/1744/1497 1163/1749/1043 1060/1740/1495
f 1074/1744/1497 1044/1735/1036 1135/1750/1041
f 815/1746/1024 886/1739/1494 853/1745/1017
f 1263/1747/1498 1178/1751/1499 1126/1743/1496
f 1060/1740/1495 1163/1749/1043 1263/1747/1498
f 1043/1748/1007 1126/1743/1496 1178/1751/1499
f 1163/1749/1043 1074/1744/1497 1135/1750/1041
f 853/1745/1017 805/1752/1022 815/1746/1024
f 1239/1753/1500 1178/1751/1499 1263/1747/1498
f 1263/1747/1498 1163/1749/1043 1217/1754/1045
f 1238/1755/1501 1178/1751/1499 1239/1753/1500
f 1275/1756/1502 1239/1753/1500 1263/1747/1498
f 1263/1747/1498 1217/1754/1045 1318/1757/1503
f 1275/1756/1502 1238/1755/1501 1239/1753/1500
f 1328/1758/1504 1275/1756/1502 1263/1747/1498
f 1263/1747/1498 1318/1757/1503 1328/1758/1504
f 1217/1754/1045 1288/1759/1046 1318/1757/1503
f 1358/1760/1505 1328/1758/1504 1318/1757/1503
f 1358/1760/1505 1318/1757/1503 1288/1759/1046
f 1328/1758/1504 1358/1760/1505 1395/1761/1506
f 204/1762/1507 373/1763/1508 277/1764/52
f 373/1763/1508 204/1762/1507 222/1765/1509
f 277/1764/52 373/1763/1508 563/1766/56
f 204/1762/1507 277/1764/52 163/1767/945
f 222/1765/1509 204/1762/1507 163/1767/945
f 222/1765/1509 374/1768/944 373/1763/1508
f 373/1763/1508 529/1769/61 563/1766/56
f 163/1767/945 277/1764/52 84/1770/1510
f 226/1771/1511 222/1765/1509 163/1767/945
f 373/1763/1508 374/1768/944 529/1769/61
f 226/1771/1511 374/1768/944 222/1765/1509
f 4/1772/436 84/1770/1510 277/1764/52
f 1/1773/1512 163/1767/945 84/1770/1510
f 374/1768/944 226/1771/1511 163/1767/945
f 1/1773/1512 84/1770/1510 4/1772/436
f 163/1767/945 1/1773/1512 32/1774/947
f 4/1772/436 21/1775/1513 1/1773/1512
f 32/1774/947 1/1773/1512 21/1775/1513
f 1531/1776/1514 1440/1777/1515 1491/1778/1516
f 1440/1777/1515 1531/1776/1514 1563/1779/1517
f 1491/1778/1516 1440/1777/1515 1465/1780/778
f 1491/1778/1516 1563/1779/1517 1531/1776/1514
f 1440/1777/1515 1563/1779/1517 1533/1781/1400
f 1440/1777/1515 1375/1782/1518 1465/1780/778
f 1528/1783/779 1491/1778/1516 1465/1780/778
f 1639/1784/1519 1563/1779/1517 1491/1778/1516
f 1563/1779/1517 1740/1785/1520 1533/1781/1400
f 1533/1781/1400 1356/1786/1396 1440/1777/1515
f 1375/1782/1518 1359/1787/1521 1465/1780/778
f 1356/1786/1396 1375/1782/1518 1440/1777/1515
f 1528/1783/779 1544/1788/775 1491/1778/1516
f 1639/1784/1519 1491/1778/1516 1544/1788/775
f 1437/1789/772 1465/1780/778 1359/1787/1521
f 1544/1788/775 1528/1783/779 1527/1790/1522
f 1639/1784/1519 1544/1788/775 1619/1791/1523
f 1359/1787/1521 1345/1792/1524 1437/1789/772
f 1527/1790/1522 1448/1793/776 1544/1788/775
f 1528/1783/779 1448/1793/776 1527/1790/1522
f 1619/1791/1523 1695/1794/1525 1639/1784/1519
f 1619/1791/1523 1544/1788/775 1613/1795/766
f 1345/1792/1524 1359/1787/1521 1331/1796/753
f 1437/1789/772 1345/1792/1524 1416/1797/763
f 1695/1794/1525 1619/1791/1523 1694/1798/1526
f 1564/1799/771 1613/1795/766 1544/1788/775
f 1416/1797/763 1345/1792/1524 1331/1796/753
f 1277/1800/1527 1331/1796/753 1359/1787/1521
f 1694/1798/1526 1765/1801/1528 1695/1794/1525
f 378/1802/1529 171/1803/1530 295/1804/1531
f 271/1805/1532 171/1803/1530 378/1802/1529
f 392/1806/1533 378/1802/1529 295/1804/1531
f 378/1802/1529 395/1807/1534 271/1805/1532
f 401/1808/1535 378/1802/1529 392/1806/1533
f 363/1809/1536 271/1805/1532 395/1807/1534
f 395/1807/1534 378/1802/1529 401/1808/1535
f 271/1805/1532 363/1809/1536 172/1810/1537
f 350/1811/1538 363/1809/1536 395/1807/1534
f 463/1812/1539 395/1807/1534 401/1808/1535
f 184/1813/1540 172/1810/1537 363/1809/1536
f 363/1809/1536 350/1811/1538 282/1814/1541
f 507/1815/1542 463/1812/1539 401/1808/1535
f 309/1816/1543 282/1814/1541 350/1811/1538
f 518/1817/1544 463/1812/1539 507/1815/1542
f 507/1815/1542 401/1808/1535 510/1818/1545
f 282/1814/1541 309/1816/1543 197/1819/1546
f 332/1820/1547 309/1816/1543 350/1811/1538
f 518/1817/1544 507/1815/1542 510/1818/1545
f 309/1816/1543 270/1821/1548 197/1819/1546
f 332/1820/1547 270/1821/1548 309/1816/1543
f 206/1822/1549 197/1819/1546 270/1821/1548
f 206/1822/1549 127/1823/1550 197/1819/1546
f 2071/1824/1551 2034/1825/987 1999/1826/1552
f 2132/1827/984 2034/1825/987 2071/1824/1551
f 1999/1826/1552 2034/1825/987 1931/1828/1553
f 2093/1829/1554 2071/1824/1551 1999/1826/1552
f 2132/1827/984 2071/1824/1551 2214/1830/1555
f 1978/1831/1556 2093/1829/1554 1999/1826/1552
f 2071/1824/1551 2093/1829/1554 2214/1830/1555
f 2212/1832/990 2132/1827/984 2214/1830/1555
f 2095/1833/1557 2093/1829/1554 1978/1831/1556
f 2095/1833/1557 2214/1830/1555 2093/1829/1554
f 2257/1834/1558 2212/1832/990 2214/1830/1555
f 2214/1830/1555 2095/1833/1557 2219/1835/1559
f 2241/1836/609 2212/1832/990 2257/1834/1558
f 2257/1834/1558 2214/1830/1555 2271/1837/1560
f 2271/1837/1560 2214/1830/1555 2219/1835/1559
f 2295/1838/1561 2241/1836/609 2257/1834/1558
f 2271/1837/1560 2295/1838/1561 2257/1834/1558
f 2301/1839/1562 2271/1837/1560 2219/1835/1559
f 2295/1838/1561 2265/1840/614 2241/1836/609
f 2295/1838/1561 2271/1837/1560 2307/1841/1563
f 2307/1841/1563 2271/1837/1560 2301/1839/1562
f 2301/1839/1562 2219/1835/1559 2298/1842/1564
f 2265/1840/614 2295/1838/1561 2307/1841/1563
f 2303/1843/1565 2307/1841/1563 2301/1839/1562
f 2298/1842/1564 2305/1844/639 2301/1839/1562
f 2265/1840/614 2307/1841/1563 2285/1845/621
f 2294/1846/628 2307/1841/1563 2303/1843/1565
f 2305/1844/639 2303/1843/1565 2301/1839/1562
f 2285/1845/621 2307/1841/1563 2294/1846/628
f 2294/1846/628 2303/1843/1565 2305/1844/639
f 250/1847/1566 131/1848/1567 146/1849/1568
f 231/1850/1569 131/1848/1567 250/1847/1566
f 234/1851/1570 250/1847/1566 146/1849/1568
f 122/1852/1571 131/1848/1567 231/1850/1569
f 231/1850/1569 250/1847/1566 234/1851/1570
f 146/1849/1568 267/1853/1572 234/1851/1570
f 235/1854/1573 122/1852/1571 231/1850/1569
f 81/1855/1574 131/1848/1567 122/1852/1571
f 231/1850/1569 234/1851/1570 314/1856/1575
f 267/1853/1572 146/1849/1568 186/1857/1576
f 235/1854/1573 295/1858/1531 122/1852/1571
f 235/1854/1573 231/1850/1569 303/1859/1577
f 122/1852/1571 82/1860/1578 81/1855/1574
f 314/1856/1575 308/1861/1579 231/1850/1569
f 146/1849/1568 161/1862/1580 186/1857/1576
f 267/1853/1572 186/1857/1576 209/1863/1581
f 295/1858/1531 235/1854/1573 333/1864/1582
f 122/1852/1571 295/1858/1531 171/1865/1530
f 303/1859/1577 231/1850/1569 308/1861/1579
f 369/1866/1583 235/1854/1573 303/1859/1577
f 157/1867/1584 82/1860/1578 122/1852/1571
f 348/1868/1585 308/1861/1579 314/1856/1575
f 161/1862/1580 193/1869/1586 186/1857/1576
f 186/1857/1576 193/1869/1586 209/1863/1581
f 369/1866/1583 333/1864/1582 235/1854/1573
f 157/1867/1584 122/1852/1571 171/1865/1530
f 303/1859/1577 308/1861/1579 411/1870/1587
f 369/1866/1583 303/1859/1577 411/1870/1587
f 382/1871/1588 308/1861/1579 348/1868/1585
f 209/1863/1581 193/1869/1586 294/1872/1589
f 369/1866/1583 466/1873/1590 333/1864/1582
f 171/1865/1530 172/1874/1537 157/1867/1584
f 382/1871/1588 411/1870/1587 308/1861/1579
f 382/1871/1588 348/1868/1585 383/1875/1591
f 294/1872/1589 193/1869/1586 248/1876/1592
f 268/1877/1593 209/1863/1581 294/1872/1589
f 172/1874/1537 171/1865/1530 271/1878/1532
f 411/1870/1587 382/1871/1588 432/1879/1594
f 382/1871/1588 383/1875/1591 410/1880/1595
f 249/1881/1596 248/1876/1592 193/1869/1586
f 294/1872/1589 248/1876/1592 334/1882/1597
f 432/1879/1594 382/1871/1588 410/1880/1595
f 410/1880/1595 383/1875/1591 380/1883/1598
f 248/1876/1592 249/1881/1596 296/1884/1599
f 248/1876/1592 296/1884/1599 334/1882/1597
f 296/1884/1599 249/1881/1596 313/1885/1600
f 368/1886/1601 296/1884/1599 313/1885/1600
f 497/1887/1602 296/1884/1599 368/1886/1601
f 509/1888/1603 296/1884/1599 497/1887/1602
f 492/1889/1604 296/1884/1599 509/1888/1603
f 509/1888/1603 497/1887/1602 512/1890/1605
f 509/1888/1603 512/1890/1605 492/1889/1604
f 492/1889/1604 512/1890/1605 592/1891/1606
f 715/1892/1256 672/1893/1607 900/1894/1345
f 672/1893/1607 715/1892/1256 616/1895/1249
f 802/1896/1608 900/1894/1345 672/1893/1607
f 672/1893/1607 616/1895/1249 600/1897/1240
f 922/1898/1609 900/1894/1345 802/1896/1608
f 672/1893/1607 726/1899/1610 802/1896/1608
f 968/1900/1611 900/1894/1345 922/1898/1609
f 922/1898/1609 802/1896/1608 777/1901/516
f 968/1900/1611 851/1902/1347 900/1894/1345
f 933/1903/514 922/1898/1609 777/1901/516
f 968/1900/1611 1015/1904/1172 851/1902/1347
f 933/1903/514 1016/1905/518 922/1898/1609
f 1132/1906/525 922/1898/1609 1016/1905/518
f 902/1907/1612 813/1908/1613 770/1909/1614
f 901/1910/1615 902/1907/1612 770/1909/1614
f 833/1911/1168 901/1910/1615 770/1909/1614
f 1081/1912/867 902/1907/1612 901/1910/1615
f 901/1910/1615 833/1911/1168 1098/1913/869
f 1081/1912/867 961/1914/1616 902/1907/1612
f 1081/1912/867 901/1910/1615 1098/1913/869
f 1032/1915/1617 961/1914/1616 1081/1912/867
f 1040/1916/1263 961/1914/1616 1032/1915/1617
f 1081/1912/867 1068/1917/1618 1032/1915/1617
f 1058/1918/1262 1040/1916/1263 1032/1915/1617
f 1197/1919/866 1068/1917/1618 1081/1912/867
f 1068/1917/1618 1058/1918/1262 1032/1915/1617
f 1224/1920/872 1068/1917/1618 1197/1919/866
f 1068/1917/1618 1224/1920/872 1058/1918/1262
f 604/1921/824 731/1922/1025 710/1923/1619
f 731/1922/1025 604/1921/824 732/1924/844
f 760/1925/1021 710/1923/1619 731/1922/1025
f 638/1926/815 604/1921/824 710/1923/1619
f 731/1922/1025 732/1924/844 755/1927/1023
f 674/1928/1620 710/1923/1619 760/1925/1021
f 710/1923/1619 674/1928/1620 638/1926/815
f 755/1927/1023 732/1924/844 730/1929/1621
f 760/1925/1021 781/1930/1020 674/1928/1620
f 638/1926/815 674/1928/1620 625/1931/802
f 730/1929/1621 732/1924/844 603/1932/865
f 755/1927/1023 730/1929/1621 677/1933/1027
f 674/1928/1620 781/1930/1020 645/1934/814
f 625/1931/802 674/1928/1620 645/1934/814
f 613/1935/860 603/1932/865 732/1924/844
f 646/1936/1622 677/1933/1027 730/1929/1621
f 732/1924/844 667/1937/854 613/1935/860
f 2077/1938/1130 1955/1939/1119 2007/1940/688
f 1955/1939/1119 2077/1938/1130 1980/1941/1120
f 2007/1940/688 1955/1939/1119 1998/1942/679
f 1955/1939/1119 1948/1943/1114 1998/1942/679
f 1948/1943/1114 2010/1944/1623 1998/1942/679
f 1979/1945/1115 2010/1944/1623 1948/1943/1114
f 2025/1946/674 1998/1942/679 2010/1944/1623
f 2010/1944/1623 1979/1945/1115 2025/1946/674
f 2025/1946/674 1979/1945/1115 2014/1947/664
f 1979/1945/1115 1954/1948/663 2014/1947/664
f 2079/1949/665 2025/1946/674 2014/1947/664
f 454/1950/1624 564/1951/1625 573/1952/1626
f 454/1950/1624 406/1953/1627 564/1951/1625
f 573/1952/1626 564/1951/1625 695/1954/1628
f 573/1952/1626 458/1955/937 454/1950/1624
f 454/1950/1624 349/1956/1629 406/1953/1627
f 784/1957/949 573/1952/1626 695/1954/1628
f 561/1958/943 458/1955/937 573/1952/1626
f 343/1959/939 454/1950/1624 458/1955/937
f 343/1959/939 349/1956/1629 454/1950/1624
f 784/1957/949 631/1960/948 573/1952/1626
f 780/1961/464 784/1957/949 695/1954/1628
f 561/1958/943 573/1952/1626 631/1960/948
f 182/1962/1630 116/1963/1185 142/1964/1226
f 116/1963/1185 182/1962/1630 284/1965/1631
f 182/1962/1630 142/1964/1226 242/1966/1632
f 351/1967/1633 284/1965/1631 182/1962/1630
f 283/1968/1634 242/1966/1632 142/1964/1226
f 242/1966/1632 351/1967/1633 182/1962/1630
f 351/1967/1633 384/1969/1332 284/1965/1631
f 242/1966/1632 283/1968/1634 351/1967/1633
f 283/1968/1634 142/1964/1226 219/1970/1225
f 319/1971/1635 284/1965/1631 384/1969/1332
f 384/1969/1332 472/1972/1321 319/1971/1635
f 1124/1973/1636 1175/1974/1637 1168/1975/1431
f 1175/1974/1637 1124/1973/1636 1087/1976/1638
f 1168/1975/1431 1175/1974/1637 1238/1977/1501
f 1168/1975/1431 1114/1978/1639 1124/1973/1636
f 1124/1973/1636 1114/1978/1639 1087/1976/1638
f 1087/1976/1638 1178/1979/1499 1175/1974/1637
f 1168/1975/1431 1238/1977/1501 1262/1980/1640
f 1238/1977/1501 1175/1974/1637 1178/1979/1499
f 1168/1975/1431 995/1981/1430 1114/1978/1639
f 1087/1976/1638 1114/1978/1639 995/1981/1430
f 1178/1979/1499 1087/1976/1638 1043/1982/1007
f 1262/1980/1640 1238/1977/1501 1361/1983/1641
f 1287/1984/1403 1168/1975/1431 1262/1980/1640
f 993/1985/1008 1087/1976/1638 995/1981/1430
f 1043/1982/1007 1087/1976/1638 993/1985/1008
f 1335/1986/1405 1262/1980/1640 1361/1983/1641
f 1361/1983/1641 1238/1977/1501 1275/1987/1502
f 1262/1980/1640 1335/1986/1405 1287/1984/1403
f 1367/1988/1412 1335/1986/1405 1361/1983/1641
f 1275/1987/1502 1347/1989/1642 1361/1983/1641
f 1422/1990/1416 1367/1988/1412 1361/1983/1641
f 1275/1987/1502 1328/1991/1504 1347/1989/1642
f 1422/1990/1416 1361/1983/1641 1347/1989/1642
f 1415/1992/1643 1347/1989/1642 1328/1991/1504
f 1422/1990/1416 1347/1989/1642 1415/1992/1643
f 1328/1991/1504 1395/1993/1506 1415/1992/1643
f 1422/1990/1416 1415/1992/1643 1473/1994/1421
f 1395/1993/1506 1473/1994/1421 1415/1992/1643
f 931/1995/1644 927/1996/1645 890/1997/1646
f 1025/1998/1647 927/1996/1645 931/1995/1644
f 931/1995/1644 890/1997/1646 942/1999/1648
f 931/1995/1644 957/2000/1649 1025/1998/1647
f 942/1999/1648 957/2000/1649 931/1995/1644
f 1025/1998/1647 957/2000/1649 1079/2001/1650
f 942/1999/1648 948/2002/1651 957/2000/1649
f 1079/2001/1650 1111/2003/1652 1025/1998/1647
f 1079/2001/1650 957/2000/1649 948/2002/1651
f 942/1999/1648 873/2004/1653 948/2002/1651
f 1079/2001/1650 1170/2005/1654 1111/2003/1652
f 1079/2001/1650 948/2002/1651 980/2006/1655
f 873/2004/1653 856/2007/1656 948/2002/1651
f 1079/2001/1650 1182/2008/1657 1170/2005/1654
f 1182/2008/1657 1079/2001/1650 980/2006/1655
f 980/2006/1655 948/2002/1651 944/2009/1658
f 856/2007/1656 944/2009/1658 948/2002/1651
f 1182/2008/1657 980/2006/1655 1055/2010/1659
f 1066/2011/1660 980/2006/1655 944/2009/1658
f 787/2012/1156 944/2009/1658 856/2007/1656
f 1055/2010/1659 1121/2013/1661 1182/2008/1657
f 1055/2010/1659 980/2006/1655 1066/2011/1660
f 907/2014/1157 1066/2011/1660 944/2009/1658
f 787/2012/1156 863/2015/1662 944/2009/1658
f 1055/2010/1659 1066/2011/1660 1121/2013/1661
f 907/2014/1157 944/2009/1658 863/2015/1662
f 787/2012/1156 797/2016/1153 863/2015/1662
f 1121/2013/1661 1066/2011/1660 1141/2017/1663
f 907/2014/1157 863/2015/1662 797/2016/1153
f 621/2018/1664 581/2019/820 596/2020/809
f 688/2021/1665 581/2019/820 621/2018/1664
f 645/2022/814 621/2018/1664 596/2020/809
f 688/2021/1665 621/2018/1664 676/2023/1666
f 645/2022/814 676/2023/1666 621/2018/1664
f 688/2021/1665 676/2023/1666 782/2024/1472
f 676/2023/1666 645/2022/814 768/2025/1468
f 782/2024/1472 676/2023/1666 768/2025/1468
f 688/2021/1665 782/2024/1472 778/2026/1475
f 768/2025/1468 645/2022/814 823/2027/1018
f 778/2026/1475 756/2028/1667 688/2021/1665
f 909/2029/1010 768/2025/1468 823/2027/1018
f 823/2027/1018 645/2022/814 781/2030/1020
f 756/2028/1667 727/2031/1668 688/2021/1665
f 912/2032/1012 909/2029/1010 823/2027/1018
f 757/2033/1481 727/2031/1668 756/2028/1667
f 688/2021/1665 727/2031/1668 758/2034/1669
f 727/2031/1668 757/2033/1481 736/2035/1670
f 736/2035/1670 758/2034/1669 727/2031/1668
f 843/2036/507 736/2035/1670 757/2033/1481
f 765/2037/1671 758/2034/1669 736/2035/1670
f 843/2036/507 767/2038/1672 736/2035/1670
f 765/2037/1671 822/2039/502 758/2034/1669
f 767/2038/1672 765/2037/1671 736/2035/1670
f 831/2040/500 767/2038/1672 843/2036/507
f 831/2040/500 822/2039/502 765/2037/1671
f 765/2037/1671 767/2038/1672 831/2040/500
f 505/2041/1673 415/2042/1674 506/2043/1675
f 505/2041/1673 499/2044/1676 415/2042/1674
f 506/2043/1675 415/2042/1674 423/2045/1677
f 506/2043/1675 503/2046/1678 505/2041/1673
f 499/2044/1676 505/2041/1673 527/2047/1679
f 499/2044/1676 353/2048/1680 415/2042/1674
f 415/2042/1674 328/2049/1681 423/2045/1677
f 506/2043/1675 423/2045/1677 487/2050/1682
f 506/2043/1675 515/2051/1683 503/2046/1678
f 505/2041/1673 503/2046/1678 479/2052/1684
f 527/2047/1679 505/2041/1673 479/2052/1684
f 499/2044/1676 527/2047/1679 524/2053/1685
f 338/2054/1686 353/2048/1680 499/2044/1676
f 415/2042/1674 353/2048/1680 213/2055/1687
f 415/2042/1674 213/2055/1687 328/2049/1681
f 539/2056/834 506/2043/1675 487/2050/1682
f 506/2043/1675 575/2057/843 515/2051/1683
f 515/2051/1683 442/2058/1688 503/2046/1678
f 442/2058/1688 479/2052/1684 503/2046/1678
f 479/2052/1684 524/2053/1685 527/2047/1679
f 524/2053/1685 473/2059/1689 499/2044/1676
f 353/2048/1680 338/2054/1686 257/2060/845
f 473/2059/1689 338/2054/1686 499/2044/1676
f 353/2048/1680 257/2060/845 213/2055/1687
f 575/2057/843 506/2043/1675 539/2056/834
f 484/2061/1690 539/2056/834 487/2050/1682
f 479/2052/1684 442/2058/1688 462/2062/1691
f 479/2052/1684 462/2062/1691 524/2053/1685
f 473/2059/1689 524/2053/1685 421/2063/1692
f 224/2064/837 257/2060/845 338/2054/1686
f 352/2065/1693 338/2054/1686 473/2059/1689
f 542/2066/842 539/2056/834 484/2061/1690
f 487/2050/1682 429/2067/1694 484/2061/1690
f 524/2053/1685 462/2062/1691 421/2063/1692
f 338/2054/1686 352/2065/1693 224/2064/837
f 484/2061/1690 530/2068/858 542/2066/842
f 361/2069/1695 429/2067/1694 487/2050/1682
f 429/2067/1694 434/2070/1696 484/2061/1690
f 429/2067/1694 361/2069/1695 389/2071/1697
f 429/2067/1694 389/2071/1697 434/2070/1696
f 389/2071/1697 361/2069/1695 305/2072/1698
f 361/2069/1695 278/2073/1699 305/2072/1698
f 305/2072/1698 281/2074/1700 389/2071/1697
f 389/2071/1697 281/2074/1700 404/2075/1701
f 716/2076/1702 717/2077/1703 665/2078/1704
f 717/2077/1703 716/2076/1702 813/2079/1613
f 717/2077/1703 739/2080/1705 665/2078/1704
f 665/2078/1704 660/2081/1330 716/2076/1702
f 770/2082/1614 813/2079/1613 716/2076/1702
f 717/2077/1703 813/2079/1613 867/2083/1706
f 717/2077/1703 857/2084/1707 739/2080/1705
f 902/2085/1612 867/2083/1706 813/2079/1613
f 867/2083/1706 857/2084/1707 717/2077/1703
f 867/2083/1706 902/2085/1612 899/2086/1708
f 1017/2087/1259 857/2084/1707 867/2083/1706
f 899/2086/1708 902/2085/1612 961/2088/1616
f 867/2083/1706 899/2086/1708 951/2089/1709
f 1017/2087/1259 867/2083/1706 951/2089/1709
f 961/2088/1616 951/2089/1709 899/2086/1708
f 1017/2087/1259 951/2089/1709 1040/2090/1263
f 1040/2090/1263 951/2089/1709 961/2088/1616
f 1173/2091/1710 1257/2092/534 1186/2093/1711
f 1173/2091/1710 1164/2094/1712 1257/2092/534
f 1271/2095/1713 1186/2093/1711 1257/2092/534
f 1173/2091/1710 1186/2093/1711 1085/2096/522
f 1112/2097/524 1164/2094/1712 1173/2091/1710
f 1203/2098/526 1257/2092/534 1164/2094/1712
f 1271/2095/1713 1257/2092/534 1317/2099/538
f 1259/2100/1714 1186/2093/1711 1271/2095/1713
f 1085/2096/522 1112/2097/524 1173/2091/1710
f 1112/2097/524 1203/2098/526 1164/2094/1712
f 1271/2095/1713 1317/2099/538 1380/2101/547
f 1380/2101/547 1259/2100/1714 1271/2095/1713
f 1112/2097/524 1083/2102/519 1203/2098/526
f 1299/2103/1715 1222/2104/1423 1216/2105/1716
f 1444/2106/1427 1222/2104/1423 1299/2103/1715
f 1259/2107/1714 1299/2103/1715 1216/2105/1716
f 1444/2106/1427 1299/2103/1715 1380/2108/547
f 1380/2108/547 1299/2103/1715 1259/2107/1714
f 1380/2108/547 1421/2109/1717 1444/2106/1427
f 1421/2109/1717 1525/2110/1309 1444/2106/1427
f 1479/2111/1461 1421/2109/1717 1380/2108/547
f 1525/2110/1309 1421/2109/1717 1479/2111/1461
f 1636/2112/1311 1444/2106/1427 1525/2110/1309
f 1920/2113/1291 1919/2114/1718 1848/2115/1719
f 1992/2116/1720 1919/2114/1718 1920/2113/1291
f 1919/2114/1718 1829/2117/1318 1848/2115/1719
f 1920/2113/1291 1848/2115/1719 1866/2118/1721
f 1985/2119/1292 1992/2116/1720 1920/2113/1291
f 1829/2117/1318 1770/2120/1313 1848/2115/1719
f 1866/2118/1721 1848/2115/1719 1770/2120/1313
f 1866/2118/1721 1800/2121/1284 1920/2113/1291
f 1985/2119/1292 2036/2122/1722 1992/2116/1720
f 1866/2118/1721 1770/2120/1313 1794/2123/1723
f 1866/2118/1721 1795/2124/1724 1800/2121/1284
f 2036/2122/1722 1985/2119/1292 2040/2125/1725
f 1794/2123/1723 1770/2120/1313 1763/2126/1312
f 1795/2124/1724 1866/2118/1721 1794/2123/1723
f 1763/2126/1312 1800/2121/1284 1795/2124/1724
f 2040/2125/1725 1985/2119/1292 2042/2127/1285
f 2165/2128/1726 2036/2122/1722 2040/2125/1725
f 1763/2126/1312 1795/2124/1724 1794/2123/1723
f 2111/2129/1727 2040/2125/1725 2042/2127/1285
f 2165/2128/1726 2040/2125/1725 2111/2129/1727
f 2149/2130/1728 2111/2129/1727 2042/2127/1285
f 2165/2128/1726 2111/2129/1727 2202/2131/1729
f 2149/2130/1728 2042/2127/1285 2128/2132/1303
f 2202/2131/1729 2230/2133/1360 2165/2128/1726
f 2149/2130/1728 2128/2132/1303 2231/2134/1305
f 2188/2135/1357 2165/2128/1726 2230/2133/1360
f 2230/2133/1360 2202/2131/1729 2231/2134/1305
f 2231/2134/1305 2202/2131/1729 2149/2130/1728
f 2188/2135/1357 2142/2136/1730 2165/2128/1726
f 2163/2137/1731 2142/2136/1730 2188/2135/1357
f 2142/2136/1730 2163/2137/1731 2103/2138/1732
f 2188/2135/1357 2145/2139/1364 2163/2137/1731
f 2163/2137/1731 2055/2140/1733 2103/2138/1732
f 2163/2137/1731 2145/2139/1364 2055/2140/1733
f 2103/2138/1732 2055/2140/1733 2002/2141/1734
f 2055/2140/1733 2145/2139/1364 2002/2141/1734
f 2203/2142/1735 2226/2143/1736 2216/2144/1737
f 2256/2145/1738 2226/2143/1736 2203/2142/1735
f 2216/2144/1737 2201/2146/1300 2203/2142/1735
f 2226/2143/1736 2256/2145/1738 2263/2147/612
f 2256/2145/1738 2203/2142/1735 2157/2148/1453
f 2201/2146/1300 2130/2149/1293 2203/2142/1735
f 2261/2150/610 2263/2147/612 2256/2145/1738
f 2263/2147/612 2253/2151/1739 2226/2143/1736
f 2256/2145/1738 2157/2148/1453 2261/2150/610
f 2203/2142/1735 2114/2152/1455 2157/2148/1453
f 2203/2142/1735 2130/2149/1293 2114/2152/1455
f 2252/2153/1375 2226/2143/1736 2253/2151/1739
f 2207/2154/605 2261/2150/610 2157/2148/1453
f 2157/2148/1453 2114/2152/1455 2136/2155/1452
f 2206/2156/1740 2255/2157/1741 2233/2158/619
f 2255/2157/1741 2206/2156/1740 2232/2159/1742
f 2233/2158/619 2255/2157/1741 2277/2160/615
f 2206/2156/1740 2233/2158/619 2113/2161/626
f 2147/2162/1743 2232/2159/1742 2206/2156/1740
f 2232/2159/1742 2263/2163/612 2255/2157/1741
f 2277/2160/615 2255/2157/1741 2263/2163/612
f 2113/2161/626 2112/2164/1744 2206/2156/1740
f 2232/2159/1742 2147/2162/1743 2182/2165/1745
f 2206/2156/1740 2060/2166/1746 2147/2162/1743
f 2263/2163/612 2232/2159/1742 2253/2167/1739
f 2112/2164/1744 2113/2161/626 2050/2168/656
f 2206/2156/1740 2112/2164/1744 2060/2166/1746
f 2182/2165/1745 2253/2167/1739 2232/2159/1742
f 2146/2169/1747 2182/2165/1745 2147/2162/1743
f 2133/2170/1221 2147/2162/1743 2060/2166/1746
f 2112/2164/1744 2050/2168/656 2060/2166/1746
f 2253/2167/1739 2182/2165/1745 2186/2171/1748
f 2186/2171/1748 2182/2165/1745 2146/2169/1747
f 2146/2169/1747 2147/2162/1743 2133/2170/1221
f 2060/2166/1746 2037/2172/1207 2133/2170/1221
f 1943/2173/657 2060/2166/1746 2050/2168/656
f 2186/2171/1748 2252/2174/1375 2253/2167/1739
f 2133/2170/1221 2131/2175/1223 2146/2169/1747
f 2060/2166/1746 1943/2173/657 2037/2172/1207
f 1835/2176/1749 1857/2177/777 1892/2178/1118
f 1835/2176/1749 1806/2179/769 1857/2177/777
f 1835/2176/1749 1892/2178/1118 1896/2180/1113
f 1773/2181/1750 1806/2179/769 1835/2176/1749
f 1835/2176/1749 1896/2180/1113 1773/2181/1750
f 1668/2182/760 1806/2179/769 1773/2181/1750
f 1807/2183/1112 1773/2181/1750 1896/2180/1113
f 1773/2181/1750 1669/2184/1751 1668/2182/760
f 1870/2185/1110 1807/2183/1112 1896/2180/1113
f 1773/2181/1750 1807/2183/1112 1789/2186/1752
f 1668/2182/760 1669/2184/1751 1624/2187/1753
f 1669/2184/1751 1773/2181/1750 1789/2186/1752
f 1620/2188/770 1624/2187/1753 1669/2184/1751
f 1668/2182/760 1624/2187/1753 1551/2189/757
f 1669/2184/1751 1789/2186/1752 1696/2190/1754
f 1669/2184/1751 1696/2190/1754 1620/2188/770
f 1624/2187/1753 1620/2188/770 1551/2189/757
f 1620/2188/770 1696/2190/1754 1613/2191/766
f 1694/2192/1526 1613/2191/766 1696/2190/1754
f 1619/2193/1523 1613/2191/766 1694/2192/1526
f 24/2194/1094 16/2195/1192 21/2196/1513
f 21/2196/1513 16/2195/1192 32/2197/947
f 24/2194/1094 21/2196/1513 5/2198/1755
f 179/2199/941 32/2197/947 16/2195/1192
f 179/2199/941 16/2195/1192 151/2200/1190
f 151/2200/1190 298/2201/1756 179/2199/941
f 151/2200/1190 167/2202/1186 298/2201/1756
f 298/2201/1756 343/2203/939 179/2199/941
f 298/2201/1756 167/2202/1186 256/2204/1757
f 256/2204/1757 343/2203/939 298/2201/1756
f 349/2205/1629 343/2203/939 256/2204/1757
f 1556/2206/1758 1612/2207/481 1665/2208/493
f 1612/2207/481 1556/2206/1758 1512/2209/488
f 1612/2207/481 1646/2210/484 1665/2208/493
f 1665/2208/493 1611/2211/1759 1556/2206/1758
f 1556/2206/1758 1574/2212/1760 1512/2209/488
f 1611/2211/1759 1574/2212/1760 1556/2206/1758
f 1611/2211/1759 1665/2208/493 1638/2213/1761
f 1677/2214/1762 1638/2213/1761 1665/2208/493
f 1656/2215/1763 1677/2214/1762 1665/2208/493
f 548/2216/1764 546/2217/1765 492/2218/1604
f 546/2217/1765 548/2216/1764 648/2219/1766
f 548/2216/1764 492/2218/1604 592/2220/1606
f 572/2221/1767 546/2217/1765 648/2219/1766
f 659/2222/1768 648/2219/1766 548/2216/1764
f 592/2220/1606 659/2222/1768 548/2216/1764
f 606/2223/1769 572/2221/1767 648/2219/1766
f 773/2224/108 648/2219/1766 659/2222/1768
f 659/2222/1768 592/2220/1606 693/2225/100
f 648/2219/1766 680/2226/1770 606/2223/1769
f 773/2224/108 680/2226/1770 648/2219/1766
f 789/2227/99 773/2224/108 659/2222/1768
f 703/2228/88 693/2225/100 592/2220/1606
f 693/2225/100 789/2227/99 659/2222/1768
f 680/2226/1770 522/2229/1771 606/2223/1769
f 721/2230/120 680/2226/1770 773/2224/108
f 592/2220/1606 650/2231/1772 703/2228/88
f 789/2227/99 693/2225/100 749/2232/95
f 629/2233/1773 522/2229/1771 680/2226/1770
f 680/2226/1770 721/2230/120 702/2234/1774
f 551/2235/1775 650/2231/1772 592/2220/1606
f 650/2231/1772 750/2236/83 703/2228/88
f 702/2234/1774 629/2233/1773 680/2226/1770
f 763/2237/133 702/2234/1774 721/2230/120
f 670/2238/157 629/2233/1773 702/2234/1774
f 670/2238/157 702/2234/1774 763/2237/133
f 1407/2239/1439 1388/2240/542 1272/2241/539
f 1456/2242/550 1388/2240/542 1407/2239/1439
f 1388/2240/542 1312/2243/536 1272/2241/539
f 1407/2239/1439 1272/2241/539 1340/2244/564
f 1340/2244/564 1272/2241/539 1301/2245/1776
f 1240/2246/531 1301/2245/1776 1272/2241/539
f 1301/2245/1776 1333/2247/1777 1340/2244/564
f 1301/2245/1776 1240/2246/531 1202/2248/529
f 1333/2247/1777 1301/2245/1776 1202/2248/529
f 1340/2244/564 1333/2247/1777 1273/2249/565
f 1333/2247/1777 1202/2248/529 1258/2250/535
f 1333/2247/1777 1258/2250/535 1273/2249/565
f 1273/2249/565 1258/2250/535 1269/2251/566
f 1790/2252/1778 1625/2253/1779 1684/2254/1780
f 1684/2254/1780 1625/2253/1779 1601/2255/1781
f 1684/2254/1780 1767/2256/1782 1790/2252/1778
f 1568/2257/1783 1601/2255/1781 1625/2253/1779
f 1601/2255/1781 1586/2258/1784 1684/2254/1780
f 1684/2254/1780 1586/2258/1784 1767/2256/1782
f 1767/2256/1782 1842/2259/1131 1790/2252/1778
f 1550/2260/1785 1568/2257/1783 1625/2253/1779
f 1568/2257/1783 1452/2261/1786 1601/2255/1781
f 1933/2262/1122 1842/2259/1131 1767/2256/1782
f 1466/2263/1787 1568/2257/1783 1550/2260/1785
f 1466/2263/1787 1452/2261/1786 1568/2257/1783
f 60/2264/1788 129/2265/805 118/2266/1090
f 129/2265/805 60/2264/1788 49/2267/817
f 118/2266/1090 39/2268/1089 60/2264/1788
f 60/2264/1788 25/2269/1789 49/2267/817
f 60/2264/1788 39/2268/1089 6/2270/1790
f 25/2269/1789 60/2264/1788 6/2270/1790
f 6/2270/1790 39/2268/1089 29/2271/1093
f 610/2272/40 299/2273/434 474/2274/48
f 474/2274/48 299/2273/434 277/2275/52
f 208/2276/1791 187/2277/1792 159/2278/1793
f 208/2276/1791 210/2279/1794 187/2277/1792
f 159/2278/1793 187/2277/1792 121/2280/1795
f 313/2281/1600 187/2277/1792 210/2279/1794
f 269/2282/1796 210/2279/1794 208/2276/1791
f 121/2280/1795 187/2277/1792 249/2283/1596
f 249/2283/1596 187/2277/1792 313/2281/1600
f 313/2281/1600 210/2279/1794 346/2284/1797
f 279/2285/1798 269/2282/1796 208/2276/1791
f 121/2280/1795 249/2283/1596 132/2286/1799
f 346/2284/1797 368/2287/1601 313/2281/1600
f 1970/2288/1800 1919/2289/1718 2002/2290/1734
f 1970/2288/1800 1829/2291/1318 1919/2289/1718
f 1919/2289/1718 1997/2292/1801 2002/2290/1734
f 1997/2292/1801 1919/2289/1718 1992/2293/1720
f 2103/2294/1732 2002/2290/1734 1997/2292/1801
f 2036/2295/1722 1997/2292/1801 1992/2293/1720
f 2036/2295/1722 2103/2294/1732 1997/2292/1801
f 2103/2294/1732 2036/2295/1722 2142/2296/1730
f 2142/2296/1730 2036/2295/1722 2165/2297/1726
f 494/2298/1802 427/2299/1803 517/2300/1804
f 494/2298/1802 269/2301/1796 427/2299/1803
f 517/2300/1804 427/2299/1803 367/2302/1805
f 494/2298/1802 517/2300/1804 627/2303/1806
f 427/2299/1803 269/2301/1796 279/2304/1798
f 367/2302/1805 427/2299/1803 347/2305/1807
f 517/2300/1804 367/2302/1805 446/2306/1808
f 668/2307/1809 627/2303/1806 517/2300/1804
f 704/2308/1810 494/2298/1802 627/2303/1806
f 427/2299/1803 279/2304/1798 347/2305/1807
f 367/2302/1805 347/2305/1807 233/2309/1811
f 605/2310/1812 517/2300/1804 446/2306/1808
f 682/2311/1813 627/2303/1806 668/2307/1809
f 668/2307/1809 517/2300/1804 605/2310/1812
f 704/2308/1810 627/2303/1806 681/2312/1814
f 347/2305/1807 279/2304/1798 233/2309/1811
f 681/2312/1814 627/2303/1806 682/2311/1813
f 668/2307/1809 694/2313/1815 682/2311/1813
f 668/2307/1809 605/2310/1812 694/2313/1815
f 764/2314/1816 704/2308/1810 681/2312/1814
f 764/2314/1816 681/2312/1814 682/2311/1813
f 764/2314/1816 682/2311/1813 694/2313/1815
f 734/2315/1817 694/2313/1815 605/2310/1812
f 694/2313/1815 722/2316/1818 764/2314/1816
f 722/2316/1818 694/2313/1815 734/2315/1817
f 734/2315/1817 605/2310/1812 669/2317/1819
f 2186/2318/1748 2164/2319/1820 2169/2320/1821
f 2164/2319/1820 2186/2318/1748 2166/2321/1222
f 2164/2319/1820 2087/2322/1822 2169/2320/1821
f 2166/2321/1222 2186/2318/1748 2146/2323/1747
f 2166/2321/1222 2063/2324/1214 2164/2319/1820
f 2063/2324/1214 2087/2322/1822 2164/2319/1820
f 2169/2320/1821 2087/2322/1822 2104/2325/1208
f 2146/2323/1747 2131/2326/1223 2166/2321/1222
f 2029/2327/1199 2087/2322/1822 2063/2324/1214
f 2087/2322/1822 2029/2327/1199 2104/2325/1208
f 2169/2320/1821 2104/2325/1208 2167/2328/1823
f 2167/2328/1823 2104/2325/1208 2205/2329/1371
f 2205/2329/1371 2169/2320/1821 2167/2328/1823
f 2205/2329/1371 2104/2325/1208 2057/2330/1219
f 1726/2331/490 1762/2332/1824 1665/2333/493
f 1762/2332/1824 1726/2331/490 1780/2334/494
f 1749/2335/1825 1665/2333/493 1762/2332/1824
f 1780/2334/494 1796/2336/1826 1762/2332/1824
f 1749/2335/1825 1762/2332/1824 1786/2337/1827
f 1656/2338/1763 1665/2333/493 1749/2335/1825
f 1762/2332/1824 1796/2336/1826 1786/2337/1827
f 1749/2335/1825 1609/2339/1105 1656/2338/1763
f 1545/2340/1828 1472/2341/1829 1464/2342/1830
f 1472/2341/1829 1545/2340/1828 1562/2343/1831
f 1464/2342/1830 1472/2341/1829 1358/2344/1505
f 1543/2345/1832 1545/2340/1828 1464/2342/1830
f 1526/2346/1833 1472/2341/1829 1562/2343/1831
f 1562/2343/1831 1545/2340/1828 1650/2347/1834
f 1472/2341/1829 1395/2348/1506 1358/2344/1505
f 1464/2342/1830 1358/2344/1505 1396/2349/1835
f 1543/2345/1832 1640/2350/975 1545/2340/1828
f 1464/2342/1830 1396/2349/1835 1543/2345/1832
f 1573/2351/1836 1526/2346/1833 1562/2343/1831
f 1703/2352/1444 1562/2343/1831 1650/2347/1834
f 1650/2347/1834 1545/2340/1828 1640/2350/975
f 1288/2353/1046 1396/2349/1835 1358/2344/1505
f 1543/2345/1832 1584/2354/971 1640/2350/975
f 1487/2355/969 1543/2345/1832 1396/2349/1835
f 1562/2343/1831 1622/2356/1422 1573/2351/1836
f 1526/2346/1833 1573/2351/1836 1461/2357/1420
f 1562/2343/1831 1703/2352/1444 1622/2356/1422
f 1396/2349/1835 1288/2353/1046 1374/2358/966
f 1584/2354/971 1543/2345/1832 1487/2355/969
f 1374/2358/966 1487/2355/969 1396/2349/1835
f 1573/2351/1836 1622/2356/1422 1461/2357/1420
f 1622/2356/1422 1703/2352/1444 1647/2359/1442
f 1622/2356/1422 1647/2359/1442 1651/2360/1419
f 215/2361/1837 177/2362/1838 147/2363/1839
f 148/2364/1840 147/2363/1839 177/2362/1838
f 147/2363/1839 251/2365/1841 215/2361/1837
f 297/2366/1842 215/2361/1837 251/2365/1841
f 1253/2367/1843 1252/2368/1844 1403/2369/1845
f 1756/2370/1846 1724/2371/1847 1847/2372/1848
f 1724/2371/1847 1756/2370/1846 1698/2373/1849
f 1840/2374/1850 1847/2372/1848 1724/2371/1847
f 1712/2375/1851 1698/2373/1849 1756/2370/1846
f 1698/2373/1849 1644/2376/1390 1724/2371/1847
f 1821/2377/1852 1840/2374/1850 1724/2371/1847
f 1814/2378/1123 1712/2375/1851 1756/2370/1846
f 1644/2376/1390 1585/2379/1401 1724/2371/1847
f 1724/2371/1847 1740/2380/1520 1821/2377/1852
f 1724/2371/1847 1585/2379/1401 1740/2380/1520
f 1585/2379/1401 1533/2381/1400 1740/2380/1520
f 1659/2382/1853 1597/2383/307 1633/2384/1854
f 1659/2382/1853 1587/2385/322 1597/2383/307
f 1565/2386/301 1633/2384/1854 1597/2383/307
f 1670/2387/1855 1659/2382/1853 1633/2384/1854
f 1704/2388/968 1587/2385/322 1659/2382/1853
f 1633/2384/1854 1565/2386/301 1716/2389/316
f 1758/2390/1856 1659/2382/1853 1670/2387/1855
f 1670/2387/1855 1633/2384/1854 1725/2391/1857
f 1659/2382/1853 1788/2392/1858 1704/2388/968
f 1716/2389/316 1725/2391/1857 1633/2384/1854
f 1659/2382/1853 1758/2390/1856 1788/2392/1858
f 1725/2391/1857 1758/2390/1856 1670/2387/1855
f 1788/2392/1858 1839/2393/977 1704/2388/968
f 1716/2389/316 1823/2394/1859 1725/2391/1857
f 1788/2392/1858 1758/2390/1856 1895/2395/1860
f 1758/2390/1856 1725/2391/1857 1837/2396/1861
f 1895/2395/1860 1839/2393/977 1788/2392/1858
f 1823/2394/1859 1716/2389/316 1775/2397/331
f 1837/2396/1861 1725/2391/1857 1823/2394/1859
f 1895/2395/1860 1758/2390/1856 1837/2396/1861
f 1895/2395/1860 2001/2398/981 1839/2393/977
f 1872/2399/1862 1823/2394/1859 1775/2397/331
f 1837/2396/1861 1823/2394/1859 1872/2399/1862
f 1895/2395/1860 1837/2396/1861 1930/2400/1863
f 1895/2395/1860 2034/2401/987 2001/2398/981
f 1872/2399/1862 1775/2397/331 1937/2402/1864
f 1900/2403/1865 1837/2396/1861 1872/2399/1862
f 1930/2400/1863 1837/2396/1861 1931/2404/1553
f 1895/2395/1860 1930/2400/1863 2034/2401/987
f 1900/2403/1865 1872/2399/1862 1937/2402/1864
f 1837/2396/1861 1900/2403/1865 1931/2404/1553
f 1930/2400/1863 1931/2404/1553 2034/2401/987
f 3/2405/999 2/2406/1866 4/2407/436
f 2/2406/1866 3/2405/999 19/2408/1000
f 6/2409/1790 4/2407/436 2/2406/1866
f 19/2408/1000 25/2410/1789 2/2406/1866
f 6/2409/1790 2/2406/1866 25/2410/1789
f 25/2410/1789 19/2408/1000 49/2411/817
f 19/2408/1000 22/2412/831 49/2411/817
f 317/2413/1867 265/2414/1868 196/2415/816
f 265/2414/1868 317/2413/1867 405/2416/1869
f 196/2415/816 220/2417/826 317/2413/1867
f 317/2413/1867 421/2418/1692 405/2416/1869
f 405/2416/1869 422/2419/1870 265/2414/1868
f 220/2417/826 352/2420/1693 317/2413/1867
f 437/2421/1871 421/2418/1692 317/2413/1867
f 422/2419/1870 405/2416/1869 421/2418/1692
f 220/2417/826 224/2422/837 352/2420/1693
f 352/2420/1693 437/2421/1871 317/2413/1867
f 473/2423/1689 421/2418/1692 437/2421/1871
f 421/2418/1692 462/2424/1691 422/2419/1870
f 352/2420/1693 473/2423/1689 437/2421/1871
f 462/2424/1691 391/2425/1872 422/2419/1870
f 398/2426/1873 391/2425/1872 462/2424/1691
f 425/2427/1874 398/2426/1873 462/2424/1691
f 398/2426/1873 425/2427/1874 375/2428/1875
f 425/2427/1874 462/2424/1691 442/2429/1688
f 425/2427/1874 478/2430/812 375/2428/1875
f 478/2430/812 425/2427/1874 442/2429/1688
f 288/2431/803 375/2428/1875 478/2430/812
f 442/2429/1688 575/2432/843 478/2430/812
f 583/2433/818 478/2430/812 575/2432/843
f 723/2434/1876 739/2435/1705 857/2436/1707
f 832/2437/1877 723/2434/1876 857/2436/1707
f 780/2438/464 723/2434/1876 832/2437/1877
f 832/2437/1877 857/2436/1707 880/2439/462
f 832/2437/1877 880/2439/462 780/2438/464
f 880/2439/462 857/2436/1707 1017/2440/1259
f 880/2439/462 1017/2440/1259 983/2441/459
f 1894/2442/1878 1909/2443/1879 1986/2444/986
f 1808/2445/1448 1909/2443/1879 1894/2442/1878
f 1921/2446/980 1986/2444/986 1909/2443/1879
f 1986/2444/986 1977/2447/993 1894/2442/1878
f 1909/2443/1879 1808/2445/1448 1703/2448/1444
f 1905/2449/1447 1808/2445/1448 1894/2442/1878
f 1921/2446/980 1909/2443/1879 1820/2450/1880
f 1977/2447/993 1905/2449/1447 1894/2442/1878
f 1909/2443/1879 1703/2448/1444 1650/2451/1834
f 1909/2443/1879 1650/2451/1834 1820/2450/1880
f 1820/2450/1880 1741/2452/978 1921/2446/980
f 1820/2450/1880 1650/2451/1834 1741/2452/978
f 1741/2452/978 1650/2451/1834 1640/2453/975
f 1329/2454/1376 1292/2455/1881 1129/2456/1377
f 1329/2454/1376 1373/2457/1882 1292/2455/1881
f 1293/2458/1883 1292/2455/1881 1373/2457/1882
f 1329/2454/1376 1441/2459/1884 1373/2457/1882
f 1373/2457/1882 1351/2460/1885 1293/2458/1883
f 1441/2459/1884 1329/2454/1376 1507/2461/1383
f 1441/2459/1884 1507/2461/1383 1589/2462/1886
f 2306/2463/384 2321/2464/381 2316/2465/1887
f 2321/2464/381 2279/2466/649 2316/2465/1887
f 2306/2463/384 2316/2465/1887 2291/2467/1888
f 2316/2465/1887 2279/2466/649 2318/2468/643
f 2291/2467/1888 2217/2469/391 2306/2463/384
f 2316/2465/1887 2287/2470/1889 2291/2467/1888
f 2318/2468/643 2287/2470/1889 2316/2465/1887
f 2217/2469/391 2291/2467/1888 2287/2470/1889
f 2318/2468/643 2305/2471/639 2287/2470/1889
f 2217/2469/391 2287/2470/1889 2298/2472/1564
f 2305/2471/639 2298/2472/1564 2287/2470/1889
f 2298/2472/1564 2191/2473/395 2217/2469/391
f 2191/2473/395 2298/2472/1564 2219/2474/1559
f 1500/2475/1890 1443/2476/491 1512/2477/488
f 1366/2478/471 1443/2476/491 1500/2475/1890
f 1512/2477/488 1574/2479/1760 1500/2475/1890
f 1500/2475/1890 1432/2480/1891 1366/2478/471
f 1574/2479/1760 1511/2481/1892 1500/2475/1890
f 1432/2480/1891 1500/2475/1890 1511/2481/1892
f 1511/2481/1892 1574/2479/1760 1611/2482/1759
f 1481/2483/1893 1432/2480/1891 1511/2481/1892
f 1642/2484/1894 1511/2481/1892 1611/2482/1759
f 1481/2483/1893 1304/2485/65 1432/2480/1891
f 1615/2486/1895 1481/2483/1893 1511/2481/1892
f 1615/2486/1895 1511/2481/1892 1642/2484/1894
f 1642/2484/1894 1611/2482/1759 1638/2487/1761
f 1481/2483/1893 1537/2488/72 1304/2485/65
f 1481/2483/1893 1615/2486/1895 1537/2488/72
f 1638/2487/1761 1615/2486/1895 1642/2484/1894
f 1617/2489/1896 1615/2486/1895 1638/2487/1761
f 523/2490/1897 508/2491/1898 494/2492/1802
f 549/2493/1899 508/2491/1898 523/2490/1897
f 508/2491/1898 269/2494/1796 494/2492/1802
f 523/2490/1897 494/2492/1802 589/2495/1900
f 570/2496/1901 549/2493/1899 523/2490/1897
f 549/2493/1899 495/2497/1902 508/2491/1898
f 508/2491/1898 210/2498/1794 269/2494/1796
f 570/2496/1901 523/2490/1897 589/2495/1900
f 549/2493/1899 570/2496/1901 683/2499/1903
f 508/2491/1898 495/2497/1902 400/2500/1904
f 549/2493/1899 607/2501/1905 495/2497/1902
f 400/2500/1904 210/2498/1794 508/2491/1898
f 589/2495/1900 704/2502/1810 570/2496/1901
f 607/2501/1905 549/2493/1899 683/2499/1903
f 683/2499/1903 570/2496/1901 704/2502/1810
f 495/2497/1902 346/2503/1797 400/2500/1904
f 551/2504/1775 495/2497/1902 607/2501/1905
f 400/2500/1904 346/2503/1797 210/2498/1794
f 683/2499/1903 750/2505/83 607/2501/1905
f 683/2499/1903 704/2502/1810 750/2505/83
f 368/2506/1601 346/2503/1797 495/2497/1902
f 607/2501/1905 628/2507/1906 551/2504/1775
f 551/2504/1775 368/2506/1601 495/2497/1902
f 650/2508/1772 607/2501/1905 750/2505/83
f 650/2508/1772 551/2504/1775 628/2507/1906
f 497/2509/1602 368/2506/1601 551/2504/1775
f 550/2510/1907 497/2509/1602 551/2504/1775
f 512/2511/1605 497/2509/1602 550/2510/1907
f 551/2504/1775 592/2512/1606 550/2510/1907
f 550/2510/1907 592/2512/1606 512/2511/1605
f 2012/2513/1908 1953/2514/1909 2009/2515/1910
f 2000/2516/1128 2009/2515/1910 1953/2514/1909
f 2048/2517/1911 2012/2513/1908 2009/2515/1910
f 2000/2516/1128 2048/2517/1911 2009/2515/1910
f 1953/2514/1909 1914/2518/1129 2000/2516/1128
f 2012/2513/1908 2048/2517/1911 2083/2519/1912
f 2122/2520/1913 2048/2517/1911 2000/2516/1128
f 1914/2518/1129 1934/2521/1126 2000/2516/1128
f 2083/2519/1912 2048/2517/1911 2098/2522/1914
f 2048/2517/1911 2122/2520/1913 2197/2523/1915
f 2000/2516/1128 2073/2524/1916 2122/2520/1913
f 2098/2522/1914 2048/2517/1911 2197/2523/1915
f 2196/2525/701 2197/2523/1915 2122/2520/1913
f 2122/2520/1913 2073/2524/1916 2196/2525/701
f 2110/2526/1127 2073/2524/1916 2000/2516/1128
f 2220/2527/709 2197/2523/1915 2196/2525/701
f 2196/2525/701 2262/2528/699 2220/2527/709
f 615/2529/178 594/2530/1917 571/2531/1918
f 594/2530/1917 615/2529/178 649/2532/1919
f 615/2529/178 571/2531/1918 670/2533/157
f 649/2532/1919 658/2534/1920 594/2530/1917
f 679/2535/190 649/2532/1919 615/2529/178
f 629/2536/1773 670/2533/157 571/2531/1918
f 746/2537/208 658/2534/1920 649/2532/1919
f 658/2534/1920 591/2538/1921 594/2530/1917
f 746/2537/208 649/2532/1919 679/2535/190
f 746/2537/208 714/2539/1922 658/2534/1920
f 690/2540/1923 591/2538/1921 658/2534/1920
f 746/2537/208 743/2541/1924 714/2539/1922
f 690/2540/1923 658/2534/1920 714/2539/1922
f 690/2540/1923 646/2542/1622 591/2538/1921
f 746/2537/208 798/2543/1925 743/2541/1924
f 720/2544/1926 714/2539/1922 743/2541/1924
f 690/2540/1923 714/2539/1922 720/2544/1926
f 690/2540/1923 677/2545/1027 646/2542/1622
f 798/2543/1925 720/2544/1926 743/2541/1924
f 746/2537/208 852/2546/219 798/2543/1925
f 720/2544/1926 677/2545/1027 690/2540/1923
f 798/2543/1925 852/2546/219 720/2544/1926
f 720/2544/1926 816/2547/245 677/2545/1027
f 720/2544/1926 852/2546/219 816/2547/245
f 1887/2548/1927 1861/2549/323 1950/2550/1928
f 1861/2549/323 1887/2548/1927 1775/2551/331
f 1950/2550/1928 1937/2552/1864 1887/2548/1927
f 1937/2552/1864 1775/2551/331 1887/2548/1927
f 2067/2553/1929 1937/2552/1864 1950/2550/1928
f 2081/2554/1930 2067/2553/1929 1950/2550/1928
f 2067/2553/1929 1900/2555/1865 1937/2552/1864
f 2067/2553/1929 2081/2554/1930 2191/2556/395
f 2067/2553/1929 2074/2557/1931 1900/2555/1865
f 2191/2556/395 2081/2554/1930 2194/2558/393
f 2074/2557/1931 2067/2553/1929 2191/2556/395
f 2074/2557/1931 1978/2559/1556 1900/2555/1865
f 2194/2558/393 2081/2554/1930 2076/2560/1932
f 2074/2557/1931 2191/2556/395 2192/2561/1933
f 2095/2562/1557 1978/2559/1556 2074/2557/1931
f 1999/2563/1552 1900/2555/1865 1978/2559/1556
f 2134/2564/1934 2194/2558/393 2076/2560/1932
f 2192/2561/1933 2095/2562/1557 2074/2557/1931
f 2191/2556/395 2219/2565/1559 2192/2561/1933
f 1900/2555/1865 1999/2563/1552 1931/2566/1553
f 2194/2558/393 2134/2564/1934 2158/2567/1935
f 2134/2564/1934 2076/2560/1932 2043/2568/1936
f 2219/2565/1559 2095/2562/1557 2192/2561/1933
f 2211/2569/394 2158/2567/1935 2134/2564/1934
f 2194/2558/393 2158/2567/1935 2211/2569/394
f 2091/2570/392 2134/2564/1934 2043/2568/1936
f 2211/2569/394 2134/2564/1934 2091/2570/392
f 1570/2571/1937 1596/2572/449 1498/2573/445
f 1570/2571/1937 1635/2574/450 1596/2572/449
f 1498/2573/445 1594/2575/1938 1570/2571/1937
f 1680/2576/473 1635/2574/450 1570/2571/1937
f 1570/2571/1937 1594/2575/1938 1680/2576/473
f 1699/2577/1939 1680/2576/473 1594/2575/1938
f 1739/2578/477 1680/2576/473 1699/2577/1939
f 1699/2577/1939 1729/2579/1940 1739/2578/477
f 1729/2579/1940 1750/2580/483 1739/2578/477
f 1797/2581/1458 1750/2580/483 1729/2579/1940
f 1799/2582/1457 1750/2580/483 1797/2581/1458
f 1750/2580/483 1799/2582/1457 1779/2583/480
f 149/2584/1941 105/2585/1942 96/2586/1943
f 252/2587/1944 105/2585/1942 149/2584/1941
f 96/2586/1943 105/2585/1942 114/2588/1945
f 105/2585/1942 252/2587/1944 114/2588/1945
f 149/2584/1941 156/2589/1946 252/2587/1944
f 114/2588/1945 252/2587/1944 311/2590/926
f 273/2591/918 252/2587/1944 156/2589/1946
f 114/2588/1945 311/2590/926 133/2592/1947
f 273/2591/918 311/2590/926 252/2587/1944
f 156/2589/1946 173/2593/913 273/2591/918
f 311/2590/926 408/2594/931 133/2592/1947
f 408/2594/931 232/2595/1948 133/2592/1947
f 232/2595/1948 408/2594/931 331/2596/1949
f 133/2592/1947 232/2595/1948 188/2597/1950
f 408/2594/931 396/2598/936 331/2596/1949
f 292/2599/1951 232/2595/1948 331/2596/1949
f 133/2592/1947 188/2597/1950 135/2600/1952
f 292/2599/1951 188/2597/1950 232/2595/1948
f 396/2598/936 366/2601/1953 331/2596/1949
f 292/2599/1951 331/2596/1949 366/2601/1953
f 120/2602/1954 135/2600/1952 188/2597/1950
f 188/2597/1950 292/2599/1951 211/2603/1955
f 396/2598/936 486/2604/934 366/2601/1953
f 292/2599/1951 366/2601/1953 483/2605/1956
f 130/2606/1957 135/2600/1952 120/2602/1954
f 211/2603/1955 120/2602/1954 188/2597/1950
f 483/2605/1956 366/2601/1953 486/2604/934
f 130/2606/1957 120/2602/1954 147/2607/1839
f 162/2608/1958 130/2606/1957 147/2607/1839
f 555/2609/1959 644/2610/1960 723/2611/1876
f 695/2612/1628 555/2609/1959 723/2611/1876
f 564/2613/1625 555/2609/1959 695/2612/1628
f 555/2609/1959 564/2613/1625 500/2614/1961
f 406/2615/1627 500/2614/1961 564/2613/1625
f 1629/2616/554 1572/2617/551 1540/2618/1962
f 1540/2618/1962 1572/2617/551 1456/2619/550
f 1581/2620/1286 1629/2616/554 1540/2618/1962
f 1456/2619/550 1407/2621/1439 1540/2618/1962
f 1571/2622/1414 1581/2620/1286 1540/2618/1962
f 1540/2618/1962 1407/2621/1439 1457/2623/1438
f 1540/2618/1962 1457/2623/1438 1571/2622/1414
f 413/2624/1236 414/2625/859 469/2626/1963
f 469/2626/1963 414/2625/859 526/2627/852
f 413/2624/1236 469/2626/1963 554/2628/1964
f 576/2629/1965 469/2626/1963 526/2627/852
f 554/2628/1964 469/2626/1963 576/2629/1965
f 480/2630/1239 413/2624/1236 554/2628/1964
f 582/2631/847 576/2629/1965 526/2627/852
f 537/2632/1966 554/2628/1964 576/2629/1965
f 553/2633/1967 480/2630/1239 554/2628/1964
f 537/2632/1966 576/2629/1965 582/2631/847
f 553/2633/1967 552/2634/1234 480/2630/1239
f 553/2633/1967 540/2635/1237 552/2634/1234
f 553/2633/1967 726/2636/1610 540/2635/1237
f 777/2637/516 726/2636/1610 553/2633/1967
f 470/2638/404 557/2639/398 431/2640/406
f 470/2638/404 431/2640/406 321/2641/411
f 431/2640/406 324/2642/1968 321/2641/411
f 330/2643/910 324/2642/1968 431/2640/406
f 321/2641/411 324/2642/1968 245/2644/420
f 324/2642/1968 330/2643/910 245/2644/420
f 1485/2645/589 1409/2646/599 1343/2647/586
f 1343/2647/586 1409/2646/599 1190/2648/580
f 1190/2648/580 1409/2646/599 1382/2649/595
f 1382/2649/595 1261/2650/585 1190/2648/580
f 1326/2651/588 1261/2650/585 1382/2649/595
f 1459/2652/1265 1594/2653/1938 1498/2654/445
f 1594/2653/1938 1459/2652/1265 1578/2655/1969
f 1628/2656/890 1594/2653/1938 1578/2655/1969
f 1594/2653/1938 1628/2656/890 1699/2657/1939
f 1608/2658/883 1628/2656/890 1578/2655/1969
f 1628/2656/890 1686/2659/1970 1699/2657/1939
f 1608/2658/883 1578/2655/1969 1536/2660/876
f 1748/2661/1971 1699/2657/1939 1686/2659/1970
f 1699/2657/1939 1748/2661/1971 1729/2662/1940
f 1748/2661/1971 1686/2659/1970 1745/2663/1972
f 1851/2664/1973 1917/2665/1974 1855/2666/1975
f 1935/2667/1976 1917/2665/1974 1851/2664/1973
f 1901/2668/1977 1855/2666/1975 1917/2665/1974
f 1876/2669/1978 1935/2667/1976 1851/2664/1973
f 1917/2665/1974 1935/2667/1976 1940/2670/641
f 1855/2666/1975 1901/2668/1977 1832/2671/1097
f 1901/2668/1977 1917/2665/1974 1924/2672/629
f 1924/2672/629 1917/2665/1974 1940/2670/641
f 1901/2668/1977 1879/2673/650 1832/2671/1097
f 1832/2671/1097 1845/2674/1979 1855/2666/1975
f 1879/2673/650 1901/2668/1977 1924/2672/629
f 1751/2675/1096 1845/2674/1979 1832/2671/1097
f 1962/2676/633 1879/2673/650 1924/2672/629
f 251/2677/1841 147/2678/1839 211/2679/1955
f 211/2679/1955 147/2678/1839 120/2680/1954
f 251/2677/1841 211/2679/1955 292/2681/1951
f 251/2677/1841 292/2681/1951 337/2682/1980
f 337/2682/1980 394/2683/1981 251/2677/1841
f 337/2682/1980 465/2684/1982 394/2683/1981
f 394/2683/1981 297/2685/1842 251/2677/1841
f 465/2684/1982 521/2686/1983 394/2683/1981
f 430/2687/1984 297/2685/1842 394/2683/1981
f 394/2683/1981 521/2686/1983 430/2687/1984
f 521/2686/1983 465/2684/1982 545/2688/1985
f 430/2687/1984 521/2686/1983 559/2689/1986
f 585/2690/1987 521/2686/1983 545/2688/1985
f 559/2689/1986 521/2686/1983 585/2690/1987
f 1834/2691/1988 1860/2692/1989 1803/2693/1990
f 1860/2692/1989 1834/2691/1988 1963/2694/644
f 1803/2693/1990 1822/2695/1991 1834/2691/1988
f 1963/2694/644 1834/2691/1988 1805/2696/1992
f 1963/2694/644 1942/2697/646 1860/2692/1989
f 1771/2698/1993 1822/2695/1991 1803/2693/1990
f 1834/2691/1988 1822/2695/1991 1805/2696/1992
f 1879/2699/650 1963/2694/644 1805/2696/1992
f 1822/2695/1991 1771/2698/1993 1701/2700/602
f 1805/2696/1992 1822/2695/1991 1667/2701/603
f 1805/2696/1992 1832/2702/1097 1879/2699/650
f 1822/2695/1991 1701/2700/602 1667/2701/603
f 1667/2701/603 1832/2702/1097 1805/2696/1992
f 47/2703/1994 58/2704/1995 67/2705/1996
f 45/2706/1997 58/2704/1995 47/2703/1994
f 65/2707/1998 67/2705/1996 58/2704/1995
f 45/2706/1997 37/2708/1999 58/2704/1995
f 65/2707/1998 160/2709/2000 67/2705/1996
f 58/2704/1995 37/2708/1999 65/2707/1998
f 37/2708/1999 45/2706/1997 46/2710/1006
f 160/2709/2000 65/2707/1998 155/2711/417
f 79/2712/2001 67/2705/1996 160/2709/2000
f 108/2713/422 65/2707/1998 37/2708/1999
f 108/2713/422 37/2708/1999 46/2710/1006
f 108/2713/422 155/2711/417 65/2707/1998
f 155/2711/417 245/2714/420 160/2709/2000
f 160/2709/2000 123/2715/2002 79/2712/2001
f 108/2713/422 46/2710/1006 62/2716/425
f 245/2714/420 330/2717/910 160/2709/2000
f 191/2718/2003 123/2715/2002 160/2709/2000
f 51/2719/1004 62/2716/425 46/2710/1006
f 330/2717/910 191/2718/2003 160/2709/2000
f 123/2715/2002 191/2718/2003 98/2720/2004
f 484/2721/1690 434/2722/1696 457/2723/2005
f 404/2724/1701 457/2723/2005 434/2722/1696
f 484/2721/1690 457/2723/2005 530/2725/858
f 404/2724/1701 434/2722/1696 389/2726/1697
f 457/2723/2005 404/2724/1701 397/2727/2006
f 457/2723/2005 441/2728/861 530/2725/858
f 397/2727/2006 404/2724/1701 354/2729/2007
f 457/2723/2005 397/2727/2006 455/2730/2008
f 457/2723/2005 455/2730/2008 441/2728/861
f 397/2727/2006 354/2729/2007 218/2731/2009
f 404/2724/1701 240/2732/2010 354/2729/2007
f 455/2730/2008 397/2727/2006 266/2733/2011
f 240/2732/2010 218/2731/2009 354/2729/2007
f 266/2733/2011 397/2727/2006 218/2731/2009
f 240/2732/2010 164/2734/2012 218/2731/2009
f 240/2732/2010 91/2735/851 164/2734/2012
f 851/2736/1347 814/2737/2013 810/2738/1344
f 814/2737/2013 851/2736/1347 850/2739/2014
f 810/2738/1344 814/2737/2013 737/2740/1339
f 945/2741/1170 850/2739/2014 851/2736/1347
f 737/2740/1339 814/2737/2013 850/2739/2014
f 1015/2742/1172 945/2741/1170 851/2736/1347
f 945/2741/1170 698/2743/1328 850/2739/2014
f 783/2744/2015 724/2745/12 859/2746/9
f 783/2744/2015 708/2747/405 724/2745/12
f 783/2744/2015 859/2746/9 878/2748/1065
f 783/2744/2015 804/2749/1060 708/2747/405
f 804/2749/1060 783/2744/2015 878/2748/1065
f 804/2749/1060 663/2750/396 708/2747/405
f 401/2751/1535 467/2752/2016 510/2753/1545
f 401/2751/1535 392/2754/1533 467/2752/2016
f 451/2755/2017 510/2753/1545 467/2752/2016
f 466/2756/1590 467/2752/2016 392/2754/1533
f 451/2755/2017 467/2752/2016 466/2756/1590
f 333/2757/1582 466/2756/1590 392/2754/1533
f 392/2754/1533 295/2758/1531 333/2757/1582
f 191/2759/2003 100/2760/2018 98/2761/2004
f 100/2760/2018 191/2759/2003 253/2762/2019
f 112/2763/2020 98/2761/2004 100/2760/2018
f 191/2759/2003 274/2764/906 253/2762/2019
f 100/2760/2018 253/2762/2019 94/2765/2021
f 112/2763/2020 111/2766/2022 98/2761/2004
f 100/2760/2018 64/2767/2023 112/2763/2020
f 330/2768/910 274/2764/906 191/2759/2003
f 274/2764/906 229/2769/903 253/2762/2019
f 94/2765/2021 253/2762/2019 229/2769/903
f 78/2770/2024 100/2760/2018 94/2765/2021
f 87/2771/2025 111/2766/2022 112/2763/2020
f 88/2772/2026 112/2763/2020 64/2767/2023
f 64/2767/2023 100/2760/2018 78/2770/2024
f 112/2763/2020 88/2772/2026 87/2771/2025
f 489/2773/864 485/2774/2027 544/2775/2028
f 489/2773/864 449/2776/2029 485/2774/2027
f 544/2775/2028 485/2774/2027 547/2777/2030
f 489/2773/864 544/2775/2028 603/2778/865
f 485/2774/2027 449/2776/2029 464/2779/2031
f 547/2777/2030 485/2774/2027 463/2780/1539
f 544/2775/2028 547/2777/2030 594/2781/1917
f 603/2778/865 544/2775/2028 591/2782/1921
f 485/2774/2027 464/2779/2031 463/2780/1539
f 547/2777/2030 463/2780/1539 518/2783/1544
f 591/2782/1921 544/2775/2028 594/2781/1917
f 547/2777/2030 488/2784/2032 594/2781/1917
f 603/2778/865 591/2782/1921 646/2785/1622
f 518/2783/1544 493/2786/2033 547/2777/2030
f 547/2777/2030 493/2786/2033 488/2784/2032
f 488/2784/2032 571/2787/1918 594/2781/1917
f 603/2778/865 646/2785/1622 730/2788/1621
f 518/2783/1544 510/2789/1545 493/2786/2033
f 488/2784/2032 493/2786/2033 451/2790/2017
f 488/2784/2032 511/2791/2034 571/2787/1918
f 451/2790/2017 493/2786/2033 510/2789/1545
f 488/2784/2032 451/2790/2017 511/2791/2034
f 451/2790/2017 466/2792/1590 511/2791/2034
f 1453/2793/2035 1459/2794/1265 1284/2795/874
f 1459/2794/1265 1453/2793/2035 1578/2796/1969
f 1578/2796/1969 1453/2793/2035 1536/2797/876
f 2187/2798/2036 2102/2799/1301 2201/2800/1300
f 2100/2801/1304 2102/2799/1301 2187/2798/2036
f 2187/2798/2036 2201/2800/1300 2228/2802/2037
f 2187/2798/2036 2231/2803/1305 2100/2801/1304
f 2201/2800/1300 2216/2804/1737 2228/2802/2037
f 2234/2805/2038 2187/2798/2036 2228/2802/2037
f 2234/2805/2038 2231/2803/1305 2187/2798/2036
f 2252/2806/1375 2228/2802/2037 2216/2804/1737
f 2228/2802/2037 2227/2807/1366 2234/2805/2038
f 2229/2808/2039 2231/2803/1305 2234/2805/2038
f 2228/2802/2037 2252/2806/1375 2227/2807/1366
f 2226/2809/1736 2252/2806/1375 2216/2804/1737
f 2227/2807/1366 2229/2808/2039 2234/2805/2038
f 2231/2803/1305 2229/2808/2039 2230/2810/1360
f 2227/2807/1366 2230/2810/1360 2229/2808/2039
f 1393/2811/1488 1379/2812/594 1445/2813/2040
f 1445/2813/2040 1379/2812/594 1486/2814/597
f 1393/2811/1488 1445/2813/2040 1486/2814/597
f 1447/2815/2041 1393/2811/1488 1486/2814/597
f 1369/2816/739 1393/2811/1488 1447/2815/2041
f 1486/2814/597 1575/2817/2042 1447/2815/2041
f 1460/2818/746 1369/2816/739 1447/2815/2041
f 1701/2819/602 1575/2817/2042 1486/2814/597
f 1447/2815/2041 1575/2817/2042 1460/2818/746
f 1575/2817/2042 1701/2819/602 1637/2820/761
f 1460/2818/746 1575/2817/2042 1598/2821/754
f 1598/2821/754 1575/2817/2042 1637/2820/761
f 707/2822/2043 619/2823/833 688/2824/1665
f 619/2823/833 707/2822/2043 633/2825/841
f 688/2824/1665 619/2823/833 581/2826/820
f 707/2822/2043 688/2824/1665 758/2827/1669
f 707/2822/2043 719/2828/2044 633/2825/841
f 719/2828/2044 707/2822/2043 758/2827/1669
f 719/2828/2044 630/2829/2045 633/2825/841
f 769/2830/2046 719/2828/2044 758/2827/1669
f 633/2825/841 630/2829/2045 580/2831/849
f 686/2832/2047 630/2829/2045 719/2828/2044
f 822/2833/502 769/2830/2046 758/2827/1669
f 700/2834/2048 719/2828/2044 769/2830/2046
f 582/2835/847 580/2831/849 630/2829/2045
f 686/2832/2047 582/2835/847 630/2829/2045
f 700/2834/2048 686/2832/2047 719/2828/2044
f 793/2836/2049 769/2830/2046 822/2833/502
f 696/2837/2050 700/2834/2048 769/2830/2046
f 696/2837/2050 582/2835/847 686/2832/2047
f 686/2832/2047 700/2834/2048 696/2837/2050
f 793/2836/2049 696/2837/2050 769/2830/2046
f 819/2838/504 793/2836/2049 822/2833/502
f 696/2837/2050 632/2839/2051 582/2835/847
f 819/2838/504 696/2837/2050 793/2836/2049
f 632/2839/2051 696/2837/2050 738/2840/513
f 738/2840/513 696/2837/2050 819/2838/504
f 1915/2841/2052 1889/2842/2053 1791/2843/2054
f 1889/2842/2053 1871/2844/2055 1791/2843/2054
f 158/2845/2056 103/2846/2057 99/2847/2058
f 103/2846/2057 158/2845/2056 193/2848/1586
f 101/2849/2059 99/2847/2058 103/2846/2057
f 99/2847/2058 132/2850/1799 158/2845/2056
f 193/2848/1586 158/2845/2056 132/2850/1799
f 193/2848/1586 101/2849/2059 103/2846/2057
f 99/2847/2058 101/2849/2059 113/2851/2060
f 132/2850/1799 249/2852/1596 193/2848/1586
f 161/2853/1580 101/2849/2059 193/2848/1586
f 113/2851/2060 101/2849/2059 161/2853/1580
f 161/2853/1580 146/2854/1568 113/2851/2060
f 94/2855/2021 229/2856/903 173/2857/913
f 156/2858/1946 94/2855/2021 173/2857/913
f 94/2855/2021 156/2858/1946 78/2859/2024
f 1614/2860/2061 1469/2861/2062 1550/2862/1785
f 1469/2861/2062 1403/2863/1845 1532/2864/2063
f 1550/2862/1785 1469/2861/2062 1532/2864/2063
f 1550/2862/1785 1625/2865/1779 1614/2860/2061
f 1717/2866/2064 1614/2860/2061 1744/2867/2065
f 1744/2867/2065 1614/2860/2061 1625/2865/1779
f 1791/2868/2054 1717/2866/2064 1744/2867/2065
f 1625/2865/1779 1790/2869/1778 1744/2867/2065
f 1842/2870/1131 1791/2868/2054 1744/2867/2065
f 1842/2870/1131 1744/2867/2065 1790/2869/1778
f 1586/2871/1784 1441/2872/1884 1589/2873/1886
f 1601/2874/1781 1441/2872/1884 1586/2871/1784
f 1601/2874/1781 1452/2875/1786 1441/2872/1884
f 500/2876/1961 355/2877/954 498/2878/2066
f 498/2878/2066 355/2877/954 435/2879/955
f 555/2880/1959 500/2876/1961 498/2878/2066
f 498/2878/2066 435/2879/955 534/2881/2067
f 555/2880/1959 498/2878/2066 534/2881/2067
f 534/2881/2067 435/2879/955 579/2882/1323
f 534/2881/2067 574/2883/2068 555/2880/1959
f 574/2883/2068 534/2881/2067 579/2882/1323
f 555/2880/1959 574/2883/2068 617/2884/2069
f 574/2883/2068 579/2882/1323 617/2884/2069
f 555/2880/1959 617/2884/2069 644/2885/1960
f 1689/2886/2070 1579/2887/871 1801/2888/886
f 1579/2887/871 1689/2886/2070 1539/2889/875
f 1579/2887/871 1676/2890/1180 1801/2888/886
f 1801/2888/886 1730/2891/2071 1689/2886/2070
f 1539/2889/875 1689/2886/2070 1663/2892/2072
f 1801/2888/886 1676/2890/1180 1852/2893/2073
f 1801/2888/886 1718/2894/882 1730/2891/2071
f 1689/2886/2070 1730/2891/2071 1663/2892/2072
f 1661/2895/878 1539/2889/875 1663/2892/2072
f 1856/2896/1429 1852/2893/2073 1676/2890/1180
f 1718/2894/882 1663/2892/2072 1730/2891/2071
f 1718/2894/882 1661/2895/878 1663/2892/2072
f 1002/2897/2074 1000/2898/2075 963/2899/2076
f 1103/2900/2077 1000/2898/2075 1002/2897/2074
f 963/2899/2076 1000/2898/2075 907/2901/1157
f 950/2902/1161 1002/2897/2074 963/2899/2076
f 1000/2898/2075 1103/2900/2077 1129/2903/1377
f 963/2899/2076 907/2901/1157 943/2904/1158
f 1876/2905/1978 1865/2906/2078 1891/2907/2079
f 1851/2908/1973 1865/2906/2078 1876/2905/1978
f 1830/2909/2080 1891/2907/2079 1865/2906/2078
f 1891/2907/2079 1830/2909/2080 1825/2910/2081
f 1825/2910/2081 1830/2909/2080 1786/2911/1827
f 1796/2912/1826 1825/2910/2081 1786/2911/1827
f 330/2913/910 431/2914/406 439/2915/403
f 482/2916/904 330/2913/910 439/2915/403
f 1916/2917/2082 1853/2918/2083 1877/2919/2084
f 1916/2917/2082 1797/2920/1458 1853/2918/2083
f 1922/2921/2085 1916/2917/2082 1877/2919/2084
f 1863/2922/1456 1797/2920/1458 1916/2917/2082
f 1939/2923/2086 1916/2917/2082 1922/2921/2085
f 1863/2922/1456 1916/2917/2082 1939/2923/2086
f 1922/2921/2085 1990/2924/2087 1939/2923/2086
f 1863/2922/1456 1939/2923/2086 1974/2925/1373
f 1990/2924/2087 1974/2925/1373 1939/2923/2086
f 7/2926/1181 11/2927/2088 9/2928/2089
f 11/2927/2088 7/2926/1181 20/2929/2090
f 11/2927/2088 63/2930/2091 9/2928/2089
f 20/2929/2090 7/2926/1181 23/2931/1194
f 11/2927/2088 20/2929/2090 15/2932/2092
f 72/2933/2093 63/2930/2091 11/2927/2088
f 23/2931/1194 7/2926/1181 31/2934/1188
f 72/2933/2093 11/2927/2088 15/2932/2092
f 72/2933/2093 71/2935/2094 63/2930/2091
f 7/2926/1181 69/2936/1183 31/2934/1188
f 128/2937/1232 72/2933/2093 15/2932/2092
f 71/2935/2094 72/2933/2093 143/2938/1228
f 143/2938/1228 72/2933/2093 128/2937/1232
f 33/2939/2095 15/2940/2092 8/2941/2096
f 33/2939/2095 128/2942/1232 15/2940/2092
f 15/2940/2092 27/2943/1095 8/2941/2096
f 33/2939/2095 8/2941/2096 38/2944/2097
f 128/2942/1232 33/2939/2095 153/2945/2098
f 27/2943/1095 41/2946/2099 8/2941/2096
f 33/2939/2095 38/2944/2097 76/2947/2100
f 8/2941/2096 41/2946/2099 38/2944/2097
f 33/2939/2095 53/2948/2101 153/2945/2098
f 76/2947/2100 38/2944/2097 52/2949/2102
f 125/2950/2103 38/2944/2097 41/2946/2099
f 183/2951/2104 153/2945/2098 53/2948/2101
f 52/2949/2102 38/2944/2097 54/2952/2105
f 76/2947/2100 52/2949/2102 92/2953/2106
f 125/2950/2103 54/2952/2105 38/2944/2097
f 41/2946/2099 77/2954/2107 125/2950/2103
f 189/2955/2108 153/2945/2098 183/2951/2104
f 52/2949/2102 54/2952/2105 92/2953/2106
f 54/2952/2105 125/2950/2103 140/2956/2109
f 141/2957/2110 125/2950/2103 77/2954/2107
f 77/2954/2107 41/2946/2099 43/2958/1086
f 183/2951/2104 199/2959/2111 189/2955/2108
f 140/2956/2109 92/2953/2106 54/2952/2105
f 201/2960/1080 141/2957/2110 77/2954/2107
f 77/2954/2107 43/2958/1086 201/2960/1080
f 141/2957/2110 201/2960/1080 166/2961/2112
f 15/2962/2092 20/2963/2090 27/2964/1095
f 27/2964/1095 20/2963/2090 23/2965/1194
f 27/2964/1095 23/2965/1194 24/2966/1094
f 1532/2967/2063 1403/2968/1845 1362/2969/2113
f 1403/2968/1845 1252/2970/1844 1362/2969/2113
f 1532/2967/2063 1362/2969/2113 1475/2971/2114
f 1362/2969/2113 1252/2970/1844 1338/2972/2115
f 1532/2967/2063 1475/2971/2114 1466/2973/1787
f 1362/2969/2113 1330/2974/2116 1475/2971/2114
f 1362/2969/2113 1338/2972/2115 1280/2975/2117
f 1252/2970/1844 1192/2976/2118 1338/2972/2115
f 1351/2977/1885 1466/2973/1787 1475/2971/2114
f 1550/2978/1785 1532/2967/2063 1466/2973/1787
f 1351/2977/1885 1475/2971/2114 1330/2974/2116
f 1280/2975/2117 1330/2974/2116 1362/2969/2113
f 1338/2972/2115 1192/2976/2118 1280/2975/2117
f 1466/2973/1787 1351/2977/1885 1452/2979/1786
f 1192/2976/2118 1212/2980/2119 1280/2975/2117
f 1351/2977/1885 1373/2981/1882 1452/2979/1786
f 1452/2979/1786 1373/2981/1882 1441/2982/1884
f 1065/2983/1398 1036/2984/2120 1137/2985/1393
f 1065/2983/1398 998/2986/2121 1036/2984/2120
f 1103/2987/2077 998/2986/2121 1065/2983/1398
f 1002/2988/2074 998/2986/2121 1103/2987/2077
f 1103/2987/2077 1065/2983/1398 1152/2989/1378
f 998/2986/2121 1002/2988/2074 950/2990/1161
f 1152/2989/1378 1065/2983/1398 1199/2991/1380
f 1152/2989/1378 1129/2992/1377 1103/2987/2077
f 221/2993/2122 238/2994/1189 357/2995/950
f 221/2993/2122 139/2996/1184 238/2994/1189
f 221/2993/2122 357/2995/950 406/2997/1627
f 221/2993/2122 167/2998/1186 139/2996/1184
f 406/2997/1627 357/2995/950 500/2999/1961
f 357/2995/950 355/3000/954 500/2999/1961
f 991/3001/537 952/3002/2123 992/3003/1471
f 952/3002/2123 849/3004/1473 992/3003/1471
f 1018/3005/2124 991/3001/537 992/3003/1471
f 992/3003/1471 995/3006/1430 1018/3005/2124
f 1144/3007/1432 991/3001/537 1018/3005/2124
f 995/3006/1430 1144/3007/1432 1018/3005/2124
f 1877/3008/2084 1926/3009/2125 1922/3010/2085
f 2019/3011/2126 1922/3010/2085 1926/3009/2125
f 2019/3011/2126 1990/3012/2087 1922/3010/2085
f 2058/3013/2127 1990/3012/2087 2019/3011/2126
f 2058/3013/2127 1974/3014/1373 1990/3012/2087
f 2019/3011/2126 2059/3015/2128 2058/3013/2127
f 2058/3013/2127 2089/3016/1359 1974/3014/1373
f 2058/3013/2127 2059/3015/2128 2141/3017/1358
f 2058/3013/2127 2200/3018/1355 2089/3016/1359
f 2078/3019/1365 1974/3014/1373 2089/3016/1359
f 2200/3018/1355 2058/3013/2127 2141/3017/1358
f 1854/3020/1196 1824/3021/2129 1833/3022/1205
f 1880/3023/2130 1824/3021/2129 1854/3020/1196
f 1880/3023/2130 1854/3020/1196 1925/3024/1195
f 1873/3025/2131 1824/3021/2129 1880/3023/2130
f 1925/3024/1195 1873/3025/2131 1880/3023/2130
f 1849/3026/2132 1824/3021/2129 1873/3025/2131
f 1923/3027/1202 1873/3025/2131 1925/3024/1195
f 1873/3025/2131 1923/3027/1202 1849/3026/2132
f 1902/3028/1217 1849/3026/2132 1923/3027/1202
f 1849/3026/2132 1902/3028/1217 1831/3029/2133
f 1831/3029/2133 1902/3028/1217 1825/3030/2081
f 1831/3029/2133 1798/3031/2134 1849/3026/2132
f 1831/3029/2133 1825/3030/2081 1796/3032/1826
f 1796/3032/1826 1798/3031/2134 1831/3029/2133
f 1742/3033/2135 1563/3034/1517 1697/3035/2136
f 1740/3036/1520 1563/3034/1517 1742/3033/2135
f 1639/3037/1519 1697/3035/2136 1563/3034/1517
f 1697/3035/2136 1695/3038/1525 1742/3033/2135
f 1740/3036/1520 1742/3033/2135 1819/3039/2137
f 1639/3037/1519 1695/3038/1525 1697/3035/2136
f 1695/3038/1525 1765/3040/1528 1742/3033/2135
f 1765/3040/1528 1819/3039/2137 1742/3033/2135
f 1740/3036/1520 1819/3039/2137 1821/3041/1852
f 1623/3042/2138 1507/3043/1383 1576/3044/2139
f 1623/3042/2138 1589/3045/1886 1507/3043/1383
f 1507/3043/1383 1644/3046/1390 1576/3044/2139
f 1623/3042/2138 1576/3044/2139 1644/3046/1390
f 1685/3047/2140 1589/3045/1886 1623/3042/2138
f 1698/3048/1849 1623/3042/2138 1644/3046/1390
f 1586/3049/1784 1589/3045/1886 1685/3047/2140
f 1685/3047/2140 1623/3042/2138 1698/3048/1849
f 1713/3050/2141 1586/3049/1784 1685/3047/2140
f 1712/3051/1851 1685/3047/2140 1698/3048/1849
f 1586/3049/1784 1713/3050/2141 1767/3052/1782
f 1713/3050/2141 1685/3047/2140 1712/3051/1851
f 1767/3052/1782 1713/3050/2141 1814/3053/1123
f 1713/3050/2141 1712/3051/1851 1814/3053/1123
f 990/3054/2142 952/3055/2123 991/3056/537
f 849/3057/1473 952/3055/2123 990/3054/2142
f 991/3056/537 1070/3058/532 990/3054/2142
f 920/3059/1480 849/3057/1473 990/3054/2142
f 966/3060/1482 990/3054/2142 1070/3058/532
f 966/3060/1482 920/3059/1480 990/3054/2142
f 1843/3061/2143 1753/3062/2144 1731/3063/2145
f 1802/3064/2146 1753/3062/2144 1843/3061/2143
f 1753/3062/2144 1690/3065/1099 1731/3063/2145
f 1843/3061/2143 1731/3063/2145 1747/3066/2147
f 1851/3067/1973 1802/3064/2146 1843/3061/2143
f 1751/3068/1096 1690/3065/1099 1753/3062/2144
f 1731/3063/2145 1690/3065/1099 1610/3069/1101
f 1731/3063/2145 1732/3070/2148 1747/3066/2147
f 1747/3066/2147 1865/3071/2078 1843/3061/2143
f 1851/3067/1973 1843/3061/2143 1865/3071/2078
f 1610/3069/1101 1609/3072/1105 1731/3063/2145
f 1747/3066/2147 1732/3070/2148 1769/3073/2149
f 1731/3063/2145 1609/3072/1105 1732/3070/2148
f 1769/3073/2149 1865/3071/2078 1747/3066/2147
f 1769/3073/2149 1732/3070/2148 1749/3074/1825
f 1749/3074/1825 1732/3070/2148 1609/3072/1105
f 1769/3073/2149 1830/3075/2080 1865/3071/2078
f 1769/3073/2149 1749/3074/1825 1786/3076/1827
f 1769/3073/2149 1786/3076/1827 1830/3075/2080
f 40/3077/2150 68/3078/2151 85/3079/2152
f 68/3078/2151 40/3077/2150 47/3080/1994
f 80/3081/2153 40/3077/2150 85/3079/2152
f 47/3080/1994 40/3077/2150 45/3082/1997
f 80/3081/2153 109/3083/2154 40/3077/2150
f 50/3084/1005 45/3082/1997 40/3077/2150
f 109/3083/2154 80/3081/2153 127/3085/1550
f 109/3083/2154 50/3084/1005 40/3077/2150
f 93/3086/2155 109/3083/2154 127/3085/1550
f 109/3083/2154 42/3087/1003 50/3084/1005
f 206/3088/1549 93/3086/2155 127/3085/1550
f 109/3083/2154 93/3086/2155 91/3089/851
f 109/3083/2154 34/3090/846 42/3087/1003
f 206/3088/1549 164/3091/2012 93/3086/2155
f 34/3090/846 109/3083/2154 91/3089/851
f 91/3089/851 93/3086/2155 164/3091/2012
f 12/3092/838 42/3087/1003 34/3090/846
f 1194/3093/1150 1220/3094/1392 1101/3095/1149
f 1194/3093/1150 1289/3096/2156 1220/3094/1392
f 1220/3094/1392 1179/3097/2157 1101/3095/1149
f 1277/3098/1527 1289/3096/2156 1194/3093/1150
f 1105/3099/1397 1179/3097/2157 1220/3094/1392
f 1105/3099/1397 1101/3095/1149 1179/3097/2157
f 1277/3098/1527 1194/3093/1150 1207/3100/2158
f 1105/3099/1397 1053/3101/1143 1101/3095/1149
f 1844/3102/768 1860/3103/1989 1904/3104/2159
f 1904/3104/2159 1860/3103/1989 1942/3105/646
f 1910/3106/2160 1844/3102/768 1904/3104/2159
f 1971/3107/647 1904/3104/2159 1942/3105/646
f 1857/3108/777 1844/3102/768 1910/3106/2160
f 1904/3104/2159 1949/3109/659 1910/3106/2160
f 1949/3109/659 1904/3104/2159 1971/3107/647
f 1892/3110/1118 1857/3108/777 1910/3106/2160
f 1892/3110/1118 1910/3106/2160 1949/3109/659
f 1952/3111/661 1892/3110/1118 1949/3109/659
f 1223/3112/62 1303/3113/2161 1304/3114/65
f 1267/3115/71 1303/3113/2161 1223/3112/62
f 1267/3115/71 1304/3114/65 1303/3113/2161
f 1304/3114/65 1267/3115/71 1432/3116/1891
f 1267/3115/71 1366/3117/471 1432/3116/1891
f 1826/3118/884 1838/3119/888 1764/3120/881
f 1826/3118/884 1976/3121/897 1838/3119/888
f 1976/3121/897 1928/3122/892 1838/3119/888
f 1976/3121/897 1926/3123/2125 1928/3122/892
f 1792/3124/895 1928/3122/892 1926/3123/2125
f 1926/3123/2125 1976/3121/897 2041/3125/2162
f 1926/3123/2125 1877/3126/2084 1792/3124/895
f 1132/3127/525 1082/3128/2163 922/3129/1609
f 1186/3130/1711 1082/3128/2163 1132/3127/525
f 922/3129/1609 1082/3128/2163 968/3131/1611
f 1216/3132/1716 1082/3128/2163 1186/3130/1711
f 1132/3127/525 1085/3133/522 1186/3130/1711
f 1259/3134/1714 1216/3132/1716 1186/3130/1711
f 2076/3135/1932 1950/3136/1928 2043/3137/1936
f 2081/3138/1930 1950/3136/1928 2076/3135/1932
f 2043/3137/1936 1950/3136/1928 1932/3139/2164
f 1932/3139/2164 2070/3140/2165 2043/3137/1936
f 1950/3136/1928 1861/3141/323 1932/3139/2164
f 2091/3142/392 2043/3137/1936 2070/3140/2165
f 1932/3139/2164 1967/3143/335 2070/3140/2165
f 1967/3143/335 1932/3139/2164 1861/3141/323
f 2210/3144/385 2091/3142/392 2070/3140/2165
f 2070/3140/2165 1967/3143/335 2045/3145/338
f 2193/3146/367 2210/3144/385 2070/3140/2165
f 2045/3145/338 2066/3147/2166 2070/3140/2165
f 2193/3146/367 2070/3140/2165 2066/3147/2166
f 2066/3147/2166 2045/3145/338 2027/3148/328
f 2193/3146/367 2066/3147/2166 2068/3149/361
f 2068/3149/361 2066/3147/2166 2027/3148/328
f 2027/3148/328 2072/3150/348 2068/3149/361
f 2065/3151/339 2072/3150/348 2027/3148/328
f 1518/3152/2167 1398/3153/2168 1463/3154/2169
f 1467/3155/2170 1398/3153/2168 1518/3152/2167
f 1346/3156/738 1463/3154/2169 1398/3153/2168
f 1515/3157/755 1518/3152/2167 1463/3154/2169
f 1370/3158/2171 1398/3153/2168 1467/3155/2170
f 1467/3155/2170 1518/3152/2167 1542/3159/2172
f 1463/3154/2169 1346/3156/738 1474/3160/741
f 1398/3153/2168 1348/3161/747 1346/3156/738
f 1515/3157/755 1463/3154/2169 1474/3160/741
f 1398/3153/2168 1370/3158/2171 1348/3161/747
f 1467/3155/2170 1436/3162/773 1370/3158/2171
f 1544/3163/775 1467/3155/2170 1542/3159/2172
f 1348/3161/747 1370/3158/2171 1372/3164/752
f 1544/3163/775 1436/3162/773 1467/3155/2170
f 1372/3164/752 1370/3158/2171 1436/3162/773
f 206/3165/1549 270/3166/1548 266/3167/2011
f 377/3168/2173 266/3167/2011 270/3166/1548
f 266/3167/2011 164/3169/2012 206/3165/1549
f 266/3167/2011 377/3168/2173 459/3170/2174
f 377/3168/2173 270/3166/1548 332/3171/1547
f 266/3167/2011 218/3172/2009 164/3169/2012
f 459/3170/2174 455/3173/2008 266/3167/2011
f 390/3174/2175 459/3170/2174 377/3168/2173
f 390/3174/2175 377/3168/2173 332/3171/1547
f 481/3175/863 455/3173/2008 459/3170/2174
f 481/3175/863 459/3170/2174 390/3174/2175
f 441/3176/861 455/3173/2008 481/3175/863
f 481/3175/863 390/3174/2175 449/3177/2029
f 390/3174/2175 464/3178/2031 449/3177/2029
f 481/3175/863 449/3177/2029 489/3179/864
f 1207/3180/2158 1200/3181/740 1290/3182/745
f 1200/3181/740 1207/3180/2158 1166/3183/1147
f 1207/3180/2158 1290/3182/745 1277/3184/1527
f 1194/3185/1150 1166/3183/1147 1207/3180/2158
f 1166/3183/1147 1194/3185/1150 1117/3186/1146
f 1453/3187/2035 1284/3188/874 1364/3189/870
f 1536/3190/876 1453/3187/2035 1364/3189/870
f 1354/3191/873 1536/3190/876 1364/3189/870
f 1973/3192/2176 1944/3193/2177 1945/3194/2178
f 1973/3192/2176 1972/3195/889 1944/3193/2177
f 1945/3194/2178 1944/3193/2177 1856/3196/1429
f 1973/3192/2176 1945/3194/2178 1970/3197/1800
f 1941/3198/1320 1970/3197/1800 1945/3194/2178
f 1941/3198/1320 1829/3199/1318 1970/3197/1800
f 419/3200/2179 475/3201/2180 358/3202/2181
f 471/3203/2182 475/3201/2180 419/3200/2179
f 358/3202/2181 320/3204/1242 419/3200/2179
f 556/3205/1244 475/3201/2180 471/3203/2182
f 471/3203/2182 419/3200/2179 556/3205/1244
f 320/3204/1242 358/3202/2181 283/3206/1634
f 419/3200/2179 320/3204/1242 556/3205/1244
f 320/3204/1242 283/3206/1634 219/3207/1225
f 285/3208/1227 320/3204/1242 219/3207/1225
f 320/3204/1242 285/3208/1227 440/3209/1229
f 1501/3210/446 1635/3211/450 1595/3212/479
f 328/3213/1681 361/3214/1695 487/3215/1682
f 328/3213/1681 278/3216/1699 361/3214/1695
f 423/3217/1677 328/3213/1681 487/3215/1682
f 328/3213/1681 213/3218/1687 278/3216/1699
f 213/3218/1687 178/3219/2183 278/3216/1699
f 213/3218/1687 138/3220/2184 178/3219/2183
f 239/3221/2185 278/3216/1699 178/3219/2183
f 257/3222/845 138/3220/2184 213/3218/1687
f 138/3220/2184 126/3223/2186 178/3219/2183
f 178/3219/2183 126/3223/2186 239/3221/2185
f 119/3224/836 138/3220/2184 257/3222/845
f 126/3223/2186 138/3220/2184 57/3225/839
f 126/3223/2186 91/3226/851 239/3221/2185
f 138/3220/2184 119/3224/836 57/3225/839
f 57/3225/839 91/3226/851 126/3223/2186
f 136/3227/2187 137/3228/2188 212/3229/2189
f 136/3227/2187 76/3230/2100 137/3228/2188
f 198/3231/2190 212/3229/2189 137/3228/2188
f 212/3229/2189 183/3232/2104 136/3227/2187
f 76/3230/2100 92/3233/2106 137/3228/2188
f 136/3227/2187 183/3232/2104 76/3230/2100
f 137/3228/2188 180/3234/2191 198/3231/2190
f 198/3231/2190 202/3235/2192 212/3229/2189
f 212/3229/2189 199/3236/2111 183/3232/2104
f 92/3233/2106 140/3237/2109 137/3228/2188
f 183/3232/2104 53/3238/2101 76/3230/2100
f 140/3237/2109 180/3234/2191 137/3228/2188
f 180/3234/2191 202/3235/2192 198/3231/2190
f 243/3239/2193 212/3229/2189 202/3235/2192
f 199/3236/2111 212/3229/2189 243/3239/2193
f 180/3234/2191 140/3237/2109 125/3240/2103
f 202/3235/2192 180/3234/2191 125/3240/2103
f 185/3241/2194 243/3239/2193 202/3235/2192
f 185/3241/2194 202/3235/2192 125/3240/2103
f 185/3241/2194 125/3240/2103 165/3242/2195
f 165/3242/2195 125/3240/2103 141/3243/2110
f 166/3244/2112 165/3242/2195 141/3243/2110
f 1047/3245/2196 1015/3246/1172 968/3247/1611
f 1145/3248/1175 1015/3246/1172 1047/3245/2196
f 1082/3249/2163 1047/3245/2196 968/3247/1611
f 1145/3248/1175 1047/3245/2196 1161/3250/2197
f 1216/3251/1716 1047/3245/2196 1082/3249/2163
f 1222/3252/1423 1145/3248/1175 1161/3250/2197
f 1216/3251/1716 1161/3250/2197 1047/3245/2196
f 1222/3252/1423 1161/3250/2197 1216/3251/1716
f 678/3253/2198 713/3254/2199 785/3255/2200
f 678/3253/2198 585/3256/1987 713/3254/2199
f 785/3255/2200 713/3254/2199 712/3257/2201
f 785/3255/2200 774/3258/2202 678/3253/2198
f 585/3256/1987 545/3259/1985 713/3254/2199
f 585/3256/1987 678/3253/2198 626/3260/2203
f 713/3254/2199 519/3261/2204 712/3257/2201
f 829/3262/2205 785/3255/2200 712/3257/2201
f 774/3258/2202 785/3255/2200 829/3262/2205
f 519/3261/2204 713/3254/2199 545/3259/1985
f 774/3258/2202 829/3262/2205 818/3263/2206
f 818/3263/2206 829/3262/2205 873/3264/1653
f 873/3264/1653 890/3265/1646 818/3263/2206
f 890/3265/1646 873/3264/1653 942/3266/1648
f 2005/3267/2207 1972/3268/889 1973/3269/2176
f 2062/3270/2208 1972/3268/889 2005/3267/2207
f 2005/3267/2207 1973/3269/2176 1996/3271/2209
f 2038/3272/896 1972/3268/889 2062/3270/2208
f 2028/3273/2210 2062/3270/2208 2005/3267/2207
f 1996/3271/2209 2028/3273/2210 2005/3267/2207
f 2062/3270/2208 2028/3273/2210 2145/3274/1364
f 2002/3275/1734 2028/3273/2210 1996/3271/2209
f 2028/3273/2210 2002/3275/1734 2145/3274/1364
f 1947/3276/1299 1846/3277/1296 1965/3278/1446
f 2003/3279/2211 1926/3280/2125 2041/3281/2162
f 2019/3282/2126 1926/3280/2125 2003/3279/2211
f 2019/3282/2126 2003/3279/2211 2041/3281/2162
f 2059/3283/2128 2019/3282/2126 2041/3281/2162
f 236/3284/1187 116/3285/1185 261/3286/2212
f 261/3286/2212 116/3285/1185 284/3287/1631
f 261/3286/2212 216/3288/2213 236/3284/1187
f 216/3288/2213 261/3286/2212 284/3287/1631
f 216/3288/2213 275/3289/1191 236/3284/1187
f 319/3290/1635 216/3288/2213 284/3287/1631
f 319/3290/1635 275/3289/1191 216/3288/2213
f 319/3290/1635 255/3291/951 275/3289/1191
f 255/3291/951 319/3290/1635 472/3292/1321
f 385/3293/953 255/3291/951 472/3292/1321
f 1862/3294/1117 1814/3295/1123 1847/3296/1848
f 1847/3296/1848 1814/3295/1123 1756/3297/1846
f 1847/3296/1848 1840/3298/1850 1862/3294/1117
f 1869/3299/1116 1862/3294/1117 1840/3298/1850
f 1840/3298/1850 1821/3300/1852 1869/3299/1116
f 1884/3301/1109 1869/3299/1116 1821/3300/1852
f 1821/3300/1852 1819/3302/2137 1884/3301/1109
f 1807/3303/1112 1884/3301/1109 1819/3302/2137
f 1807/3303/1112 1819/3302/2137 1789/3304/1752
f 1819/3302/2137 1765/3305/1528 1789/3304/1752
f 1696/3306/1754 1789/3304/1752 1765/3305/1528
f 1765/3305/1528 1694/3307/1526 1696/3306/1754
f 456/3308/39 729/3309/25 577/3310/23
f 1502/3311/596 1523/3312/1102 1618/3313/601
f 1502/3311/596 1409/3314/599 1523/3312/1102
f 1618/3313/601 1523/3312/1102 1666/3315/604
f 1409/3314/599 1485/3316/589 1523/3312/1102
f 1530/3317/1462 1514/3318/2214 1479/3319/1461
f 1560/3320/1307 1514/3318/2214 1530/3317/1462
f 1525/3321/1309 1479/3319/1461 1514/3318/2214
f 1560/3320/1307 1525/3321/1309 1514/3318/2214
f 1560/3320/1307 1530/3317/1462 1559/3322/1464
f 1560/3320/1307 1559/3322/1464 1664/3323/1308
f 1559/3322/1464 1583/3324/1467 1664/3323/1308
f 1631/3325/1316 1664/3323/1308 1583/3324/1467
f 286/3326/2215 228/3327/2216 265/3328/1868
f 286/3326/2215 304/3329/2217 228/3327/2216
f 265/3328/1868 228/3327/2216 196/3330/816
f 422/3331/1870 286/3326/2215 265/3328/1868
f 304/3329/2217 286/3326/2215 341/3332/2218
f 228/3327/2216 304/3329/2217 227/3333/790
f 228/3327/2216 205/3334/793 196/3330/816
f 391/3335/1872 286/3326/2215 422/3331/1870
f 341/3332/2218 286/3326/2215 391/3335/1872
f 228/3327/2216 227/3333/790 205/3334/793
f 205/3334/793 194/3336/799 196/3330/816
f 399/3337/2219 350/3338/1538 395/3339/1534
f 407/3340/2220 350/3338/1538 399/3337/2219
f 463/3341/1539 399/3337/2219 395/3339/1534
f 399/3337/2219 464/3342/2031 407/3340/2220
f 407/3340/2220 332/3343/1547 350/3338/1538
f 464/3342/2031 399/3337/2219 463/3341/1539
f 407/3340/2220 464/3342/2031 390/3344/2175
f 407/3340/2220 390/3344/2175 332/3343/1547
f 514/3345/1254 384/3346/1332 444/3347/1251
f 444/3347/1251 384/3346/1332 412/3348/2221
f 412/3348/2221 384/3346/1332 351/3349/1633
f 356/3350/2222 412/3348/2221 351/3349/1633
f 412/3348/2221 356/3350/2222 436/3351/2223
f 351/3349/1633 283/3352/1634 356/3350/2222
f 475/3353/2180 436/3351/2223 356/3350/2222
f 356/3350/2222 283/3352/1634 358/3354/2181
f 528/3355/2224 436/3351/2223 475/3353/2180
f 356/3350/2222 358/3354/2181 475/3353/2180
f 528/3355/2224 468/3356/2225 436/3351/2223
f 528/3355/2224 475/3353/2180 556/3357/1244
f 556/3357/1244 468/3356/2225 528/3355/2224
f 1858/3358/2226 1945/3359/2178 1856/3360/1429
f 1941/3361/1320 1945/3359/2178 1858/3358/2226
f 1858/3358/2226 1856/3360/1429 1827/3362/1319
f 1858/3358/2226 1827/3362/1319 1941/3361/1320
f 1827/3362/1319 1856/3360/1429 1707/3363/1317
f 519/3364/2204 640/3365/2227 712/3366/2201
f 640/3365/2227 519/3364/2204 483/3367/1956
f 712/3366/2201 640/3365/2227 647/3368/1154
f 712/3366/2201 647/3368/1154 745/3369/2228
f 745/3369/2228 647/3368/1154 787/3370/1156
f 745/3369/2228 856/3371/1656 712/3366/2201
f 787/3370/1156 856/3371/1656 745/3369/2228
f 829/3372/2205 712/3366/2201 856/3371/1656
f 873/3373/1653 829/3372/2205 856/3371/1656
f 1024/3374/2229 1025/3375/1647 1111/3376/1652
f 1025/3375/1647 1024/3374/2229 927/3377/1645
f 1157/3378/2230 1024/3374/2229 1111/3376/1652
f 1157/3378/2230 1111/3376/1652 1170/3379/1654
f 1157/3378/2230 1170/3379/1654 1212/3380/2119
f 1816/3381/2231 1752/3382/492 1859/3383/2232
f 1752/3382/492 1816/3381/2231 1817/3384/496
f 1833/3385/1205 1816/3381/2231 1859/3383/2232
f 1817/3384/496 1816/3381/2231 1833/3385/1205
f 1824/3386/2129 1817/3384/496 1833/3385/1205
f 1798/3387/2134 1817/3384/496 1824/3386/2129
f 1780/3388/494 1817/3384/496 1798/3387/2134
f 1798/3387/2134 1824/3386/2129 1849/3389/2132
f 1796/3390/1826 1780/3388/494 1798/3387/2134
f 759/3391/1052 656/3392/2233 709/3393/1053
f 759/3391/1052 692/3394/908 656/3392/2233
f 656/3392/2233 636/3395/1051 709/3393/1053
f 692/3394/908 533/3396/899 656/3392/2233
f 533/3396/899 636/3395/1051 656/3392/2233
f 636/3395/1051 533/3396/899 543/3397/1050
f 543/3397/1050 533/3396/899 482/3398/904
f 565/3399/2234 554/3400/1964 537/3401/1966
f 554/3400/1964 565/3399/2234 578/3402/2235
f 565/3399/2234 537/3401/1966 582/3403/847
f 578/3402/2235 553/3404/1967 554/3400/1964
f 632/3405/2051 578/3402/2235 565/3399/2234
f 582/3403/847 632/3405/2051 565/3399/2234
f 777/3406/516 553/3404/1967 578/3402/2235
f 738/3407/513 578/3402/2235 632/3405/2051
f 738/3407/513 777/3406/516 578/3402/2235
f 1793/3408/489 1859/3409/2232 1752/3410/492
f 1886/3411/1460 1859/3409/2232 1793/3408/489
f 1783/3412/487 1793/3408/489 1752/3410/492
f 1886/3411/1460 1906/3413/1204 1859/3409/2232
f 1878/3414/1200 1859/3409/2232 1906/3413/1204
f 1859/3409/2232 1878/3414/1200 1833/3415/1205
f 878/3416/1065 860/3417/2236 887/3418/722
f 878/3416/1065 859/3419/9 860/3417/2236
f 2169/3420/1821 2222/3421/1372 2252/3422/1375
f 2222/3421/1372 2169/3420/1821 2205/3423/1371
f 2169/3420/1821 2252/3422/1375 2186/3424/1748
f 432/3425/1594 491/3426/2237 522/3427/1771
f 432/3425/1594 560/3428/2238 491/3426/2237
f 606/3429/1769 522/3427/1771 491/3426/2237
f 452/3430/2239 432/3425/1594 522/3427/1771
f 560/3428/2238 606/3429/1769 491/3426/2237
f 410/3431/1595 560/3428/2238 432/3425/1594
f 411/3432/1587 432/3425/1594 452/3430/2239
f 513/3433/2240 452/3430/2239 522/3427/1771
f 606/3429/1769 560/3428/2238 572/3434/1767
f 560/3428/2238 410/3431/1595 496/3435/2241
f 532/3436/2242 411/3432/1587 452/3430/2239
f 513/3433/2240 522/3427/1771 629/3437/1773
f 513/3433/2240 532/3436/2242 452/3430/2239
f 572/3434/1767 560/3428/2238 496/3435/2241
f 532/3436/2242 450/3438/2243 411/3432/1587
f 532/3436/2242 513/3433/2240 629/3437/1773
f 369/3439/1583 411/3432/1587 450/3438/2243
f 490/3440/2244 450/3438/2243 532/3436/2242
f 532/3436/2242 629/3437/1773 511/3441/2034
f 369/3439/1583 450/3438/2243 433/3442/2245
f 450/3438/2243 490/3440/2244 433/3442/2245
f 511/3441/2034 490/3440/2244 532/3436/2242
f 629/3437/1773 571/3443/1918 511/3441/2034
f 369/3439/1583 433/3442/2245 466/3444/1590
f 490/3440/2244 511/3441/2034 433/3442/2245
f 433/3442/2245 511/3441/2034 466/3444/1590
f 370/3445/2246 496/3446/2241 380/3447/1598
f 496/3446/2241 370/3445/2246 546/3448/1765
f 334/3449/1597 370/3445/2246 380/3447/1598
f 370/3445/2246 492/3450/1604 546/3448/1765
f 572/3451/1767 496/3446/2241 546/3448/1765
f 380/3447/1598 294/3452/1589 334/3449/1597
f 334/3449/1597 296/3453/1599 370/3445/2246
f 370/3445/2246 296/3453/1599 492/3450/1604
f 381/3454/2247 294/3452/1589 380/3447/1598
f 381/3454/2247 268/3455/1593 294/3452/1589
f 380/3447/1598 336/3456/2248 381/3454/2247
f 336/3456/2248 268/3455/1593 381/3454/2247
f 110/3457/2249 157/3458/1584 85/3459/2152
f 172/3460/1537 85/3459/2152 157/3458/1584
f 2056/3461/2250 2041/3462/2162 1976/3463/897
f 2041/3462/2162 2056/3461/2250 2143/3464/1349
f 1976/3463/897 2038/3465/896 2056/3461/2250
f 2143/3464/1349 2056/3461/2250 2086/3466/1350
f 2143/3464/1349 2115/3467/2251 2041/3462/2162
f 2056/3461/2250 2038/3465/896 2107/3468/2252
f 2056/3461/2250 2107/3468/2252 2086/3466/1350
f 2141/3469/1358 2115/3467/2251 2143/3464/1349
f 2115/3467/2251 2059/3470/2128 2041/3462/2162
f 2059/3470/2128 2115/3467/2251 2141/3469/1358
f 2180/3471/1351 2141/3469/1358 2143/3464/1349
f 68/3472/2151 47/3473/1994 87/3474/2025
f 87/3474/2025 47/3473/1994 67/3475/1996
f 110/3476/2249 68/3472/2151 87/3474/2025
f 110/3476/2249 85/3477/2152 68/3472/2151
f 82/3478/1578 110/3476/2249 87/3474/2025
f 157/3479/1584 110/3476/2249 82/3478/1578
f 82/3478/1578 87/3474/2025 88/3480/2026
f 1497/3481/2253 1390/3482/68 1537/3483/72
f 1558/3484/1106 1390/3482/68 1497/3481/2253
f 1497/3481/2253 1537/3483/72 1604/3485/2254
f 1604/3485/2254 1558/3484/1106 1497/3481/2253
f 7/3486/1181 9/3487/2089 59/3488/2255
f 9/3487/2089 63/3489/2091 59/3488/2255
f 59/3488/2255 83/3490/1182 7/3486/1181
f 59/3488/2255 63/3489/2091 70/3491/2256
f 70/3491/2256 83/3490/1182 59/3488/2255
f 71/3492/2094 70/3491/2256 63/3489/2091
f 70/3491/2256 116/3493/1185 83/3490/1182
f 70/3491/2256 71/3492/2094 142/3494/1226
f 116/3493/1185 70/3491/2256 142/3494/1226
f 1856/3495/1429 1944/3496/2177 1852/3497/2073
f 1852/3497/2073 1944/3496/2177 1972/3498/889
f 1972/3498/889 1801/3499/886 1852/3497/2073
f 1604/3500/2254 1656/3501/1763 1558/3502/1106
f 1617/3503/1896 1656/3501/1763 1604/3500/2254
f 1617/3503/1896 1638/3504/1761 1656/3501/1763
f 1537/3505/72 1617/3503/1896 1604/3500/2254
f 1638/3504/1761 1677/3506/1762 1656/3501/1763
f 1615/3507/1895 1617/3503/1896 1537/3505/72
f 104/3508/2257 156/3509/1946 102/3510/2258
f 78/3511/2024 156/3509/1946 104/3508/2257
f 102/3510/2258 156/3509/1946 149/3512/1941
f 102/3510/2258 96/3513/1943 104/3508/2257
f 90/3514/2259 78/3511/2024 104/3508/2257
f 96/3513/1943 102/3510/2258 149/3512/1941
f 78/3511/2024 90/3514/2259 66/3515/2260
f 104/3508/2257 86/3516/2261 90/3514/2259
f 64/3517/2023 78/3511/2024 66/3515/2260
f 1729/3518/1940 1748/3519/1971 1797/3520/1458
f 1853/3521/2083 1797/3520/1458 1748/3519/1971
f 1778/3522/898 1853/3521/2083 1748/3519/1971
f 1748/3519/1971 1745/3523/1972 1778/3522/898
f 1877/3524/2084 1853/3521/2083 1778/3522/898
f 1877/3524/2084 1778/3522/898 1792/3525/895
f 1323/3526/2262 1351/3527/1885 1330/3528/2116
f 1351/3527/1885 1323/3526/2262 1228/3529/2263
f 1280/3530/2117 1323/3526/2262 1330/3528/2116
f 1351/3527/1885 1228/3529/2263 1293/3531/1883
f 1323/3526/2262 1196/3532/2264 1228/3529/2263
f 1255/3533/2265 1323/3526/2262 1280/3530/2117
f 1228/3529/2263 1196/3532/2264 1141/3534/1663
f 1323/3526/2262 1255/3533/2265 1196/3532/2264
f 1255/3533/2265 1280/3530/2117 1233/3535/2266
f 1196/3532/2264 1121/3536/1661 1141/3534/1663
f 1231/3537/2267 1196/3532/2264 1255/3533/2265
f 1280/3530/2117 1212/3538/2119 1233/3535/2266
f 1233/3535/2266 1231/3537/2267 1255/3533/2265
f 1201/3539/2268 1121/3536/1661 1196/3532/2264
f 1196/3532/2264 1231/3537/2267 1219/3540/2269
f 1233/3535/2266 1212/3538/2119 1170/3541/1654
f 1233/3535/2266 1219/3540/2269 1231/3537/2267
f 1201/3539/2268 1196/3532/2264 1219/3540/2269
f 1201/3539/2268 1182/3542/1657 1121/3536/1661
f 1233/3535/2266 1170/3541/1654 1219/3540/2269
f 1170/3541/1654 1201/3539/2268 1219/3540/2269
f 1170/3541/1654 1182/3542/1657 1201/3539/2268
f 1237/3543/587 1225/3544/1491 1174/3545/584
f 1174/3545/584 1225/3544/1491 1316/3546/1486
f 29/3547/1093 24/3548/1094 5/3549/1755
f 29/3547/1093 5/3549/1755 6/3550/1790
f 4/3551/436 6/3550/1790 5/3549/1755
f 5/3549/1755 21/3552/1513 4/3551/436
f 2205/3553/1371 2057/3554/1219 2088/3555/1368
f 2057/3554/1219 2101/3556/1211 2088/3555/1368
f 254/3557/1241 237/3558/1235 203/3559/2270
f 203/3559/2270 237/3558/1235 189/3560/2108
f 223/3561/1245 254/3557/1241 203/3559/2270
f 189/3560/2108 237/3558/1235 153/3562/2098
f 203/3559/2270 189/3560/2108 199/3563/2111
f 223/3561/1245 203/3559/2270 199/3563/2111
f 128/3564/1232 153/3562/2098 237/3558/1235
f 223/3561/1245 199/3563/2111 243/3565/2193
f 654/3566/1325 617/3567/2069 579/3568/1323
f 654/3566/1325 651/3569/2271 617/3567/2069
f 617/3567/2069 651/3569/2271 644/3570/1960
f 651/3569/2271 654/3566/1325 660/3571/1330
f 651/3569/2271 665/3572/1704 644/3570/1960
f 660/3571/1330 665/3572/1704 651/3569/2271
f 2332/3573/2272 2326/3574/388 2334/3575/2273
f 2292/3576/710 2326/3574/388 2332/3573/2272
f 2317/3577/2274 2273/3578/708 2292/3576/710
f 1293/3579/1883 1228/3580/2263 1211/3581/2275
f 1228/3580/2263 1141/3582/1663 1211/3581/2275
f 1293/3579/1883 1211/3581/2275 1292/3583/1881
f 1211/3581/2275 1141/3582/1663 1129/3584/1377
f 1129/3584/1377 1292/3583/1881 1211/3581/2275
f 409/3585/2276 327/3586/2277 362/3587/2278
f 409/3585/2276 314/3588/1575 327/3586/2277
f 327/3586/2277 234/3589/1570 362/3587/2278
f 409/3585/2276 362/3587/2278 364/3590/2279
f 314/3588/1575 272/3591/2280 327/3586/2277
f 409/3585/2276 348/3592/1585 314/3588/1575
f 327/3586/2277 272/3591/2280 234/3589/1570
f 362/3587/2278 234/3589/1570 335/3593/2281
f 364/3590/2279 362/3587/2278 335/3593/2281
f 409/3585/2276 364/3590/2279 380/3594/1598
f 314/3588/1575 234/3589/1570 272/3591/2280
f 409/3585/2276 383/3595/1591 348/3592/1585
f 234/3589/1570 267/3596/1572 335/3593/2281
f 364/3590/2279 335/3593/2281 336/3597/2248
f 380/3594/1598 383/3595/1591 409/3585/2276
f 380/3594/1598 364/3590/2279 336/3597/2248
f 267/3596/1572 209/3598/1581 335/3593/2281
f 336/3597/2248 335/3593/2281 268/3599/1593
f 268/3599/1593 335/3593/2281 209/3598/1581
f 1355/3600/540 1312/3601/536 1388/3602/542
f 647/3603/1154 640/3604/2227 588/3605/2282
f 483/3606/1956 588/3605/2282 640/3604/2227
f 647/3603/1154 588/3605/2282 624/3607/933
f 588/3605/2282 483/3606/1956 486/3608/934
f 624/3607/933 588/3605/2282 486/3608/934
f 558/3609/924 624/3607/933 486/3608/934
f 2018/3610/1206 2020/3611/1212 2039/3612/1367
f 2039/3612/1367 2101/3613/1211 2018/3610/1206
f 824/3614/15 753/3615/20 910/3616/17
f 243/3617/2193 185/3618/2194 190/3619/2283
f 185/3618/2194 165/3620/2195 190/3619/2283
f 223/3621/1245 243/3617/2193 190/3619/2283
f 190/3619/2283 165/3620/2195 166/3622/2112
f 223/3621/1245 190/3619/2283 246/3623/1250
f 247/3624/2284 190/3619/2283 166/3622/2112
f 246/3623/1250 190/3619/2283 247/3624/2284
f 241/3625/1077 247/3624/2284 166/3622/2112
f 246/3623/1250 247/3624/2284 300/3626/862
f 241/3625/1077 166/3622/2112 201/3627/1080
f 322/3628/857 247/3624/2284 241/3625/1077
f 322/3628/857 300/3626/862 247/3624/2284
f 2077/3629/1130 2007/3630/688 2096/3631/691
f 2176/3632/2285 2077/3629/1130 2096/3631/691
f 2161/3633/694 2176/3632/2285 2096/3631/691
f 2176/3632/2285 2123/3634/2286 2077/3629/1130
f 2213/3635/2287 2176/3632/2285 2161/3633/694
f 2123/3634/2286 2176/3632/2285 2213/3635/2287
f 2213/3635/2287 2161/3633/694 2195/3636/697
f 2213/3635/2287 2195/3636/697 2138/3637/2288
f 2196/3638/701 2138/3637/2288 2195/3636/697
f 2144/3639/2289 2086/3640/1350 2107/3641/2252
f 2184/3642/1348 2086/3640/1350 2144/3639/2289
f 2144/3639/2289 2107/3641/2252 2116/3643/1361
f 2184/3642/1348 2144/3639/2289 2116/3643/1361
f 2116/3643/1361 2107/3641/2252 2062/3644/2208
f 2062/3644/2208 2145/3645/1364 2116/3643/1361
f 1022/3646/567 969/3647/715 915/3648/2290
f 969/3647/715 887/3649/722 915/3648/2290
f 915/3648/2290 913/3650/568 1022/3646/567
f 915/3648/2290 887/3649/722 913/3650/568
f 79/3651/2001 56/3652/2291 67/3653/1996
f 123/3654/2002 56/3652/2291 79/3651/2001
f 111/3655/2022 67/3653/1996 56/3652/2291
f 123/3654/2002 111/3655/2022 56/3652/2291
f 87/3656/2025 67/3653/1996 111/3655/2022
f 123/3654/2002 98/3657/2004 111/3655/2022
f 438/3658/38 635/3659/44 675/3660/30
f 2220/3661/709 2236/3662/711 2099/3663/2292
f 2220/3661/709 2099/3663/2292 2197/3664/1915
f 2197/3664/1915 2099/3663/2292 2098/3665/1914
f 2012/3666/1908 2083/3667/1912 2099/3663/2292
f 2099/3663/2292 2083/3667/1912 2098/3665/1914
f 538/3668/801 596/3669/809 581/3670/820
f 1448/3671/776 1436/3672/773 1544/3673/775
f 1436/3674/773 1385/3675/756 1372/3676/752
f 2150/3677/2293 2152/3678/2294 2223/3679/2295
usemtl material0001
f 953/3680/16 870/3681/2296 859/3682/9
f 913/3683/568 870/3681/2296 953/3680/16
f 870/3681/2296 860/3684/2236 859/3682/9
f 913/3683/568 895/3685/2297 870/3681/2296
f 870/3681/2296 895/3685/2297 860/3684/2236
f 913/3683/568 887/3686/722 895/3685/2297
f 860/3684/2236 895/3685/2297 887/3686/722
f 86/3687/2261 104/3688/2257 96/3689/1943
f 99/3690/2058 86/3687/2261 96/3689/1943
f 99/3690/2058 96/3689/1943 114/3691/1945
f 99/3690/2058 114/3691/1945 115/3692/2298
f 132/3693/1799 99/3690/2058 115/3692/2298
f 134/3694/2299 115/3692/2298 114/3691/1945
f 115/3692/2298 121/3695/1795 132/3693/1799
f 134/3694/2299 114/3691/1945 133/3696/1947
f 121/3695/1795 115/3692/2298 134/3694/2299
f 134/3694/2299 133/3696/1947 135/3697/1952
f 121/3695/1795 134/3694/2299 159/3698/1793
f 135/3697/1952 159/3698/1793 134/3694/2299
f 716/3699/1702 660/3700/1330 770/3701/1614
f 735/3702/1166 770/3701/1614 660/3700/1330
f 770/3701/1614 735/3702/1166 833/3703/1168
f 2275/3704/707 2304/3705/705 2290/3706/387
f 2290/3706/387 2304/3705/705 2309/3707/374
f 2290/3706/387 2292/3708/710 2275/3704/707
f 2309/3707/374 2304/3705/705 2320/3709/702
f 2326/3710/388 2292/3708/710 2290/3706/387
f 2320/3709/702 2308/3711/357 2309/3707/374
f 2320/3709/702 2330/3712/373 2308/3711/357
f 2320/3709/702 2331/3713/2300 2330/3712/373
f 2331/3713/2300 2320/3709/702 2302/3714/696
f 2328/3715/689 2330/3712/373 2331/3713/2300
f 2331/3713/2300 2302/3714/696 2328/3715/689
f 1039/3716/2301 1129/3717/1377 1141/3718/1663
f 1039/3716/2301 1000/3719/2075 1129/3717/1377
f 1066/3720/1660 1039/3716/2301 1141/3718/1663
f 907/3721/1157 1000/3719/2075 1039/3716/2301
f 1066/3720/1660 907/3721/1157 1039/3716/2301
f 995/3722/1430 909/3723/1010 993/3724/1008
f 644/3725/1960 665/3726/1704 739/3727/1705
f 644/3725/1960 739/3727/1705 723/3728/1876
f 1137/3729/1393 1036/3730/2120 1076/3731/1165
f 986/3732/1163 1076/3731/1165 1036/3730/2120
f 1137/3729/1393 1076/3731/1165 1118/3733/1399
f 1036/3730/2120 998/3734/2121 986/3732/1163
f 998/3734/2121 950/3735/1161 986/3732/1163
f 174/3736/2302 208/3737/1791 148/3738/1840
f 279/3739/1798 208/3737/1791 174/3736/2302
f 148/3738/1840 208/3737/1791 159/3740/1793
f 174/3736/2302 148/3738/1840 177/3741/1838
f 279/3739/1798 174/3736/2302 233/3742/1811
f 148/3738/1840 159/3740/1793 130/3743/1957
f 159/3740/1793 135/3744/1952 130/3743/1957
f 162/3745/1958 148/3738/1840 130/3743/1957
f 711/3746/928 664/3747/919 762/3748/912
f 775/3749/74 752/3750/2303 848/3751/78
f 752/3750/2303 775/3749/74 751/3752/2304
f 775/3749/74 722/3753/1818 751/3752/2304
f 751/3752/2304 722/3753/1818 752/3750/2303
f 764/3754/1816 722/3753/1818 775/3749/74
f 722/3753/1818 734/3755/1817 752/3750/2303
f 775/3749/74 808/3756/73 764/3754/1816
f 750/3757/83 764/3754/1816 808/3756/73
f 764/3754/1816 750/3757/83 704/3758/1810
f 1845/3759/1979 1751/3760/1096 1753/3761/2144
f 1802/3762/2146 1845/3759/1979 1753/3761/2144
f 1802/3762/2146 1855/3763/1975 1845/3759/1979
f 1855/3763/1975 1802/3762/2146 1851/3764/1973
f 2269/3765/2305 2288/3766/363 2240/3767/351
f 2288/3766/363 2269/3765/2305 2319/3768/2306
f 2269/3765/2305 2240/3767/351 2260/3769/352
f 2300/3770/364 2319/3768/2306 2269/3765/2305
f 2329/3771/2307 2288/3766/363 2319/3768/2306
f 2300/3770/364 2269/3765/2305 2260/3769/352
f 2327/3772/368 2319/3768/2306 2300/3770/364
f 2329/3771/2307 2293/3773/366 2288/3766/363
f 2319/3768/2306 2327/3772/368 2329/3771/2307
f 2329/3771/2307 2315/3774/372 2293/3773/366
f 2327/3772/368 2312/3775/378 2329/3771/2307
f 2315/3774/372 2329/3771/2307 2312/3775/378
f 2138/3776/2288 2196/3777/701 2073/3778/1916
f 2138/3776/2288 2073/3778/1916 2123/3779/2286
f 2138/3776/2288 2123/3779/2286 2213/3780/2287
f 2123/3779/2286 2073/3778/1916 2110/3781/1127
f 305/3782/1698 239/3783/2185 264/3784/2308
f 239/3783/2185 91/3785/851 264/3784/2308
f 305/3782/1698 264/3784/2308 281/3786/1700
f 264/3784/2308 91/3785/851 240/3787/2010
f 240/3787/2010 281/3786/1700 264/3784/2308
f 281/3786/1700 240/3787/2010 404/3788/1701
f 1220/3789/1392 1289/3790/2156 1279/3791/1394
f 1356/3792/1396 1279/3791/1394 1289/3790/2156
f 1375/3793/1518 1356/3792/1396 1289/3790/2156
f 1277/3794/1527 1375/3793/1518 1289/3790/2156
f 1359/3795/1521 1375/3793/1518 1277/3794/1527
f 1891/3796/2079 1825/3797/2081 1902/3798/1217
f 1891/3796/2079 1902/3798/1217 1903/3799/651
f 1903/3799/651 1907/3800/2309 1891/3796/2079
f 1903/3799/651 1940/3801/641 1907/3800/2309
f 1907/3800/2309 1876/3802/1978 1891/3796/2079
f 1935/3803/1976 1907/3800/2309 1940/3801/641
f 1876/3802/1978 1907/3800/2309 1935/3803/1976
f 1277/3804/1527 1290/3805/745 1331/3806/753
f 780/3807/464 695/3808/1628 723/3809/1876
f 214/3810/780 129/3811/805 244/3812/785
f 85/3813/2152 144/3814/2310 80/3815/2153
f 144/3814/2310 85/3813/2152 172/3816/1537
f 144/3814/2310 127/3817/1550 80/3815/2153
f 144/3814/2310 172/3816/1537 184/3818/1540
f 144/3814/2310 197/3819/1546 127/3817/1550
f 184/3818/1540 197/3819/1546 144/3814/2310
f 1371/3820/1174 1159/3821/1173 1274/3822/1426
f 1371/3820/1174 1274/3822/1426 1399/3823/1178
f 90/3824/2259 113/3825/2060 97/3826/2311
f 146/3827/1568 97/3826/2311 113/3825/2060
f 81/3828/1574 90/3824/2259 97/3826/2311
f 146/3827/1568 131/3829/1567 97/3826/2311
f 97/3826/2311 131/3829/1567 81/3828/1574
f 589/3830/1900 494/3831/1802 704/3832/1810
f 1897/3833/1125 1898/3834/2312 1815/3835/2313
f 1933/3836/1122 1898/3834/2312 1897/3833/1125
f 1815/3835/2313 1898/3834/2312 1767/3837/1782
f 1814/3838/1123 1897/3833/1125 1815/3835/2313
f 1898/3834/2312 1933/3836/1122 1767/3837/1782
f 1767/3837/1782 1814/3838/1123 1815/3835/2313
f 197/3839/1546 184/3840/1540 282/3841/1541
f 282/3841/1541 184/3840/1540 363/3842/1536
f 221/3843/2122 406/3844/1627 349/3845/1629
f 221/3843/2122 349/3845/1629 167/3846/1186
f 256/3847/1757 167/3846/1186 349/3845/1629
f 536/3848/1248 444/3849/1251 468/3850/2225
f 468/3850/2225 444/3849/1251 412/3851/2221
f 468/3850/2225 556/3852/1244 536/3848/1248
f 468/3850/2225 412/3851/2221 436/3853/2223
f 1771/3854/1993 1772/3855/2314 1701/3856/602
f 1803/3857/1990 1772/3855/2314 1771/3854/1993
f 1844/3858/768 1701/3856/602 1772/3855/2314
f 1860/3859/1989 1772/3855/2314 1803/3857/1990
f 1844/3858/768 1772/3855/2314 1860/3859/1989
f 1996/3860/2209 1973/3861/2176 1970/3862/1800
f 2002/3863/1734 1996/3860/2209 1970/3862/1800
f 465/3864/1982 337/3865/1980 292/3866/1951
f 465/3864/1982 292/3866/1951 504/3867/2315
f 519/3868/2204 504/3867/2315 292/3866/1951
f 545/3869/1985 465/3864/1982 504/3867/2315
f 519/3868/2204 292/3866/1951 483/3870/1956
f 519/3868/2204 545/3869/1985 504/3867/2315
f 170/3871/1083 152/3872/1078 107/3873/1084
f 698/3874/1328 737/3875/1339 850/3876/2014
f 50/3877/1005 46/3878/1006 45/3879/1997
f 2022/3880/634 2113/3881/626 2127/3882/2316
f 2154/3883/623 2127/3882/2316 2113/3881/626
f 2127/3882/2316 2153/3884/622 2022/3880/634
f 2153/3884/622 2127/3882/2316 2154/3883/623
f 1041/3885/727 1116/3886/729 1063/3887/1067
f 1063/3887/1067 1116/3886/729 1052/3888/1151
f 1841/3889/296 1938/3890/304 2015/3891/337
f 1981/3892/326 1841/3889/296 2015/3891/337
f 1542/3893/2172 1518/3894/2167 1599/3895/762
f 1599/3895/762 1518/3894/2167 1515/3896/755
f 1544/3897/775 1542/3893/2172 1599/3895/762
f 1915/3898/2052 1914/3899/1129 1953/3900/1909
f 1915/3898/2052 1842/3901/1131 1914/3899/1129
f 1791/3902/2054 1842/3901/1131 1915/3898/2052
f 143/3903/1228 142/3904/1226 71/3905/2094
f 672/3906/1607 540/3907/1237 726/3908/1610
f 600/3909/1240 540/3907/1237 672/3906/1607
f 64/3910/2023 66/3911/2260 89/3912/2317
f 90/3913/2259 89/3912/2317 66/3911/2260
f 89/3912/2317 88/3914/2026 64/3910/2023
f 81/3915/1574 89/3912/2317 90/3913/2259
f 82/3916/1578 88/3914/2026 89/3912/2317
f 82/3916/1578 89/3912/2317 81/3915/1574
f 288/3917/803 304/3918/2217 310/3919/2318
f 304/3918/2217 288/3917/803 227/3920/790
f 310/3919/2318 291/3921/2319 288/3917/803
f 291/3921/2319 310/3919/2318 342/3922/2320
f 288/3917/803 291/3921/2319 375/3923/1875
f 1764/3924/881 1630/3925/879 1706/3926/880
f 2155/3927/1353 2204/3928/1356 2189/3929/1363
f 410/3930/1595 380/3931/1598 496/3932/2241
f 1131/3933/49 1113/3934/54 1094/3935/63
f 740/3936/1477 756/3937/1667 778/3938/1475
f 756/3937/1667 740/3936/1477 757/3939/1481
f 1461/3940/1420 1473/3941/1421 1395/3942/1506
f 1473/3941/1421 1461/3940/1420 1503/3943/1418
f 1461/3940/1420 1395/3942/1506 1446/3944/2321
f 1461/3940/1420 1446/3944/2321 1526/3945/1833
f 1472/3946/1829 1446/3944/2321 1395/3942/1506
f 1472/3946/1829 1526/3945/1833 1446/3944/2321
f 43/3947/1086 41/3948/2099 27/3949/1095
f 27/3949/1095 28/3950/1092 43/3947/1086
f 310/3951/2318 304/3952/2217 341/3953/2218
f 341/3953/2218 342/3954/2320 310/3951/2318
f 342/3954/2320 341/3953/2218 323/3955/2322
f 323/3955/2322 341/3953/2218 391/3956/1872
f 515/3957/1683 575/3958/843 442/3959/1688
f 1686/3960/1970 1628/3961/890 1687/3962/894
f 1686/3960/1970 1687/3962/894 1745/3963/1972
f 1778/3964/898 1745/3963/1972 1687/3962/894
f 414/3965/859 413/3966/1236 371/3967/1243
f 305/3968/1698 278/3969/1699 239/3970/2185
f 777/3971/516 802/3972/1608 726/3973/1610
f 1609/3974/1105 1558/3975/1106 1656/3976/1763
f 1073/3977/714 1054/3978/712 1149/3979/1484
f 1352/3980/243 1337/3981/218 1360/3982/222
f 1643/3983/270 1626/3984/271 1555/3985/248
f 2202/3986/1729 2111/3987/1727 2149/3988/1728
f 53/3989/2101 33/3990/2095 76/3991/2100
f 1138/3992/203 1104/3993/242 1062/3994/230
f 963/3995/2076 943/3996/1158 950/3997/1161
f 2251/3998/2323 2185/3999/2324 2181/4000/2325
f 2173/4001/2326 2181/4000/2325 2185/3999/2324
f 2148/4002/2327 2181/4000/2325 2173/4001/2326
f 2251/4003/2323 2181/4004/2325 2183/4005/2328
f 2183/4005/2328 2181/4004/2325 2148/4006/2327
f 2251/4003/2323 2183/4005/2328 2223/4007/2295
f 2183/4005/2328 2148/4006/2327 2150/4008/2293
f 2223/4007/2295 2183/4005/2328 2150/4008/2293
f 2173/4009/2326 2150/4010/2293 2148/4011/2327
f 2152/4012/2294 2150/4010/2293 2173/4009/2326
f 2223/4013/2295 2152/4012/2294 2173/4009/2326
f 2251/4014/2323 2223/4013/2295 2173/4009/2326
f 2185/4015/2324 2251/4014/2323 2173/4009/2326
f 86/4016/2261 113/4017/2060 90/4018/2259
f 113/4017/2060 86/4016/2261 99/4019/2058
f 2062/4020/2208 2107/4021/2252 2038/4022/896
f 35/4023/421 48/4024/429 36/4025/426
f 2123/4026/2286 2110/4027/1127 2077/4028/1130
f 148/4029/1840 162/4030/1958 147/4031/1839
f 391/4032/1872 360/4033/2329 323/4034/2322
f 360/4033/2329 391/4032/1872 398/4035/1873
f 360/4033/2329 342/4036/2320 323/4034/2322
f 398/4035/1873 375/4037/1875 360/4033/2329
f 650/4038/1772 628/4039/1906 607/4040/1905
f 360/4041/2329 291/4042/2319 342/4043/2320
f 360/4041/2329 375/4044/1875 291/4042/2319
f 316/4045/2330 376/4046/2331 315/4047/2332
f 376/4046/2331 316/4045/2330 344/4048/2333
f 315/4049/2332 344/4050/2333 316/4051/2330
f 344/4050/2333 315/4049/2332 376/4052/2331
